2025-02-21 18:15:38,902 [Worker-2: Loading available Gradle versions] INFO  o.e.b.c.i.u.g.PublishedGradleVersions - Gradle version information cache is out-of-date. Trying to update.
2025-02-21 18:15:40,214 [Worker-2: Loading available Gradle versions] ERROR o.e.b.c.i.u.g.PublishedGradleVersions - Cannot write Gradle version information cache file.
java.io.FileNotFoundException: C:\Users\user\.cache\tooling\gradle\versions.json (Acceso denegado)
	at java.base/java.io.FileOutputStream.open0(Native Method)
	at java.base/java.io.FileOutputStream.open(FileOutputStream.java:289)
	at java.base/java.io.FileOutputStream.<init>(FileOutputStream.java:230)
	at com.google.common.io.Files$FileByteSink.openStream(Files.java:197)
	at com.google.common.io.Files$FileByteSink.openStream(Files.java:185)
	at com.google.common.io.ByteSink$AsCharSink.openStream(ByteSink.java:152)
	at com.google.common.io.CharSource$StringCharSource.copyTo(CharSource.java:662)
	at org.eclipse.buildship.core.internal.util.gradle.PublishedGradleVersions.storeCacheVersionsFile(PublishedGradleVersions.java:184)
	at org.eclipse.buildship.core.internal.util.gradle.PublishedGradleVersions.tryToDownloadAndCacheVersions(PublishedGradleVersions.java:150)
	at org.eclipse.buildship.core.internal.util.gradle.PublishedGradleVersions.tryToUpdateOutdatedVersionsFile(PublishedGradleVersions.java:133)
	at org.eclipse.buildship.core.internal.util.gradle.PublishedGradleVersions.create(PublishedGradleVersions.java:117)
	at org.eclipse.buildship.core.internal.util.gradle.PublishedGradleVersionsWrapper$LoadVersionsJob.run(PublishedGradleVersionsWrapper.java:73)
	at org.eclipse.core.internal.jobs.Worker.run(Worker.java:63)
2025-02-21 18:17:45,754 [Worker-10: Import Getting Started Content] INFO  o.e.m.c.i.e.AbstractTransferListenerAdapter - Downloading https://repo.maven.apache.org/maven2/org/springframework/boot/spring-boot-starter-parent/3.4.3/spring-boot-starter-parent-3.4.3.pom
2025-02-21 18:17:45,772 [Worker-10: Import Getting Started Content] INFO  o.e.m.c.i.e.AbstractTransferListenerAdapter - Downloaded https://repo.maven.apache.org/maven2/org/springframework/boot/spring-boot-starter-parent/3.4.3/spring-boot-starter-parent-3.4.3.pom
2025-02-21 18:17:45,815 [Worker-10: Import Getting Started Content] INFO  o.e.m.c.i.e.AbstractTransferListenerAdapter - Downloading https://repo.maven.apache.org/maven2/org/springframework/boot/spring-boot-dependencies/3.4.3/spring-boot-dependencies-3.4.3.pom
2025-02-21 18:17:45,859 [Worker-10: Import Getting Started Content] INFO  o.e.m.c.i.e.AbstractTransferListenerAdapter - Downloaded https://repo.maven.apache.org/maven2/org/springframework/boot/spring-boot-dependencies/3.4.3/spring-boot-dependencies-3.4.3.pom
2025-02-21 18:17:46,060 [Worker-10: Import Getting Started Content] INFO  o.e.m.c.i.e.AbstractTransferListenerAdapter - Downloading https://repo.maven.apache.org/maven2/org/apache/groovy/groovy-bom/4.0.25/groovy-bom-4.0.25.pom
2025-02-21 18:17:46,067 [Worker-10: Import Getting Started Content] INFO  o.e.m.c.i.e.AbstractTransferListenerAdapter - Downloaded https://repo.maven.apache.org/maven2/org/apache/groovy/groovy-bom/4.0.25/groovy-bom-4.0.25.pom
2025-02-21 18:17:46,107 [Worker-10: Import Getting Started Content] INFO  o.e.m.c.i.e.AbstractTransferListenerAdapter - Downloading https://repo.maven.apache.org/maven2/org/infinispan/infinispan-bom/15.0.13.Final/infinispan-bom-15.0.13.Final.pom
2025-02-21 18:17:46,111 [Worker-10: Import Getting Started Content] INFO  o.e.m.c.i.e.AbstractTransferListenerAdapter - Downloaded https://repo.maven.apache.org/maven2/org/infinispan/infinispan-bom/15.0.13.Final/infinispan-bom-15.0.13.Final.pom
2025-02-21 18:17:46,147 [Worker-10: Import Getting Started Content] INFO  o.e.m.c.i.e.AbstractTransferListenerAdapter - Downloading https://repo.maven.apache.org/maven2/org/infinispan/infinispan-build-configuration-parent/15.0.13.Final/infinispan-build-configuration-parent-15.0.13.Final.pom
2025-02-21 18:17:46,151 [Worker-10: Import Getting Started Content] INFO  o.e.m.c.i.e.AbstractTransferListenerAdapter - Downloaded https://repo.maven.apache.org/maven2/org/infinispan/infinispan-build-configuration-parent/15.0.13.Final/infinispan-build-configuration-parent-15.0.13.Final.pom
2025-02-21 18:17:46,316 [Worker-10: Import Getting Started Content] INFO  o.e.m.c.i.e.AbstractTransferListenerAdapter - Downloading https://repo.maven.apache.org/maven2/io/micrometer/micrometer-bom/1.14.4/micrometer-bom-1.14.4.pom
2025-02-21 18:17:46,319 [Worker-10: Import Getting Started Content] INFO  o.e.m.c.i.e.AbstractTransferListenerAdapter - Downloaded https://repo.maven.apache.org/maven2/io/micrometer/micrometer-bom/1.14.4/micrometer-bom-1.14.4.pom
2025-02-21 18:17:46,354 [Worker-10: Import Getting Started Content] INFO  o.e.m.c.i.e.AbstractTransferListenerAdapter - Downloading https://repo.maven.apache.org/maven2/io/micrometer/micrometer-tracing-bom/1.4.3/micrometer-tracing-bom-1.4.3.pom
2025-02-21 18:17:46,357 [Worker-10: Import Getting Started Content] INFO  o.e.m.c.i.e.AbstractTransferListenerAdapter - Downloaded https://repo.maven.apache.org/maven2/io/micrometer/micrometer-tracing-bom/1.4.3/micrometer-tracing-bom-1.4.3.pom
2025-02-21 18:17:46,399 [Worker-10: Import Getting Started Content] INFO  o.e.m.c.i.e.AbstractTransferListenerAdapter - Downloading https://repo.maven.apache.org/maven2/io/netty/netty-bom/4.1.118.Final/netty-bom-4.1.118.Final.pom
2025-02-21 18:17:46,404 [Worker-10: Import Getting Started Content] INFO  o.e.m.c.i.e.AbstractTransferListenerAdapter - Downloaded https://repo.maven.apache.org/maven2/io/netty/netty-bom/4.1.118.Final/netty-bom-4.1.118.Final.pom
2025-02-21 18:17:46,454 [Worker-10: Import Getting Started Content] INFO  o.e.m.c.i.e.AbstractTransferListenerAdapter - Downloading https://repo.maven.apache.org/maven2/io/prometheus/prometheus-metrics-bom/1.3.6/prometheus-metrics-bom-1.3.6.pom
2025-02-21 18:17:46,457 [Worker-10: Import Getting Started Content] INFO  o.e.m.c.i.e.AbstractTransferListenerAdapter - Downloaded https://repo.maven.apache.org/maven2/io/prometheus/prometheus-metrics-bom/1.3.6/prometheus-metrics-bom-1.3.6.pom
2025-02-21 18:17:46,491 [Worker-10: Import Getting Started Content] INFO  o.e.m.c.i.e.AbstractTransferListenerAdapter - Downloading https://repo.maven.apache.org/maven2/io/prometheus/client_java/1.3.6/client_java-1.3.6.pom
2025-02-21 18:17:46,494 [Worker-10: Import Getting Started Content] INFO  o.e.m.c.i.e.AbstractTransferListenerAdapter - Downloaded https://repo.maven.apache.org/maven2/io/prometheus/client_java/1.3.6/client_java-1.3.6.pom
2025-02-21 18:17:46,574 [Worker-10: Import Getting Started Content] INFO  o.e.m.c.i.e.AbstractTransferListenerAdapter - Downloading https://repo.maven.apache.org/maven2/io/projectreactor/reactor-bom/2024.0.3/reactor-bom-2024.0.3.pom
2025-02-21 18:17:46,578 [Worker-10: Import Getting Started Content] INFO  o.e.m.c.i.e.AbstractTransferListenerAdapter - Downloaded https://repo.maven.apache.org/maven2/io/projectreactor/reactor-bom/2024.0.3/reactor-bom-2024.0.3.pom
2025-02-21 18:17:46,614 [Worker-10: Import Getting Started Content] INFO  o.e.m.c.i.e.AbstractTransferListenerAdapter - Downloading https://repo.maven.apache.org/maven2/io/rest-assured/rest-assured-bom/5.5.1/rest-assured-bom-5.5.1.pom
2025-02-21 18:17:46,616 [Worker-10: Import Getting Started Content] INFO  o.e.m.c.i.e.AbstractTransferListenerAdapter - Downloaded https://repo.maven.apache.org/maven2/io/rest-assured/rest-assured-bom/5.5.1/rest-assured-bom-5.5.1.pom
2025-02-21 18:17:46,650 [Worker-10: Import Getting Started Content] INFO  o.e.m.c.i.e.AbstractTransferListenerAdapter - Downloading https://repo.maven.apache.org/maven2/io/rsocket/rsocket-bom/1.1.5/rsocket-bom-1.1.5.pom
2025-02-21 18:17:46,654 [Worker-10: Import Getting Started Content] INFO  o.e.m.c.i.e.AbstractTransferListenerAdapter - Downloaded https://repo.maven.apache.org/maven2/io/rsocket/rsocket-bom/1.1.5/rsocket-bom-1.1.5.pom
2025-02-21 18:17:46,698 [Worker-10: Import Getting Started Content] INFO  o.e.m.c.i.e.AbstractTransferListenerAdapter - Downloading https://repo.maven.apache.org/maven2/org/springframework/amqp/spring-amqp-bom/3.2.3/spring-amqp-bom-3.2.3.pom
2025-02-21 18:17:46,703 [Worker-10: Import Getting Started Content] INFO  o.e.m.c.i.e.AbstractTransferListenerAdapter - Downloaded https://repo.maven.apache.org/maven2/org/springframework/amqp/spring-amqp-bom/3.2.3/spring-amqp-bom-3.2.3.pom
2025-02-21 18:17:46,750 [Worker-10: Import Getting Started Content] INFO  o.e.m.c.i.e.AbstractTransferListenerAdapter - Downloading https://repo.maven.apache.org/maven2/org/springframework/data/spring-data-bom/2024.1.3/spring-data-bom-2024.1.3.pom
2025-02-21 18:17:46,753 [Worker-10: Import Getting Started Content] INFO  o.e.m.c.i.e.AbstractTransferListenerAdapter - Downloaded https://repo.maven.apache.org/maven2/org/springframework/data/spring-data-bom/2024.1.3/spring-data-bom-2024.1.3.pom
2025-02-21 18:17:46,788 [Worker-10: Import Getting Started Content] INFO  o.e.m.c.i.e.AbstractTransferListenerAdapter - Downloading https://repo.maven.apache.org/maven2/org/springframework/spring-framework-bom/6.2.3/spring-framework-bom-6.2.3.pom
2025-02-21 18:17:46,791 [Worker-10: Import Getting Started Content] INFO  o.e.m.c.i.e.AbstractTransferListenerAdapter - Downloaded https://repo.maven.apache.org/maven2/org/springframework/spring-framework-bom/6.2.3/spring-framework-bom-6.2.3.pom
2025-02-21 18:17:46,826 [Worker-10: Import Getting Started Content] INFO  o.e.m.c.i.e.AbstractTransferListenerAdapter - Downloading https://repo.maven.apache.org/maven2/org/springframework/integration/spring-integration-bom/6.4.2/spring-integration-bom-6.4.2.pom
2025-02-21 18:17:46,828 [Worker-10: Import Getting Started Content] INFO  o.e.m.c.i.e.AbstractTransferListenerAdapter - Downloaded https://repo.maven.apache.org/maven2/org/springframework/integration/spring-integration-bom/6.4.2/spring-integration-bom-6.4.2.pom
2025-02-21 18:17:46,864 [Worker-10: Import Getting Started Content] INFO  o.e.m.c.i.e.AbstractTransferListenerAdapter - Downloading https://repo.maven.apache.org/maven2/org/springframework/pulsar/spring-pulsar-bom/1.2.3/spring-pulsar-bom-1.2.3.pom
2025-02-21 18:17:46,866 [Worker-10: Import Getting Started Content] INFO  o.e.m.c.i.e.AbstractTransferListenerAdapter - Downloaded https://repo.maven.apache.org/maven2/org/springframework/pulsar/spring-pulsar-bom/1.2.3/spring-pulsar-bom-1.2.3.pom
2025-02-21 18:17:46,908 [Worker-10: Import Getting Started Content] INFO  o.e.m.c.i.e.AbstractTransferListenerAdapter - Downloading https://repo.maven.apache.org/maven2/org/springframework/security/spring-security-bom/6.4.3/spring-security-bom-6.4.3.pom
2025-02-21 18:17:46,910 [Worker-10: Import Getting Started Content] INFO  o.e.m.c.i.e.AbstractTransferListenerAdapter - Downloaded https://repo.maven.apache.org/maven2/org/springframework/security/spring-security-bom/6.4.3/spring-security-bom-6.4.3.pom
2025-02-21 18:17:46,945 [Worker-10: Import Getting Started Content] INFO  o.e.m.c.i.e.AbstractTransferListenerAdapter - Downloading https://repo.maven.apache.org/maven2/org/springframework/session/spring-session-bom/3.4.2/spring-session-bom-3.4.2.pom
2025-02-21 18:17:46,949 [Worker-10: Import Getting Started Content] INFO  o.e.m.c.i.e.AbstractTransferListenerAdapter - Downloaded https://repo.maven.apache.org/maven2/org/springframework/session/spring-session-bom/3.4.2/spring-session-bom-3.4.2.pom
2025-02-21 18:17:46,993 [Worker-10: Import Getting Started Content] INFO  o.e.m.c.i.e.AbstractTransferListenerAdapter - Downloading https://repo.maven.apache.org/maven2/org/testcontainers/testcontainers-bom/1.20.5/testcontainers-bom-1.20.5.pom
2025-02-21 18:17:46,996 [Worker-10: Import Getting Started Content] INFO  o.e.m.c.i.e.AbstractTransferListenerAdapter - Downloaded https://repo.maven.apache.org/maven2/org/testcontainers/testcontainers-bom/1.20.5/testcontainers-bom-1.20.5.pom
2025-02-21 18:17:47,400 [Worker-10: Import Getting Started Content] INFO  o.e.m.c.i.e.AbstractTransferListenerAdapter - Downloading https://repo.maven.apache.org/maven2/org/springframework/boot/spring-boot-maven-plugin/3.4.3/spring-boot-maven-plugin-3.4.3.pom
2025-02-21 18:17:47,404 [Worker-10: Import Getting Started Content] INFO  o.e.m.c.i.e.AbstractTransferListenerAdapter - Downloaded https://repo.maven.apache.org/maven2/org/springframework/boot/spring-boot-maven-plugin/3.4.3/spring-boot-maven-plugin-3.4.3.pom
2025-02-21 18:17:47,443 [Worker-10: Import Getting Started Content] INFO  o.e.m.c.i.e.AbstractTransferListenerAdapter - Downloading https://repo.maven.apache.org/maven2/org/springframework/boot/spring-boot-maven-plugin/3.4.3/spring-boot-maven-plugin-3.4.3.jar
2025-02-21 18:17:47,473 [Worker-10: Import Getting Started Content] INFO  o.e.m.c.i.e.AbstractTransferListenerAdapter - Downloaded https://repo.maven.apache.org/maven2/org/springframework/boot/spring-boot-maven-plugin/3.4.3/spring-boot-maven-plugin-3.4.3.jar
2025-02-21 18:17:47,535 [Worker-10: Import Getting Started Content] INFO  o.e.m.c.i.e.AbstractTransferListenerAdapter - Downloading https://repo.maven.apache.org/maven2/org/apache/maven/plugins/maven-clean-plugin/3.4.1/maven-clean-plugin-3.4.1.jar
2025-02-21 18:17:47,542 [Worker-10: Import Getting Started Content] INFO  o.e.m.c.i.e.AbstractTransferListenerAdapter - Downloaded https://repo.maven.apache.org/maven2/org/apache/maven/plugins/maven-clean-plugin/3.4.1/maven-clean-plugin-3.4.1.jar
2025-02-21 18:17:47,733 [Worker-10: Import Getting Started Content] INFO  o.e.m.c.i.e.AbstractTransferListenerAdapter - Downloading https://repo.maven.apache.org/maven2/org/apache/maven/plugins/maven-war-plugin/3.4.0/maven-war-plugin-3.4.0.jar
2025-02-21 18:17:47,742 [Worker-10: Import Getting Started Content] INFO  o.e.m.c.i.e.AbstractTransferListenerAdapter - Downloaded https://repo.maven.apache.org/maven2/org/apache/maven/plugins/maven-war-plugin/3.4.0/maven-war-plugin-3.4.0.jar
2025-02-21 18:17:49,911 [Worker-10: Import Getting Started Content] INFO  o.e.m.c.i.l.LifecycleMappingFactory - Using org.maven.ide.eclipse.wtp.WarLifecycleMapping lifecycle mapping for MavenProject: py.edu.com.facitec:bombero:0.0.1-SNAPSHOT @ C:\src\ProyectoBomber\JavaWorskpace\bombero\pom.xml.
2025-02-21 18:17:49,952 [Worker-10: Import Getting Started Content] INFO  o.e.m.c.i.e.AbstractTransferListenerAdapter - Downloading https://repo.maven.apache.org/maven2/org/springframework/boot/spring-boot-starter-data-jpa/3.4.3/spring-boot-starter-data-jpa-3.4.3.pom
2025-02-21 18:17:49,955 [Worker-10: Import Getting Started Content] INFO  o.e.m.c.i.e.AbstractTransferListenerAdapter - Downloaded https://repo.maven.apache.org/maven2/org/springframework/boot/spring-boot-starter-data-jpa/3.4.3/spring-boot-starter-data-jpa-3.4.3.pom
2025-02-21 18:17:49,989 [Worker-10: Import Getting Started Content] INFO  o.e.m.c.i.e.AbstractTransferListenerAdapter - Downloading https://repo.maven.apache.org/maven2/org/springframework/boot/spring-boot-starter/3.4.3/spring-boot-starter-3.4.3.pom
2025-02-21 18:17:49,992 [Worker-10: Import Getting Started Content] INFO  o.e.m.c.i.e.AbstractTransferListenerAdapter - Downloaded https://repo.maven.apache.org/maven2/org/springframework/boot/spring-boot-starter/3.4.3/spring-boot-starter-3.4.3.pom
2025-02-21 18:17:50,026 [Worker-10: Import Getting Started Content] INFO  o.e.m.c.i.e.AbstractTransferListenerAdapter - Downloading https://repo.maven.apache.org/maven2/org/springframework/boot/spring-boot/3.4.3/spring-boot-3.4.3.pom
2025-02-21 18:17:50,029 [Worker-10: Import Getting Started Content] INFO  o.e.m.c.i.e.AbstractTransferListenerAdapter - Downloaded https://repo.maven.apache.org/maven2/org/springframework/boot/spring-boot/3.4.3/spring-boot-3.4.3.pom
2025-02-21 18:17:50,063 [Worker-10: Import Getting Started Content] INFO  o.e.m.c.i.e.AbstractTransferListenerAdapter - Downloading https://repo.maven.apache.org/maven2/org/springframework/spring-core/6.2.3/spring-core-6.2.3.pom
2025-02-21 18:17:50,066 [Worker-10: Import Getting Started Content] INFO  o.e.m.c.i.e.AbstractTransferListenerAdapter - Downloaded https://repo.maven.apache.org/maven2/org/springframework/spring-core/6.2.3/spring-core-6.2.3.pom
2025-02-21 18:17:50,099 [Worker-10: Import Getting Started Content] INFO  o.e.m.c.i.e.AbstractTransferListenerAdapter - Downloading https://repo.maven.apache.org/maven2/org/springframework/spring-jcl/6.2.3/spring-jcl-6.2.3.pom
2025-02-21 18:17:50,103 [Worker-10: Import Getting Started Content] INFO  o.e.m.c.i.e.AbstractTransferListenerAdapter - Downloaded https://repo.maven.apache.org/maven2/org/springframework/spring-jcl/6.2.3/spring-jcl-6.2.3.pom
2025-02-21 18:17:50,137 [Worker-10: Import Getting Started Content] INFO  o.e.m.c.i.e.AbstractTransferListenerAdapter - Downloading https://repo.maven.apache.org/maven2/org/springframework/spring-context/6.2.3/spring-context-6.2.3.pom
2025-02-21 18:17:50,140 [Worker-10: Import Getting Started Content] INFO  o.e.m.c.i.e.AbstractTransferListenerAdapter - Downloaded https://repo.maven.apache.org/maven2/org/springframework/spring-context/6.2.3/spring-context-6.2.3.pom
2025-02-21 18:17:50,174 [Worker-10: Import Getting Started Content] INFO  o.e.m.c.i.e.AbstractTransferListenerAdapter - Downloading https://repo.maven.apache.org/maven2/org/springframework/spring-aop/6.2.3/spring-aop-6.2.3.pom
2025-02-21 18:17:50,177 [Worker-10: Import Getting Started Content] INFO  o.e.m.c.i.e.AbstractTransferListenerAdapter - Downloaded https://repo.maven.apache.org/maven2/org/springframework/spring-aop/6.2.3/spring-aop-6.2.3.pom
2025-02-21 18:17:50,210 [Worker-10: Import Getting Started Content] INFO  o.e.m.c.i.e.AbstractTransferListenerAdapter - Downloading https://repo.maven.apache.org/maven2/org/springframework/spring-beans/6.2.3/spring-beans-6.2.3.pom
2025-02-21 18:17:50,212 [Worker-10: Import Getting Started Content] INFO  o.e.m.c.i.e.AbstractTransferListenerAdapter - Downloaded https://repo.maven.apache.org/maven2/org/springframework/spring-beans/6.2.3/spring-beans-6.2.3.pom
2025-02-21 18:17:50,247 [Worker-10: Import Getting Started Content] INFO  o.e.m.c.i.e.AbstractTransferListenerAdapter - Downloading https://repo.maven.apache.org/maven2/org/springframework/spring-expression/6.2.3/spring-expression-6.2.3.pom
2025-02-21 18:17:50,250 [Worker-10: Import Getting Started Content] INFO  o.e.m.c.i.e.AbstractTransferListenerAdapter - Downloaded https://repo.maven.apache.org/maven2/org/springframework/spring-expression/6.2.3/spring-expression-6.2.3.pom
2025-02-21 18:17:50,325 [Worker-10: Import Getting Started Content] INFO  o.e.m.c.i.e.AbstractTransferListenerAdapter - Downloading https://repo.maven.apache.org/maven2/io/micrometer/micrometer-observation/1.14.4/micrometer-observation-1.14.4.pom
2025-02-21 18:17:50,330 [Worker-10: Import Getting Started Content] INFO  o.e.m.c.i.e.AbstractTransferListenerAdapter - Downloaded https://repo.maven.apache.org/maven2/io/micrometer/micrometer-observation/1.14.4/micrometer-observation-1.14.4.pom
2025-02-21 18:17:50,366 [Worker-10: Import Getting Started Content] INFO  o.e.m.c.i.e.AbstractTransferListenerAdapter - Downloading https://repo.maven.apache.org/maven2/io/micrometer/micrometer-commons/1.14.4/micrometer-commons-1.14.4.pom
2025-02-21 18:17:50,369 [Worker-10: Import Getting Started Content] INFO  o.e.m.c.i.e.AbstractTransferListenerAdapter - Downloaded https://repo.maven.apache.org/maven2/io/micrometer/micrometer-commons/1.14.4/micrometer-commons-1.14.4.pom
2025-02-21 18:17:50,404 [Worker-10: Import Getting Started Content] INFO  o.e.m.c.i.e.AbstractTransferListenerAdapter - Downloading https://repo.maven.apache.org/maven2/org/springframework/boot/spring-boot-autoconfigure/3.4.3/spring-boot-autoconfigure-3.4.3.pom
2025-02-21 18:17:50,407 [Worker-10: Import Getting Started Content] INFO  o.e.m.c.i.e.AbstractTransferListenerAdapter - Downloaded https://repo.maven.apache.org/maven2/org/springframework/boot/spring-boot-autoconfigure/3.4.3/spring-boot-autoconfigure-3.4.3.pom
2025-02-21 18:17:50,442 [Worker-10: Import Getting Started Content] INFO  o.e.m.c.i.e.AbstractTransferListenerAdapter - Downloading https://repo.maven.apache.org/maven2/org/springframework/boot/spring-boot-starter-logging/3.4.3/spring-boot-starter-logging-3.4.3.pom
2025-02-21 18:17:50,445 [Worker-10: Import Getting Started Content] INFO  o.e.m.c.i.e.AbstractTransferListenerAdapter - Downloaded https://repo.maven.apache.org/maven2/org/springframework/boot/spring-boot-starter-logging/3.4.3/spring-boot-starter-logging-3.4.3.pom
2025-02-21 18:17:50,658 [Worker-10: Import Getting Started Content] INFO  o.e.m.c.i.e.AbstractTransferListenerAdapter - Downloading https://repo.maven.apache.org/maven2/org/springframework/boot/spring-boot-starter-jdbc/3.4.3/spring-boot-starter-jdbc-3.4.3.pom
2025-02-21 18:17:50,661 [Worker-10: Import Getting Started Content] INFO  o.e.m.c.i.e.AbstractTransferListenerAdapter - Downloaded https://repo.maven.apache.org/maven2/org/springframework/boot/spring-boot-starter-jdbc/3.4.3/spring-boot-starter-jdbc-3.4.3.pom
2025-02-21 18:17:50,700 [Worker-10: Import Getting Started Content] INFO  o.e.m.c.i.e.AbstractTransferListenerAdapter - Downloading https://repo.maven.apache.org/maven2/org/springframework/spring-jdbc/6.2.3/spring-jdbc-6.2.3.pom
2025-02-21 18:17:50,703 [Worker-10: Import Getting Started Content] INFO  o.e.m.c.i.e.AbstractTransferListenerAdapter - Downloaded https://repo.maven.apache.org/maven2/org/springframework/spring-jdbc/6.2.3/spring-jdbc-6.2.3.pom
2025-02-21 18:17:50,738 [Worker-10: Import Getting Started Content] INFO  o.e.m.c.i.e.AbstractTransferListenerAdapter - Downloading https://repo.maven.apache.org/maven2/org/springframework/spring-tx/6.2.3/spring-tx-6.2.3.pom
2025-02-21 18:17:50,742 [Worker-10: Import Getting Started Content] INFO  o.e.m.c.i.e.AbstractTransferListenerAdapter - Downloaded https://repo.maven.apache.org/maven2/org/springframework/spring-tx/6.2.3/spring-tx-6.2.3.pom
2025-02-21 18:17:50,776 [Worker-10: Import Getting Started Content] INFO  o.e.m.c.i.e.AbstractTransferListenerAdapter - Downloading https://repo.maven.apache.org/maven2/org/hibernate/orm/hibernate-core/6.6.8.Final/hibernate-core-6.6.8.Final.pom
2025-02-21 18:17:50,779 [Worker-10: Import Getting Started Content] INFO  o.e.m.c.i.e.AbstractTransferListenerAdapter - Downloaded https://repo.maven.apache.org/maven2/org/hibernate/orm/hibernate-core/6.6.8.Final/hibernate-core-6.6.8.Final.pom
2025-02-21 18:17:51,057 [Worker-10: Import Getting Started Content] INFO  o.e.m.c.i.e.AbstractTransferListenerAdapter - Downloading https://repo.maven.apache.org/maven2/org/springframework/data/spring-data-jpa/3.4.3/spring-data-jpa-3.4.3.pom
2025-02-21 18:17:51,060 [Worker-10: Import Getting Started Content] INFO  o.e.m.c.i.e.AbstractTransferListenerAdapter - Downloaded https://repo.maven.apache.org/maven2/org/springframework/data/spring-data-jpa/3.4.3/spring-data-jpa-3.4.3.pom
2025-02-21 18:17:51,096 [Worker-10: Import Getting Started Content] INFO  o.e.m.c.i.e.AbstractTransferListenerAdapter - Downloading https://repo.maven.apache.org/maven2/org/springframework/data/spring-data-jpa-parent/3.4.3/spring-data-jpa-parent-3.4.3.pom
2025-02-21 18:17:51,099 [Worker-10: Import Getting Started Content] INFO  o.e.m.c.i.e.AbstractTransferListenerAdapter - Downloaded https://repo.maven.apache.org/maven2/org/springframework/data/spring-data-jpa-parent/3.4.3/spring-data-jpa-parent-3.4.3.pom
2025-02-21 18:17:51,133 [Worker-10: Import Getting Started Content] INFO  o.e.m.c.i.e.AbstractTransferListenerAdapter - Downloading https://repo.maven.apache.org/maven2/org/springframework/data/build/spring-data-parent/3.4.3/spring-data-parent-3.4.3.pom
2025-02-21 18:17:51,138 [Worker-10: Import Getting Started Content] INFO  o.e.m.c.i.e.AbstractTransferListenerAdapter - Downloaded https://repo.maven.apache.org/maven2/org/springframework/data/build/spring-data-parent/3.4.3/spring-data-parent-3.4.3.pom
2025-02-21 18:17:51,173 [Worker-10: Import Getting Started Content] INFO  o.e.m.c.i.e.AbstractTransferListenerAdapter - Downloading https://repo.maven.apache.org/maven2/org/springframework/data/build/spring-data-build/3.4.3/spring-data-build-3.4.3.pom
2025-02-21 18:17:51,175 [Worker-10: Import Getting Started Content] INFO  o.e.m.c.i.e.AbstractTransferListenerAdapter - Downloaded https://repo.maven.apache.org/maven2/org/springframework/data/build/spring-data-build/3.4.3/spring-data-build-3.4.3.pom
2025-02-21 18:17:51,238 [Worker-10: Import Getting Started Content] INFO  o.e.m.c.i.e.AbstractTransferListenerAdapter - Downloading https://repo.maven.apache.org/maven2/org/springframework/data/spring-data-commons/3.4.3/spring-data-commons-3.4.3.pom
2025-02-21 18:17:51,241 [Worker-10: Import Getting Started Content] INFO  o.e.m.c.i.e.AbstractTransferListenerAdapter - Downloaded https://repo.maven.apache.org/maven2/org/springframework/data/spring-data-commons/3.4.3/spring-data-commons-3.4.3.pom
2025-02-21 18:17:51,275 [Worker-10: Import Getting Started Content] INFO  o.e.m.c.i.e.AbstractTransferListenerAdapter - Downloading https://repo.maven.apache.org/maven2/org/springframework/spring-orm/6.2.3/spring-orm-6.2.3.pom
2025-02-21 18:17:51,278 [Worker-10: Import Getting Started Content] INFO  o.e.m.c.i.e.AbstractTransferListenerAdapter - Downloaded https://repo.maven.apache.org/maven2/org/springframework/spring-orm/6.2.3/spring-orm-6.2.3.pom
2025-02-21 18:17:51,313 [Worker-10: Import Getting Started Content] INFO  o.e.m.c.i.e.AbstractTransferListenerAdapter - Downloading https://repo.maven.apache.org/maven2/org/springframework/spring-aspects/6.2.3/spring-aspects-6.2.3.pom
2025-02-21 18:17:51,316 [Worker-10: Import Getting Started Content] INFO  o.e.m.c.i.e.AbstractTransferListenerAdapter - Downloaded https://repo.maven.apache.org/maven2/org/springframework/spring-aspects/6.2.3/spring-aspects-6.2.3.pom
2025-02-21 18:17:51,357 [Worker-10: Import Getting Started Content] INFO  o.e.m.c.i.e.AbstractTransferListenerAdapter - Downloading https://repo.maven.apache.org/maven2/org/springframework/boot/spring-boot-starter-web/3.4.3/spring-boot-starter-web-3.4.3.pom
2025-02-21 18:17:51,360 [Worker-10: Import Getting Started Content] INFO  o.e.m.c.i.e.AbstractTransferListenerAdapter - Downloaded https://repo.maven.apache.org/maven2/org/springframework/boot/spring-boot-starter-web/3.4.3/spring-boot-starter-web-3.4.3.pom
2025-02-21 18:17:51,394 [Worker-10: Import Getting Started Content] INFO  o.e.m.c.i.e.AbstractTransferListenerAdapter - Downloading https://repo.maven.apache.org/maven2/org/springframework/boot/spring-boot-starter-json/3.4.3/spring-boot-starter-json-3.4.3.pom
2025-02-21 18:17:51,397 [Worker-10: Import Getting Started Content] INFO  o.e.m.c.i.e.AbstractTransferListenerAdapter - Downloaded https://repo.maven.apache.org/maven2/org/springframework/boot/spring-boot-starter-json/3.4.3/spring-boot-starter-json-3.4.3.pom
2025-02-21 18:17:51,432 [Worker-10: Import Getting Started Content] INFO  o.e.m.c.i.e.AbstractTransferListenerAdapter - Downloading https://repo.maven.apache.org/maven2/org/springframework/spring-web/6.2.3/spring-web-6.2.3.pom
2025-02-21 18:17:51,435 [Worker-10: Import Getting Started Content] INFO  o.e.m.c.i.e.AbstractTransferListenerAdapter - Downloaded https://repo.maven.apache.org/maven2/org/springframework/spring-web/6.2.3/spring-web-6.2.3.pom
2025-02-21 18:17:51,535 [Worker-10: Import Getting Started Content] INFO  o.e.m.c.i.e.AbstractTransferListenerAdapter - Downloading https://repo.maven.apache.org/maven2/org/springframework/boot/spring-boot-starter-tomcat/3.4.3/spring-boot-starter-tomcat-3.4.3.pom
2025-02-21 18:17:51,538 [Worker-10: Import Getting Started Content] INFO  o.e.m.c.i.e.AbstractTransferListenerAdapter - Downloaded https://repo.maven.apache.org/maven2/org/springframework/boot/spring-boot-starter-tomcat/3.4.3/spring-boot-starter-tomcat-3.4.3.pom
2025-02-21 18:17:51,572 [Worker-10: Import Getting Started Content] INFO  o.e.m.c.i.e.AbstractTransferListenerAdapter - Downloading https://repo.maven.apache.org/maven2/org/apache/tomcat/embed/tomcat-embed-core/10.1.36/tomcat-embed-core-10.1.36.pom
2025-02-21 18:17:51,577 [Worker-10: Import Getting Started Content] INFO  o.e.m.c.i.e.AbstractTransferListenerAdapter - Downloaded https://repo.maven.apache.org/maven2/org/apache/tomcat/embed/tomcat-embed-core/10.1.36/tomcat-embed-core-10.1.36.pom
2025-02-21 18:17:51,610 [Worker-10: Import Getting Started Content] INFO  o.e.m.c.i.e.AbstractTransferListenerAdapter - Downloading https://repo.maven.apache.org/maven2/org/apache/tomcat/embed/tomcat-embed-el/10.1.36/tomcat-embed-el-10.1.36.pom
2025-02-21 18:17:51,613 [Worker-10: Import Getting Started Content] INFO  o.e.m.c.i.e.AbstractTransferListenerAdapter - Downloaded https://repo.maven.apache.org/maven2/org/apache/tomcat/embed/tomcat-embed-el/10.1.36/tomcat-embed-el-10.1.36.pom
2025-02-21 18:17:51,648 [Worker-10: Import Getting Started Content] INFO  o.e.m.c.i.e.AbstractTransferListenerAdapter - Downloading https://repo.maven.apache.org/maven2/org/apache/tomcat/embed/tomcat-embed-websocket/10.1.36/tomcat-embed-websocket-10.1.36.pom
2025-02-21 18:17:51,652 [Worker-10: Import Getting Started Content] INFO  o.e.m.c.i.e.AbstractTransferListenerAdapter - Downloaded https://repo.maven.apache.org/maven2/org/apache/tomcat/embed/tomcat-embed-websocket/10.1.36/tomcat-embed-websocket-10.1.36.pom
2025-02-21 18:17:51,685 [Worker-10: Import Getting Started Content] INFO  o.e.m.c.i.e.AbstractTransferListenerAdapter - Downloading https://repo.maven.apache.org/maven2/org/springframework/spring-webmvc/6.2.3/spring-webmvc-6.2.3.pom
2025-02-21 18:17:51,688 [Worker-10: Import Getting Started Content] INFO  o.e.m.c.i.e.AbstractTransferListenerAdapter - Downloaded https://repo.maven.apache.org/maven2/org/springframework/spring-webmvc/6.2.3/spring-webmvc-6.2.3.pom
2025-02-21 18:17:51,722 [Worker-10: Import Getting Started Content] INFO  o.e.m.c.i.e.AbstractTransferListenerAdapter - Downloading https://repo.maven.apache.org/maven2/org/springframework/boot/spring-boot-starter-web-services/3.4.3/spring-boot-starter-web-services-3.4.3.pom
2025-02-21 18:17:51,726 [Worker-10: Import Getting Started Content] INFO  o.e.m.c.i.e.AbstractTransferListenerAdapter - Downloaded https://repo.maven.apache.org/maven2/org/springframework/boot/spring-boot-starter-web-services/3.4.3/spring-boot-starter-web-services-3.4.3.pom
2025-02-21 18:17:51,759 [Worker-10: Import Getting Started Content] INFO  o.e.m.c.i.e.AbstractTransferListenerAdapter - Downloading https://repo.maven.apache.org/maven2/com/sun/xml/messaging/saaj/saaj-impl/3.0.4/saaj-impl-3.0.4.pom
2025-02-21 18:17:51,762 [Worker-10: Import Getting Started Content] INFO  o.e.m.c.i.e.AbstractTransferListenerAdapter - Downloaded https://repo.maven.apache.org/maven2/com/sun/xml/messaging/saaj/saaj-impl/3.0.4/saaj-impl-3.0.4.pom
2025-02-21 18:17:51,796 [Worker-10: Import Getting Started Content] INFO  o.e.m.c.i.e.AbstractTransferListenerAdapter - Downloading https://repo.maven.apache.org/maven2/com/sun/xml/messaging/saaj/metro-saaj/3.0.4/metro-saaj-3.0.4.pom
2025-02-21 18:17:51,799 [Worker-10: Import Getting Started Content] INFO  o.e.m.c.i.e.AbstractTransferListenerAdapter - Downloaded https://repo.maven.apache.org/maven2/com/sun/xml/messaging/saaj/metro-saaj/3.0.4/metro-saaj-3.0.4.pom
2025-02-21 18:17:51,834 [Worker-10: Import Getting Started Content] INFO  o.e.m.c.i.e.AbstractTransferListenerAdapter - Downloading https://repo.maven.apache.org/maven2/jakarta/xml/soap/jakarta.xml.soap-api/3.0.2/jakarta.xml.soap-api-3.0.2.pom
2025-02-21 18:17:51,838 [Worker-10: Import Getting Started Content] INFO  o.e.m.c.i.e.AbstractTransferListenerAdapter - Downloaded https://repo.maven.apache.org/maven2/jakarta/xml/soap/jakarta.xml.soap-api/3.0.2/jakarta.xml.soap-api-3.0.2.pom
2025-02-21 18:17:51,874 [Worker-10: Import Getting Started Content] INFO  o.e.m.c.i.e.AbstractTransferListenerAdapter - Downloading https://repo.maven.apache.org/maven2/org/jvnet/staxex/stax-ex/2.1.0/stax-ex-2.1.0.pom
2025-02-21 18:17:51,877 [Worker-10: Import Getting Started Content] INFO  o.e.m.c.i.e.AbstractTransferListenerAdapter - Downloaded https://repo.maven.apache.org/maven2/org/jvnet/staxex/stax-ex/2.1.0/stax-ex-2.1.0.pom
2025-02-21 18:17:51,913 [Worker-10: Import Getting Started Content] INFO  o.e.m.c.i.e.AbstractTransferListenerAdapter - Downloading https://repo.maven.apache.org/maven2/jakarta/xml/ws/jakarta.xml.ws-api/4.0.2/jakarta.xml.ws-api-4.0.2.pom
2025-02-21 18:17:51,917 [Worker-10: Import Getting Started Content] INFO  o.e.m.c.i.e.AbstractTransferListenerAdapter - Downloaded https://repo.maven.apache.org/maven2/jakarta/xml/ws/jakarta.xml.ws-api/4.0.2/jakarta.xml.ws-api-4.0.2.pom
2025-02-21 18:17:51,952 [Worker-10: Import Getting Started Content] INFO  o.e.m.c.i.e.AbstractTransferListenerAdapter - Downloading https://repo.maven.apache.org/maven2/org/springframework/spring-oxm/6.2.3/spring-oxm-6.2.3.pom
2025-02-21 18:17:51,955 [Worker-10: Import Getting Started Content] INFO  o.e.m.c.i.e.AbstractTransferListenerAdapter - Downloaded https://repo.maven.apache.org/maven2/org/springframework/spring-oxm/6.2.3/spring-oxm-6.2.3.pom
2025-02-21 18:17:51,989 [Worker-10: Import Getting Started Content] INFO  o.e.m.c.i.e.AbstractTransferListenerAdapter - Downloading https://repo.maven.apache.org/maven2/org/springframework/ws/spring-ws-core/4.0.11/spring-ws-core-4.0.11.pom
2025-02-21 18:17:51,992 [Worker-10: Import Getting Started Content] INFO  o.e.m.c.i.e.AbstractTransferListenerAdapter - Downloaded https://repo.maven.apache.org/maven2/org/springframework/ws/spring-ws-core/4.0.11/spring-ws-core-4.0.11.pom
2025-02-21 18:17:52,025 [Worker-10: Import Getting Started Content] INFO  o.e.m.c.i.e.AbstractTransferListenerAdapter - Downloading https://repo.maven.apache.org/maven2/org/springframework/ws/spring-ws/4.0.11/spring-ws-4.0.11.pom
2025-02-21 18:17:52,030 [Worker-10: Import Getting Started Content] INFO  o.e.m.c.i.e.AbstractTransferListenerAdapter - Downloaded https://repo.maven.apache.org/maven2/org/springframework/ws/spring-ws/4.0.11/spring-ws-4.0.11.pom
2025-02-21 18:17:52,063 [Worker-10: Import Getting Started Content] INFO  o.e.m.c.i.e.AbstractTransferListenerAdapter - Downloading https://repo.maven.apache.org/maven2/org/springframework/spring-framework-bom/6.0.16/spring-framework-bom-6.0.16.pom
2025-02-21 18:17:52,066 [Worker-10: Import Getting Started Content] INFO  o.e.m.c.i.e.AbstractTransferListenerAdapter - Downloaded https://repo.maven.apache.org/maven2/org/springframework/spring-framework-bom/6.0.16/spring-framework-bom-6.0.16.pom
2025-02-21 18:17:52,101 [Worker-10: Import Getting Started Content] INFO  o.e.m.c.i.e.AbstractTransferListenerAdapter - Downloading https://repo.maven.apache.org/maven2/org/springframework/security/spring-security-bom/6.0.8/spring-security-bom-6.0.8.pom
2025-02-21 18:17:52,105 [Worker-10: Import Getting Started Content] INFO  o.e.m.c.i.e.AbstractTransferListenerAdapter - Downloaded https://repo.maven.apache.org/maven2/org/springframework/security/spring-security-bom/6.0.8/spring-security-bom-6.0.8.pom
2025-02-21 18:17:52,137 [Worker-10: Import Getting Started Content] INFO  o.e.m.c.i.e.AbstractTransferListenerAdapter - Downloading https://repo.maven.apache.org/maven2/org/junit/junit-bom/5.9.1/junit-bom-5.9.1.pom
2025-02-21 18:17:52,141 [Worker-10: Import Getting Started Content] INFO  o.e.m.c.i.e.AbstractTransferListenerAdapter - Downloaded https://repo.maven.apache.org/maven2/org/junit/junit-bom/5.9.1/junit-bom-5.9.1.pom
2025-02-21 18:17:52,175 [Worker-10: Import Getting Started Content] INFO  o.e.m.c.i.e.AbstractTransferListenerAdapter - Downloading https://repo.maven.apache.org/maven2/org/eclipse/jetty/jetty-bom/11.0.12/jetty-bom-11.0.12.pom
2025-02-21 18:17:52,178 [Worker-10: Import Getting Started Content] INFO  o.e.m.c.i.e.AbstractTransferListenerAdapter - Downloaded https://repo.maven.apache.org/maven2/org/eclipse/jetty/jetty-bom/11.0.12/jetty-bom-11.0.12.pom
2025-02-21 18:17:52,213 [Worker-10: Import Getting Started Content] INFO  o.e.m.c.i.e.AbstractTransferListenerAdapter - Downloading https://repo.maven.apache.org/maven2/org/springframework/ws/spring-xml/4.0.11/spring-xml-4.0.11.pom
2025-02-21 18:17:52,218 [Worker-10: Import Getting Started Content] INFO  o.e.m.c.i.e.AbstractTransferListenerAdapter - Downloaded https://repo.maven.apache.org/maven2/org/springframework/ws/spring-xml/4.0.11/spring-xml-4.0.11.pom
2025-02-21 18:17:52,253 [Worker-10: Import Getting Started Content] INFO  o.e.m.c.i.e.AbstractTransferListenerAdapter - Downloading https://repo.maven.apache.org/maven2/org/springframework/boot/spring-boot-devtools/3.4.3/spring-boot-devtools-3.4.3.pom
2025-02-21 18:17:52,256 [Worker-10: Import Getting Started Content] INFO  o.e.m.c.i.e.AbstractTransferListenerAdapter - Downloaded https://repo.maven.apache.org/maven2/org/springframework/boot/spring-boot-devtools/3.4.3/spring-boot-devtools-3.4.3.pom
2025-02-21 18:17:52,297 [Worker-10: Import Getting Started Content] INFO  o.e.m.c.i.e.AbstractTransferListenerAdapter - Downloading https://repo.maven.apache.org/maven2/org/springframework/boot/spring-boot-starter-test/3.4.3/spring-boot-starter-test-3.4.3.pom
2025-02-21 18:17:52,300 [Worker-10: Import Getting Started Content] INFO  o.e.m.c.i.e.AbstractTransferListenerAdapter - Downloaded https://repo.maven.apache.org/maven2/org/springframework/boot/spring-boot-starter-test/3.4.3/spring-boot-starter-test-3.4.3.pom
2025-02-21 18:17:52,334 [Worker-10: Import Getting Started Content] INFO  o.e.m.c.i.e.AbstractTransferListenerAdapter - Downloading https://repo.maven.apache.org/maven2/org/springframework/boot/spring-boot-test/3.4.3/spring-boot-test-3.4.3.pom
2025-02-21 18:17:52,336 [Worker-10: Import Getting Started Content] INFO  o.e.m.c.i.e.AbstractTransferListenerAdapter - Downloaded https://repo.maven.apache.org/maven2/org/springframework/boot/spring-boot-test/3.4.3/spring-boot-test-3.4.3.pom
2025-02-21 18:17:52,370 [Worker-10: Import Getting Started Content] INFO  o.e.m.c.i.e.AbstractTransferListenerAdapter - Downloading https://repo.maven.apache.org/maven2/org/springframework/spring-test/6.2.3/spring-test-6.2.3.pom
2025-02-21 18:17:52,374 [Worker-10: Import Getting Started Content] INFO  o.e.m.c.i.e.AbstractTransferListenerAdapter - Downloaded https://repo.maven.apache.org/maven2/org/springframework/spring-test/6.2.3/spring-test-6.2.3.pom
2025-02-21 18:17:52,407 [Worker-10: Import Getting Started Content] INFO  o.e.m.c.i.e.AbstractTransferListenerAdapter - Downloading https://repo.maven.apache.org/maven2/org/springframework/boot/spring-boot-test-autoconfigure/3.4.3/spring-boot-test-autoconfigure-3.4.3.pom
2025-02-21 18:17:52,410 [Worker-10: Import Getting Started Content] INFO  o.e.m.c.i.e.AbstractTransferListenerAdapter - Downloaded https://repo.maven.apache.org/maven2/org/springframework/boot/spring-boot-test-autoconfigure/3.4.3/spring-boot-test-autoconfigure-3.4.3.pom
2025-02-21 18:17:52,450 [Worker-10: Import Getting Started Content] INFO  o.e.m.c.i.e.AbstractTransferListenerAdapter - Downloading https://repo.maven.apache.org/maven2/net/minidev/json-smart/2.5.2/json-smart-2.5.2.pom
2025-02-21 18:17:52,453 [Worker-10: Import Getting Started Content] INFO  o.e.m.c.i.e.AbstractTransferListenerAdapter - Downloaded https://repo.maven.apache.org/maven2/net/minidev/json-smart/2.5.2/json-smart-2.5.2.pom
2025-02-21 18:17:52,486 [Worker-10: Import Getting Started Content] INFO  o.e.m.c.i.e.AbstractTransferListenerAdapter - Downloading https://repo.maven.apache.org/maven2/net/minidev/accessors-smart/2.5.2/accessors-smart-2.5.2.pom
2025-02-21 18:17:52,489 [Worker-10: Import Getting Started Content] INFO  o.e.m.c.i.e.AbstractTransferListenerAdapter - Downloaded https://repo.maven.apache.org/maven2/net/minidev/accessors-smart/2.5.2/accessors-smart-2.5.2.pom
2025-02-21 18:17:52,523 [Worker-10: Import Getting Started Content] INFO  o.e.m.c.i.e.AbstractTransferListenerAdapter - Downloading https://repo.maven.apache.org/maven2/org/ow2/asm/asm/9.7.1/asm-9.7.1.pom
2025-02-21 18:17:52,525 [Worker-10: Import Getting Started Content] INFO  o.e.m.c.i.e.AbstractTransferListenerAdapter - Downloaded https://repo.maven.apache.org/maven2/org/ow2/asm/asm/9.7.1/asm-9.7.1.pom
2025-02-21 18:17:52,778 [Worker-10: Import Getting Started Content] INFO  o.e.m.c.i.e.AbstractTransferListenerAdapter - Downloading https://repo.maven.apache.org/maven2/org/springframework/boot/spring-boot-starter-data-jpa/3.4.3/spring-boot-starter-data-jpa-3.4.3.jar
2025-02-21 18:17:52,781 [Worker-10: Import Getting Started Content] INFO  o.e.m.c.i.e.AbstractTransferListenerAdapter - Downloaded https://repo.maven.apache.org/maven2/org/springframework/boot/spring-boot-starter-data-jpa/3.4.3/spring-boot-starter-data-jpa-3.4.3.jar
2025-02-21 18:17:52,812 [BasicRepositoryConnector-repo.maven.apache.org-0-3] INFO  o.e.m.c.i.e.AbstractTransferListenerAdapter - Downloading https://repo.maven.apache.org/maven2/org/springframework/spring-jdbc/6.2.3/spring-jdbc-6.2.3.jar
2025-02-21 18:17:52,861 [BasicRepositoryConnector-repo.maven.apache.org-0-3] INFO  o.e.m.c.i.e.AbstractTransferListenerAdapter - Downloaded https://repo.maven.apache.org/maven2/org/springframework/spring-jdbc/6.2.3/spring-jdbc-6.2.3.jar
2025-02-21 18:17:52,877 [BasicRepositoryConnector-repo.maven.apache.org-0-1] INFO  o.e.m.c.i.e.AbstractTransferListenerAdapter - Downloading https://repo.maven.apache.org/maven2/org/springframework/boot/spring-boot-starter-logging/3.4.3/spring-boot-starter-logging-3.4.3.jar
2025-02-21 18:17:52,879 [BasicRepositoryConnector-repo.maven.apache.org-0-0] INFO  o.e.m.c.i.e.AbstractTransferListenerAdapter - Downloading https://repo.maven.apache.org/maven2/org/springframework/boot/spring-boot-starter/3.4.3/spring-boot-starter-3.4.3.jar
2025-02-21 18:17:52,881 [BasicRepositoryConnector-repo.maven.apache.org-0-1] INFO  o.e.m.c.i.e.AbstractTransferListenerAdapter - Downloaded https://repo.maven.apache.org/maven2/org/springframework/boot/spring-boot-starter-logging/3.4.3/spring-boot-starter-logging-3.4.3.jar
2025-02-21 18:17:52,881 [BasicRepositoryConnector-repo.maven.apache.org-0-2] INFO  o.e.m.c.i.e.AbstractTransferListenerAdapter - Downloading https://repo.maven.apache.org/maven2/org/springframework/boot/spring-boot-starter-jdbc/3.4.3/spring-boot-starter-jdbc-3.4.3.jar
2025-02-21 18:17:52,883 [BasicRepositoryConnector-repo.maven.apache.org-0-0] INFO  o.e.m.c.i.e.AbstractTransferListenerAdapter - Downloaded https://repo.maven.apache.org/maven2/org/springframework/boot/spring-boot-starter/3.4.3/spring-boot-starter-3.4.3.jar
2025-02-21 18:17:52,883 [BasicRepositoryConnector-repo.maven.apache.org-0-4] INFO  o.e.m.c.i.e.AbstractTransferListenerAdapter - Downloading https://repo.maven.apache.org/maven2/org/hibernate/orm/hibernate-core/6.6.8.Final/hibernate-core-6.6.8.Final.jar
2025-02-21 18:17:52,885 [BasicRepositoryConnector-repo.maven.apache.org-0-2] INFO  o.e.m.c.i.e.AbstractTransferListenerAdapter - Downloaded https://repo.maven.apache.org/maven2/org/springframework/boot/spring-boot-starter-jdbc/3.4.3/spring-boot-starter-jdbc-3.4.3.jar
2025-02-21 18:17:52,892 [BasicRepositoryConnector-repo.maven.apache.org-0-3] INFO  o.e.m.c.i.e.AbstractTransferListenerAdapter - Downloading https://repo.maven.apache.org/maven2/org/springframework/data/spring-data-jpa/3.4.3/spring-data-jpa-3.4.3.jar
2025-02-21 18:17:52,925 [BasicRepositoryConnector-repo.maven.apache.org-0-1] INFO  o.e.m.c.i.e.AbstractTransferListenerAdapter - Downloading https://repo.maven.apache.org/maven2/org/springframework/data/spring-data-commons/3.4.3/spring-data-commons-3.4.3.jar
2025-02-21 18:17:52,926 [BasicRepositoryConnector-repo.maven.apache.org-0-0] INFO  o.e.m.c.i.e.AbstractTransferListenerAdapter - Downloading https://repo.maven.apache.org/maven2/org/springframework/spring-orm/6.2.3/spring-orm-6.2.3.jar
2025-02-21 18:17:52,928 [BasicRepositoryConnector-repo.maven.apache.org-0-2] INFO  o.e.m.c.i.e.AbstractTransferListenerAdapter - Downloading https://repo.maven.apache.org/maven2/org/springframework/spring-context/6.2.3/spring-context-6.2.3.jar
2025-02-21 18:17:53,123 [BasicRepositoryConnector-repo.maven.apache.org-0-3] INFO  o.e.m.c.i.e.AbstractTransferListenerAdapter - Downloaded https://repo.maven.apache.org/maven2/org/springframework/data/spring-data-jpa/3.4.3/spring-data-jpa-3.4.3.jar
2025-02-21 18:17:53,151 [BasicRepositoryConnector-repo.maven.apache.org-0-3] INFO  o.e.m.c.i.e.AbstractTransferListenerAdapter - Downloading https://repo.maven.apache.org/maven2/org/springframework/spring-aop/6.2.3/spring-aop-6.2.3.jar
2025-02-21 18:17:53,188 [BasicRepositoryConnector-repo.maven.apache.org-0-0] INFO  o.e.m.c.i.e.AbstractTransferListenerAdapter - Downloaded https://repo.maven.apache.org/maven2/org/springframework/spring-orm/6.2.3/spring-orm-6.2.3.jar
2025-02-21 18:17:53,217 [BasicRepositoryConnector-repo.maven.apache.org-0-0] INFO  o.e.m.c.i.e.AbstractTransferListenerAdapter - Downloading https://repo.maven.apache.org/maven2/org/springframework/spring-tx/6.2.3/spring-tx-6.2.3.jar
2025-02-21 18:17:53,339 [BasicRepositoryConnector-repo.maven.apache.org-0-3] INFO  o.e.m.c.i.e.AbstractTransferListenerAdapter - Downloaded https://repo.maven.apache.org/maven2/org/springframework/spring-aop/6.2.3/spring-aop-6.2.3.jar
2025-02-21 18:17:53,369 [BasicRepositoryConnector-repo.maven.apache.org-0-3] INFO  o.e.m.c.i.e.AbstractTransferListenerAdapter - Downloading https://repo.maven.apache.org/maven2/org/springframework/spring-beans/6.2.3/spring-beans-6.2.3.jar
2025-02-21 18:17:53,424 [BasicRepositoryConnector-repo.maven.apache.org-0-0] INFO  o.e.m.c.i.e.AbstractTransferListenerAdapter - Downloaded https://repo.maven.apache.org/maven2/org/springframework/spring-tx/6.2.3/spring-tx-6.2.3.jar
2025-02-21 18:17:53,466 [BasicRepositoryConnector-repo.maven.apache.org-0-0] INFO  o.e.m.c.i.e.AbstractTransferListenerAdapter - Downloading https://repo.maven.apache.org/maven2/org/springframework/spring-aspects/6.2.3/spring-aspects-6.2.3.jar
2025-02-21 18:17:53,486 [BasicRepositoryConnector-repo.maven.apache.org-0-3] INFO  o.e.m.c.i.e.AbstractTransferListenerAdapter - Downloaded https://repo.maven.apache.org/maven2/org/springframework/spring-beans/6.2.3/spring-beans-6.2.3.jar
2025-02-21 18:17:53,495 [BasicRepositoryConnector-repo.maven.apache.org-0-0] INFO  o.e.m.c.i.e.AbstractTransferListenerAdapter - Downloaded https://repo.maven.apache.org/maven2/org/springframework/spring-aspects/6.2.3/spring-aspects-6.2.3.jar
2025-02-21 18:17:53,516 [BasicRepositoryConnector-repo.maven.apache.org-0-3] INFO  o.e.m.c.i.e.AbstractTransferListenerAdapter - Downloading https://repo.maven.apache.org/maven2/org/springframework/boot/spring-boot-starter-web/3.4.3/spring-boot-starter-web-3.4.3.jar
2025-02-21 18:17:53,518 [BasicRepositoryConnector-repo.maven.apache.org-0-3] INFO  o.e.m.c.i.e.AbstractTransferListenerAdapter - Downloaded https://repo.maven.apache.org/maven2/org/springframework/boot/spring-boot-starter-web/3.4.3/spring-boot-starter-web-3.4.3.jar
2025-02-21 18:17:53,525 [BasicRepositoryConnector-repo.maven.apache.org-0-0] INFO  o.e.m.c.i.e.AbstractTransferListenerAdapter - Downloading https://repo.maven.apache.org/maven2/org/springframework/boot/spring-boot-starter-json/3.4.3/spring-boot-starter-json-3.4.3.jar
2025-02-21 18:17:53,529 [BasicRepositoryConnector-repo.maven.apache.org-0-0] INFO  o.e.m.c.i.e.AbstractTransferListenerAdapter - Downloaded https://repo.maven.apache.org/maven2/org/springframework/boot/spring-boot-starter-json/3.4.3/spring-boot-starter-json-3.4.3.jar
2025-02-21 18:17:53,548 [BasicRepositoryConnector-repo.maven.apache.org-0-3] INFO  o.e.m.c.i.e.AbstractTransferListenerAdapter - Downloading https://repo.maven.apache.org/maven2/org/springframework/spring-web/6.2.3/spring-web-6.2.3.jar
2025-02-21 18:17:53,560 [BasicRepositoryConnector-repo.maven.apache.org-0-0] INFO  o.e.m.c.i.e.AbstractTransferListenerAdapter - Downloading https://repo.maven.apache.org/maven2/io/micrometer/micrometer-observation/1.14.4/micrometer-observation-1.14.4.jar
2025-02-21 18:17:53,630 [BasicRepositoryConnector-repo.maven.apache.org-0-0] INFO  o.e.m.c.i.e.AbstractTransferListenerAdapter - Downloaded https://repo.maven.apache.org/maven2/io/micrometer/micrometer-observation/1.14.4/micrometer-observation-1.14.4.jar
2025-02-21 18:17:53,677 [BasicRepositoryConnector-repo.maven.apache.org-0-0] INFO  o.e.m.c.i.e.AbstractTransferListenerAdapter - Downloading https://repo.maven.apache.org/maven2/io/micrometer/micrometer-commons/1.14.4/micrometer-commons-1.14.4.jar
2025-02-21 18:17:53,725 [BasicRepositoryConnector-repo.maven.apache.org-0-0] INFO  o.e.m.c.i.e.AbstractTransferListenerAdapter - Downloaded https://repo.maven.apache.org/maven2/io/micrometer/micrometer-commons/1.14.4/micrometer-commons-1.14.4.jar
2025-02-21 18:17:53,771 [BasicRepositoryConnector-repo.maven.apache.org-0-0] INFO  o.e.m.c.i.e.AbstractTransferListenerAdapter - Downloading https://repo.maven.apache.org/maven2/org/springframework/spring-webmvc/6.2.3/spring-webmvc-6.2.3.jar
2025-02-21 18:17:53,814 [BasicRepositoryConnector-repo.maven.apache.org-0-3] INFO  o.e.m.c.i.e.AbstractTransferListenerAdapter - Downloaded https://repo.maven.apache.org/maven2/org/springframework/spring-web/6.2.3/spring-web-6.2.3.jar
2025-02-21 18:17:53,844 [BasicRepositoryConnector-repo.maven.apache.org-0-3] INFO  o.e.m.c.i.e.AbstractTransferListenerAdapter - Downloading https://repo.maven.apache.org/maven2/org/springframework/spring-expression/6.2.3/spring-expression-6.2.3.jar
2025-02-21 18:17:53,893 [BasicRepositoryConnector-repo.maven.apache.org-0-3] INFO  o.e.m.c.i.e.AbstractTransferListenerAdapter - Downloaded https://repo.maven.apache.org/maven2/org/springframework/spring-expression/6.2.3/spring-expression-6.2.3.jar
2025-02-21 18:17:53,922 [BasicRepositoryConnector-repo.maven.apache.org-0-3] INFO  o.e.m.c.i.e.AbstractTransferListenerAdapter - Downloading https://repo.maven.apache.org/maven2/org/springframework/boot/spring-boot-starter-web-services/3.4.3/spring-boot-starter-web-services-3.4.3.jar
2025-02-21 18:17:53,924 [BasicRepositoryConnector-repo.maven.apache.org-0-3] INFO  o.e.m.c.i.e.AbstractTransferListenerAdapter - Downloaded https://repo.maven.apache.org/maven2/org/springframework/boot/spring-boot-starter-web-services/3.4.3/spring-boot-starter-web-services-3.4.3.jar
2025-02-21 18:17:53,955 [BasicRepositoryConnector-repo.maven.apache.org-0-3] INFO  o.e.m.c.i.e.AbstractTransferListenerAdapter - Downloading https://repo.maven.apache.org/maven2/com/sun/xml/messaging/saaj/saaj-impl/3.0.4/saaj-impl-3.0.4.jar
2025-02-21 18:17:54,020 [BasicRepositoryConnector-repo.maven.apache.org-0-3] INFO  o.e.m.c.i.e.AbstractTransferListenerAdapter - Downloaded https://repo.maven.apache.org/maven2/com/sun/xml/messaging/saaj/saaj-impl/3.0.4/saaj-impl-3.0.4.jar
2025-02-21 18:17:54,051 [BasicRepositoryConnector-repo.maven.apache.org-0-3] INFO  o.e.m.c.i.e.AbstractTransferListenerAdapter - Downloading https://repo.maven.apache.org/maven2/jakarta/xml/soap/jakarta.xml.soap-api/3.0.2/jakarta.xml.soap-api-3.0.2.jar
2025-02-21 18:17:54,057 [BasicRepositoryConnector-repo.maven.apache.org-0-3] INFO  o.e.m.c.i.e.AbstractTransferListenerAdapter - Downloaded https://repo.maven.apache.org/maven2/jakarta/xml/soap/jakarta.xml.soap-api/3.0.2/jakarta.xml.soap-api-3.0.2.jar
2025-02-21 18:17:54,073 [BasicRepositoryConnector-repo.maven.apache.org-0-2] INFO  o.e.m.c.i.e.AbstractTransferListenerAdapter - Downloaded https://repo.maven.apache.org/maven2/org/springframework/spring-context/6.2.3/spring-context-6.2.3.jar
2025-02-21 18:17:54,085 [BasicRepositoryConnector-repo.maven.apache.org-0-3] INFO  o.e.m.c.i.e.AbstractTransferListenerAdapter - Downloading https://repo.maven.apache.org/maven2/org/jvnet/staxex/stax-ex/2.1.0/stax-ex-2.1.0.jar
2025-02-21 18:17:54,092 [BasicRepositoryConnector-repo.maven.apache.org-0-3] INFO  o.e.m.c.i.e.AbstractTransferListenerAdapter - Downloaded https://repo.maven.apache.org/maven2/org/jvnet/staxex/stax-ex/2.1.0/stax-ex-2.1.0.jar
2025-02-21 18:17:54,101 [BasicRepositoryConnector-repo.maven.apache.org-0-2] INFO  o.e.m.c.i.e.AbstractTransferListenerAdapter - Downloading https://repo.maven.apache.org/maven2/jakarta/xml/ws/jakarta.xml.ws-api/4.0.2/jakarta.xml.ws-api-4.0.2.jar
2025-02-21 18:17:54,122 [BasicRepositoryConnector-repo.maven.apache.org-0-3] INFO  o.e.m.c.i.e.AbstractTransferListenerAdapter - Downloading https://repo.maven.apache.org/maven2/org/springframework/spring-oxm/6.2.3/spring-oxm-6.2.3.jar
2025-02-21 18:17:54,132 [BasicRepositoryConnector-repo.maven.apache.org-0-3] INFO  o.e.m.c.i.e.AbstractTransferListenerAdapter - Downloaded https://repo.maven.apache.org/maven2/org/springframework/spring-oxm/6.2.3/spring-oxm-6.2.3.jar
2025-02-21 18:17:54,140 [BasicRepositoryConnector-repo.maven.apache.org-0-2] INFO  o.e.m.c.i.e.AbstractTransferListenerAdapter - Downloaded https://repo.maven.apache.org/maven2/jakarta/xml/ws/jakarta.xml.ws-api/4.0.2/jakarta.xml.ws-api-4.0.2.jar
2025-02-21 18:17:54,163 [BasicRepositoryConnector-repo.maven.apache.org-0-3] INFO  o.e.m.c.i.e.AbstractTransferListenerAdapter - Downloading https://repo.maven.apache.org/maven2/org/springframework/ws/spring-ws-core/4.0.11/spring-ws-core-4.0.11.jar
2025-02-21 18:17:54,178 [BasicRepositoryConnector-repo.maven.apache.org-0-2] INFO  o.e.m.c.i.e.AbstractTransferListenerAdapter - Downloading https://repo.maven.apache.org/maven2/org/springframework/ws/spring-xml/4.0.11/spring-xml-4.0.11.jar
2025-02-21 18:17:54,233 [BasicRepositoryConnector-repo.maven.apache.org-0-2] INFO  o.e.m.c.i.e.AbstractTransferListenerAdapter - Downloaded https://repo.maven.apache.org/maven2/org/springframework/ws/spring-xml/4.0.11/spring-xml-4.0.11.jar
2025-02-21 18:17:54,237 [BasicRepositoryConnector-repo.maven.apache.org-0-1] INFO  o.e.m.c.i.e.AbstractTransferListenerAdapter - Downloaded https://repo.maven.apache.org/maven2/org/springframework/data/spring-data-commons/3.4.3/spring-data-commons-3.4.3.jar
2025-02-21 18:17:54,258 [BasicRepositoryConnector-repo.maven.apache.org-0-3] INFO  o.e.m.c.i.e.AbstractTransferListenerAdapter - Downloaded https://repo.maven.apache.org/maven2/org/springframework/ws/spring-ws-core/4.0.11/spring-ws-core-4.0.11.jar
2025-02-21 18:17:54,263 [BasicRepositoryConnector-repo.maven.apache.org-0-2] INFO  o.e.m.c.i.e.AbstractTransferListenerAdapter - Downloading https://repo.maven.apache.org/maven2/org/springframework/boot/spring-boot-devtools/3.4.3/spring-boot-devtools-3.4.3.jar
2025-02-21 18:17:54,267 [BasicRepositoryConnector-repo.maven.apache.org-0-1] INFO  o.e.m.c.i.e.AbstractTransferListenerAdapter - Downloading https://repo.maven.apache.org/maven2/org/springframework/boot/spring-boot/3.4.3/spring-boot-3.4.3.jar
2025-02-21 18:17:54,288 [BasicRepositoryConnector-repo.maven.apache.org-0-3] INFO  o.e.m.c.i.e.AbstractTransferListenerAdapter - Downloading https://repo.maven.apache.org/maven2/org/springframework/boot/spring-boot-autoconfigure/3.4.3/spring-boot-autoconfigure-3.4.3.jar
2025-02-21 18:17:54,420 [BasicRepositoryConnector-repo.maven.apache.org-0-2] INFO  o.e.m.c.i.e.AbstractTransferListenerAdapter - Downloaded https://repo.maven.apache.org/maven2/org/springframework/boot/spring-boot-devtools/3.4.3/spring-boot-devtools-3.4.3.jar
2025-02-21 18:17:54,458 [BasicRepositoryConnector-repo.maven.apache.org-0-2] INFO  o.e.m.c.i.e.AbstractTransferListenerAdapter - Downloading https://repo.maven.apache.org/maven2/org/springframework/boot/spring-boot-starter-tomcat/3.4.3/spring-boot-starter-tomcat-3.4.3.jar
2025-02-21 18:17:54,461 [BasicRepositoryConnector-repo.maven.apache.org-0-2] INFO  o.e.m.c.i.e.AbstractTransferListenerAdapter - Downloaded https://repo.maven.apache.org/maven2/org/springframework/boot/spring-boot-starter-tomcat/3.4.3/spring-boot-starter-tomcat-3.4.3.jar
2025-02-21 18:17:54,500 [BasicRepositoryConnector-repo.maven.apache.org-0-2] INFO  o.e.m.c.i.e.AbstractTransferListenerAdapter - Downloading https://repo.maven.apache.org/maven2/org/apache/tomcat/embed/tomcat-embed-core/10.1.36/tomcat-embed-core-10.1.36.jar
2025-02-21 18:17:54,542 [BasicRepositoryConnector-repo.maven.apache.org-0-0] INFO  o.e.m.c.i.e.AbstractTransferListenerAdapter - Downloaded https://repo.maven.apache.org/maven2/org/springframework/spring-webmvc/6.2.3/spring-webmvc-6.2.3.jar
2025-02-21 18:17:54,577 [BasicRepositoryConnector-repo.maven.apache.org-0-0] INFO  o.e.m.c.i.e.AbstractTransferListenerAdapter - Downloading https://repo.maven.apache.org/maven2/org/apache/tomcat/embed/tomcat-embed-el/10.1.36/tomcat-embed-el-10.1.36.jar
2025-02-21 18:17:54,580 [BasicRepositoryConnector-repo.maven.apache.org-0-3] INFO  o.e.m.c.i.e.AbstractTransferListenerAdapter - Downloaded https://repo.maven.apache.org/maven2/org/springframework/boot/spring-boot-autoconfigure/3.4.3/spring-boot-autoconfigure-3.4.3.jar
2025-02-21 18:17:54,608 [BasicRepositoryConnector-repo.maven.apache.org-0-3] INFO  o.e.m.c.i.e.AbstractTransferListenerAdapter - Downloading https://repo.maven.apache.org/maven2/org/apache/tomcat/embed/tomcat-embed-websocket/10.1.36/tomcat-embed-websocket-10.1.36.jar
2025-02-21 18:17:54,655 [BasicRepositoryConnector-repo.maven.apache.org-0-3] INFO  o.e.m.c.i.e.AbstractTransferListenerAdapter - Downloaded https://repo.maven.apache.org/maven2/org/apache/tomcat/embed/tomcat-embed-websocket/10.1.36/tomcat-embed-websocket-10.1.36.jar
2025-02-21 18:17:54,683 [BasicRepositoryConnector-repo.maven.apache.org-0-3] INFO  o.e.m.c.i.e.AbstractTransferListenerAdapter - Downloading https://repo.maven.apache.org/maven2/org/springframework/boot/spring-boot-starter-test/3.4.3/spring-boot-starter-test-3.4.3.jar
2025-02-21 18:17:54,687 [BasicRepositoryConnector-repo.maven.apache.org-0-3] INFO  o.e.m.c.i.e.AbstractTransferListenerAdapter - Downloaded https://repo.maven.apache.org/maven2/org/springframework/boot/spring-boot-starter-test/3.4.3/spring-boot-starter-test-3.4.3.jar
2025-02-21 18:17:54,716 [BasicRepositoryConnector-repo.maven.apache.org-0-3] INFO  o.e.m.c.i.e.AbstractTransferListenerAdapter - Downloading https://repo.maven.apache.org/maven2/org/springframework/boot/spring-boot-test/3.4.3/spring-boot-test-3.4.3.jar
2025-02-21 18:17:54,759 [BasicRepositoryConnector-repo.maven.apache.org-0-3] INFO  o.e.m.c.i.e.AbstractTransferListenerAdapter - Downloaded https://repo.maven.apache.org/maven2/org/springframework/boot/spring-boot-test/3.4.3/spring-boot-test-3.4.3.jar
2025-02-21 18:17:54,762 [BasicRepositoryConnector-repo.maven.apache.org-0-0] INFO  o.e.m.c.i.e.AbstractTransferListenerAdapter - Downloaded https://repo.maven.apache.org/maven2/org/apache/tomcat/embed/tomcat-embed-el/10.1.36/tomcat-embed-el-10.1.36.jar
2025-02-21 18:17:54,788 [BasicRepositoryConnector-repo.maven.apache.org-0-3] INFO  o.e.m.c.i.e.AbstractTransferListenerAdapter - Downloading https://repo.maven.apache.org/maven2/org/springframework/boot/spring-boot-test-autoconfigure/3.4.3/spring-boot-test-autoconfigure-3.4.3.jar
2025-02-21 18:17:54,791 [BasicRepositoryConnector-repo.maven.apache.org-0-0] INFO  o.e.m.c.i.e.AbstractTransferListenerAdapter - Downloading https://repo.maven.apache.org/maven2/net/minidev/json-smart/2.5.2/json-smart-2.5.2.jar
2025-02-21 18:17:54,814 [BasicRepositoryConnector-repo.maven.apache.org-0-0] INFO  o.e.m.c.i.e.AbstractTransferListenerAdapter - Downloaded https://repo.maven.apache.org/maven2/net/minidev/json-smart/2.5.2/json-smart-2.5.2.jar
2025-02-21 18:17:54,842 [BasicRepositoryConnector-repo.maven.apache.org-0-0] INFO  o.e.m.c.i.e.AbstractTransferListenerAdapter - Downloading https://repo.maven.apache.org/maven2/net/minidev/accessors-smart/2.5.2/accessors-smart-2.5.2.jar
2025-02-21 18:17:54,849 [BasicRepositoryConnector-repo.maven.apache.org-0-0] INFO  o.e.m.c.i.e.AbstractTransferListenerAdapter - Downloaded https://repo.maven.apache.org/maven2/net/minidev/accessors-smart/2.5.2/accessors-smart-2.5.2.jar
2025-02-21 18:17:54,877 [BasicRepositoryConnector-repo.maven.apache.org-0-0] INFO  o.e.m.c.i.e.AbstractTransferListenerAdapter - Downloading https://repo.maven.apache.org/maven2/org/ow2/asm/asm/9.7.1/asm-9.7.1.jar
2025-02-21 18:17:54,900 [BasicRepositoryConnector-repo.maven.apache.org-0-0] INFO  o.e.m.c.i.e.AbstractTransferListenerAdapter - Downloaded https://repo.maven.apache.org/maven2/org/ow2/asm/asm/9.7.1/asm-9.7.1.jar
2025-02-21 18:17:54,928 [BasicRepositoryConnector-repo.maven.apache.org-0-3] INFO  o.e.m.c.i.e.AbstractTransferListenerAdapter - Downloaded https://repo.maven.apache.org/maven2/org/springframework/boot/spring-boot-test-autoconfigure/3.4.3/spring-boot-test-autoconfigure-3.4.3.jar
2025-02-21 18:17:54,929 [BasicRepositoryConnector-repo.maven.apache.org-0-0] INFO  o.e.m.c.i.e.AbstractTransferListenerAdapter - Downloading https://repo.maven.apache.org/maven2/org/springframework/spring-core/6.2.3/spring-core-6.2.3.jar
2025-02-21 18:17:54,976 [BasicRepositoryConnector-repo.maven.apache.org-0-3] INFO  o.e.m.c.i.e.AbstractTransferListenerAdapter - Downloading https://repo.maven.apache.org/maven2/org/springframework/spring-jcl/6.2.3/spring-jcl-6.2.3.jar
2025-02-21 18:17:54,983 [BasicRepositoryConnector-repo.maven.apache.org-0-3] INFO  o.e.m.c.i.e.AbstractTransferListenerAdapter - Downloaded https://repo.maven.apache.org/maven2/org/springframework/spring-jcl/6.2.3/spring-jcl-6.2.3.jar
2025-02-21 18:17:55,026 [BasicRepositoryConnector-repo.maven.apache.org-0-3] INFO  o.e.m.c.i.e.AbstractTransferListenerAdapter - Downloading https://repo.maven.apache.org/maven2/org/springframework/spring-test/6.2.3/spring-test-6.2.3.jar
2025-02-21 18:17:55,241 [BasicRepositoryConnector-repo.maven.apache.org-0-0] INFO  o.e.m.c.i.e.AbstractTransferListenerAdapter - Downloaded https://repo.maven.apache.org/maven2/org/springframework/spring-core/6.2.3/spring-core-6.2.3.jar
2025-02-21 18:17:55,281 [BasicRepositoryConnector-repo.maven.apache.org-0-1] INFO  o.e.m.c.i.e.AbstractTransferListenerAdapter - Downloaded https://repo.maven.apache.org/maven2/org/springframework/boot/spring-boot/3.4.3/spring-boot-3.4.3.jar
2025-02-21 18:17:55,588 [BasicRepositoryConnector-repo.maven.apache.org-0-3] INFO  o.e.m.c.i.e.AbstractTransferListenerAdapter - Downloaded https://repo.maven.apache.org/maven2/org/springframework/spring-test/6.2.3/spring-test-6.2.3.jar
2025-02-21 18:17:56,081 [BasicRepositoryConnector-repo.maven.apache.org-0-2] INFO  o.e.m.c.i.e.AbstractTransferListenerAdapter - Downloaded https://repo.maven.apache.org/maven2/org/apache/tomcat/embed/tomcat-embed-core/10.1.36/tomcat-embed-core-10.1.36.jar
2025-02-21 18:17:57,584 [BasicRepositoryConnector-repo.maven.apache.org-0-4] INFO  o.e.m.c.i.e.AbstractTransferListenerAdapter - Downloaded https://repo.maven.apache.org/maven2/org/hibernate/orm/hibernate-core/6.6.8.Final/hibernate-core-6.6.8.Final.jar
2025-02-21 18:17:57,798 [Worker-10: Import Getting Started Content] INFO  o.e.m.c.i.e.AbstractTransferListenerAdapter - Downloading https://repo.maven.apache.org/maven2/org/apache/maven/plugins/maven-war-plugin/3.4.0/maven-war-plugin-3.4.0.pom
2025-02-21 18:17:57,801 [Worker-10: Import Getting Started Content] INFO  o.e.m.c.i.e.AbstractTransferListenerAdapter - Downloaded https://repo.maven.apache.org/maven2/org/apache/maven/plugins/maven-war-plugin/3.4.0/maven-war-plugin-3.4.0.pom
2025-02-21 18:17:57,972 [Worker-10: Import Getting Started Content] INFO  o.e.m.c.i.e.AbstractTransferListenerAdapter - Downloading https://repo.maven.apache.org/maven2/org/codehaus/plexus/plexus-archiver/4.7.1/plexus-archiver-4.7.1.pom
2025-02-21 18:17:57,974 [Worker-10: Import Getting Started Content] INFO  o.e.m.c.i.e.AbstractTransferListenerAdapter - Downloaded https://repo.maven.apache.org/maven2/org/codehaus/plexus/plexus-archiver/4.7.1/plexus-archiver-4.7.1.pom
2025-02-21 18:17:58,009 [Worker-10: Import Getting Started Content] INFO  o.e.m.c.i.e.AbstractTransferListenerAdapter - Downloading https://repo.maven.apache.org/maven2/org/codehaus/plexus/plexus-io/3.4.1/plexus-io-3.4.1.pom
2025-02-21 18:17:58,012 [Worker-10: Import Getting Started Content] INFO  o.e.m.c.i.e.AbstractTransferListenerAdapter - Downloaded https://repo.maven.apache.org/maven2/org/codehaus/plexus/plexus-io/3.4.1/plexus-io-3.4.1.pom
2025-02-21 18:17:58,047 [Worker-10: Import Getting Started Content] INFO  o.e.m.c.i.e.AbstractTransferListenerAdapter - Downloading https://repo.maven.apache.org/maven2/org/apache/commons/commons-compress/1.23.0/commons-compress-1.23.0.pom
2025-02-21 18:17:58,053 [Worker-10: Import Getting Started Content] INFO  o.e.m.c.i.e.AbstractTransferListenerAdapter - Downloaded https://repo.maven.apache.org/maven2/org/apache/commons/commons-compress/1.23.0/commons-compress-1.23.0.pom
2025-02-21 18:17:58,089 [Worker-10: Import Getting Started Content] INFO  o.e.m.c.i.e.AbstractTransferListenerAdapter - Downloading https://repo.maven.apache.org/maven2/org/apache/commons/commons-parent/56/commons-parent-56.pom
2025-02-21 18:17:58,107 [Worker-10: Import Getting Started Content] INFO  o.e.m.c.i.e.AbstractTransferListenerAdapter - Downloaded https://repo.maven.apache.org/maven2/org/apache/commons/commons-parent/56/commons-parent-56.pom
2025-02-21 18:17:58,146 [Worker-10: Import Getting Started Content] INFO  o.e.m.c.i.e.AbstractTransferListenerAdapter - Downloading https://repo.maven.apache.org/maven2/com/github/luben/zstd-jni/1.5.5-2/zstd-jni-1.5.5-2.pom
2025-02-21 18:17:58,150 [Worker-10: Import Getting Started Content] INFO  o.e.m.c.i.e.AbstractTransferListenerAdapter - Downloaded https://repo.maven.apache.org/maven2/com/github/luben/zstd-jni/1.5.5-2/zstd-jni-1.5.5-2.pom
2025-02-21 18:17:58,246 [Worker-10: Import Getting Started Content] INFO  o.e.m.c.i.e.AbstractTransferListenerAdapter - Downloading https://repo.maven.apache.org/maven2/org/apache/maven/shared/maven-mapping/3.0.0/maven-mapping-3.0.0.pom
2025-02-21 18:17:58,253 [Worker-10: Import Getting Started Content] INFO  o.e.m.c.i.e.AbstractTransferListenerAdapter - Downloaded https://repo.maven.apache.org/maven2/org/apache/maven/shared/maven-mapping/3.0.0/maven-mapping-3.0.0.pom
2025-02-21 18:17:58,290 [Worker-10: Import Getting Started Content] INFO  o.e.m.c.i.e.AbstractTransferListenerAdapter - Downloading https://repo.maven.apache.org/maven2/org/apache/maven/shared/maven-shared-components/22/maven-shared-components-22.pom
2025-02-21 18:17:58,295 [Worker-10: Import Getting Started Content] INFO  o.e.m.c.i.e.AbstractTransferListenerAdapter - Downloaded https://repo.maven.apache.org/maven2/org/apache/maven/shared/maven-shared-components/22/maven-shared-components-22.pom
2025-02-21 18:17:58,333 [Worker-10: Import Getting Started Content] INFO  o.e.m.c.i.e.AbstractTransferListenerAdapter - Downloading https://repo.maven.apache.org/maven2/org/apache/maven/maven-parent/27/maven-parent-27.pom
2025-02-21 18:17:58,348 [Worker-10: Import Getting Started Content] INFO  o.e.m.c.i.e.AbstractTransferListenerAdapter - Downloaded https://repo.maven.apache.org/maven2/org/apache/maven/maven-parent/27/maven-parent-27.pom
2025-02-21 18:17:58,386 [Worker-10: Import Getting Started Content] INFO  o.e.m.c.i.e.AbstractTransferListenerAdapter - Downloading https://repo.maven.apache.org/maven2/org/apache/apache/17/apache-17.pom
2025-02-21 18:17:58,393 [Worker-10: Import Getting Started Content] INFO  o.e.m.c.i.e.AbstractTransferListenerAdapter - Downloaded https://repo.maven.apache.org/maven2/org/apache/apache/17/apache-17.pom
2025-02-21 18:17:58,436 [Worker-10: Import Getting Started Content] INFO  o.e.m.c.i.e.AbstractTransferListenerAdapter - Downloading https://repo.maven.apache.org/maven2/org/apache/maven/maven-core/3.0/maven-core-3.0.pom
2025-02-21 18:17:58,440 [Worker-10: Import Getting Started Content] INFO  o.e.m.c.i.e.AbstractTransferListenerAdapter - Downloaded https://repo.maven.apache.org/maven2/org/apache/maven/maven-core/3.0/maven-core-3.0.pom
2025-02-21 18:17:58,476 [Worker-10: Import Getting Started Content] INFO  o.e.m.c.i.e.AbstractTransferListenerAdapter - Downloading https://repo.maven.apache.org/maven2/org/apache/maven/maven/3.0/maven-3.0.pom
2025-02-21 18:17:58,481 [Worker-10: Import Getting Started Content] INFO  o.e.m.c.i.e.AbstractTransferListenerAdapter - Downloaded https://repo.maven.apache.org/maven2/org/apache/maven/maven/3.0/maven-3.0.pom
2025-02-21 18:17:58,515 [Worker-10: Import Getting Started Content] INFO  o.e.m.c.i.e.AbstractTransferListenerAdapter - Downloading https://repo.maven.apache.org/maven2/org/apache/maven/maven-parent/15/maven-parent-15.pom
2025-02-21 18:17:58,522 [Worker-10: Import Getting Started Content] INFO  o.e.m.c.i.e.AbstractTransferListenerAdapter - Downloaded https://repo.maven.apache.org/maven2/org/apache/maven/maven-parent/15/maven-parent-15.pom
2025-02-21 18:17:58,555 [Worker-10: Import Getting Started Content] INFO  o.e.m.c.i.e.AbstractTransferListenerAdapter - Downloading https://repo.maven.apache.org/maven2/org/apache/apache/6/apache-6.pom
2025-02-21 18:17:58,560 [Worker-10: Import Getting Started Content] INFO  o.e.m.c.i.e.AbstractTransferListenerAdapter - Downloaded https://repo.maven.apache.org/maven2/org/apache/apache/6/apache-6.pom
2025-02-21 18:17:58,596 [Worker-10: Import Getting Started Content] INFO  o.e.m.c.i.e.AbstractTransferListenerAdapter - Downloading https://repo.maven.apache.org/maven2/org/apache/maven/maven-model/3.0/maven-model-3.0.pom
2025-02-21 18:17:58,600 [Worker-10: Import Getting Started Content] INFO  o.e.m.c.i.e.AbstractTransferListenerAdapter - Downloaded https://repo.maven.apache.org/maven2/org/apache/maven/maven-model/3.0/maven-model-3.0.pom
2025-02-21 18:17:58,636 [Worker-10: Import Getting Started Content] INFO  o.e.m.c.i.e.AbstractTransferListenerAdapter - Downloading https://repo.maven.apache.org/maven2/org/apache/maven/maven-settings/3.2.5/maven-settings-3.2.5.pom
2025-02-21 18:17:58,639 [Worker-10: Import Getting Started Content] INFO  o.e.m.c.i.e.AbstractTransferListenerAdapter - Downloaded https://repo.maven.apache.org/maven2/org/apache/maven/maven-settings/3.2.5/maven-settings-3.2.5.pom
2025-02-21 18:17:58,672 [Worker-10: Import Getting Started Content] INFO  o.e.m.c.i.e.AbstractTransferListenerAdapter - Downloading https://repo.maven.apache.org/maven2/org/apache/maven/maven/3.2.5/maven-3.2.5.pom
2025-02-21 18:17:58,679 [Worker-10: Import Getting Started Content] INFO  o.e.m.c.i.e.AbstractTransferListenerAdapter - Downloaded https://repo.maven.apache.org/maven2/org/apache/maven/maven/3.2.5/maven-3.2.5.pom
2025-02-21 18:17:58,712 [Worker-10: Import Getting Started Content] INFO  o.e.m.c.i.e.AbstractTransferListenerAdapter - Downloading https://repo.maven.apache.org/maven2/org/apache/maven/maven-parent/25/maven-parent-25.pom
2025-02-21 18:17:58,721 [Worker-10: Import Getting Started Content] INFO  o.e.m.c.i.e.AbstractTransferListenerAdapter - Downloaded https://repo.maven.apache.org/maven2/org/apache/maven/maven-parent/25/maven-parent-25.pom
2025-02-21 18:17:58,758 [Worker-10: Import Getting Started Content] INFO  o.e.m.c.i.e.AbstractTransferListenerAdapter - Downloading https://repo.maven.apache.org/maven2/org/apache/apache/15/apache-15.pom
2025-02-21 18:17:58,762 [Worker-10: Import Getting Started Content] INFO  o.e.m.c.i.e.AbstractTransferListenerAdapter - Downloaded https://repo.maven.apache.org/maven2/org/apache/apache/15/apache-15.pom
2025-02-21 18:17:58,796 [Worker-10: Import Getting Started Content] INFO  o.e.m.c.i.e.AbstractTransferListenerAdapter - Downloading https://repo.maven.apache.org/maven2/org/apache/maven/maven-settings-builder/3.0/maven-settings-builder-3.0.pom
2025-02-21 18:17:58,799 [Worker-10: Import Getting Started Content] INFO  o.e.m.c.i.e.AbstractTransferListenerAdapter - Downloaded https://repo.maven.apache.org/maven2/org/apache/maven/maven-settings-builder/3.0/maven-settings-builder-3.0.pom
2025-02-21 18:17:58,835 [Worker-10: Import Getting Started Content] INFO  o.e.m.c.i.e.AbstractTransferListenerAdapter - Downloading https://repo.maven.apache.org/maven2/org/codehaus/plexus/plexus-interpolation/1.14/plexus-interpolation-1.14.pom
2025-02-21 18:17:58,839 [Worker-10: Import Getting Started Content] INFO  o.e.m.c.i.e.AbstractTransferListenerAdapter - Downloaded https://repo.maven.apache.org/maven2/org/codehaus/plexus/plexus-interpolation/1.14/plexus-interpolation-1.14.pom
2025-02-21 18:17:58,872 [Worker-10: Import Getting Started Content] INFO  o.e.m.c.i.e.AbstractTransferListenerAdapter - Downloading https://repo.maven.apache.org/maven2/org/codehaus/plexus/plexus-components/1.1.18/plexus-components-1.1.18.pom
2025-02-21 18:17:58,875 [Worker-10: Import Getting Started Content] INFO  o.e.m.c.i.e.AbstractTransferListenerAdapter - Downloaded https://repo.maven.apache.org/maven2/org/codehaus/plexus/plexus-components/1.1.18/plexus-components-1.1.18.pom
2025-02-21 18:17:58,958 [Worker-10: Import Getting Started Content] INFO  o.e.m.c.i.e.AbstractTransferListenerAdapter - Downloading https://repo.maven.apache.org/maven2/org/apache/maven/maven-repository-metadata/3.0/maven-repository-metadata-3.0.pom
2025-02-21 18:17:58,960 [Worker-10: Import Getting Started Content] INFO  o.e.m.c.i.e.AbstractTransferListenerAdapter - Downloaded https://repo.maven.apache.org/maven2/org/apache/maven/maven-repository-metadata/3.0/maven-repository-metadata-3.0.pom
2025-02-21 18:17:58,995 [Worker-10: Import Getting Started Content] INFO  o.e.m.c.i.e.AbstractTransferListenerAdapter - Downloading https://repo.maven.apache.org/maven2/org/apache/maven/maven-artifact/3.0/maven-artifact-3.0.pom
2025-02-21 18:17:59,002 [Worker-10: Import Getting Started Content] INFO  o.e.m.c.i.e.AbstractTransferListenerAdapter - Downloaded https://repo.maven.apache.org/maven2/org/apache/maven/maven-artifact/3.0/maven-artifact-3.0.pom
2025-02-21 18:17:59,038 [Worker-10: Import Getting Started Content] INFO  o.e.m.c.i.e.AbstractTransferListenerAdapter - Downloading https://repo.maven.apache.org/maven2/org/apache/maven/maven-plugin-api/3.0/maven-plugin-api-3.0.pom
2025-02-21 18:17:59,041 [Worker-10: Import Getting Started Content] INFO  o.e.m.c.i.e.AbstractTransferListenerAdapter - Downloaded https://repo.maven.apache.org/maven2/org/apache/maven/maven-plugin-api/3.0/maven-plugin-api-3.0.pom
2025-02-21 18:17:59,077 [Worker-10: Import Getting Started Content] INFO  o.e.m.c.i.e.AbstractTransferListenerAdapter - Downloading https://repo.maven.apache.org/maven2/org/sonatype/sisu/sisu-inject-plexus/1.4.2/sisu-inject-plexus-1.4.2.pom
2025-02-21 18:17:59,080 [Worker-10: Import Getting Started Content] INFO  o.e.m.c.i.e.AbstractTransferListenerAdapter - Downloaded https://repo.maven.apache.org/maven2/org/sonatype/sisu/sisu-inject-plexus/1.4.2/sisu-inject-plexus-1.4.2.pom
2025-02-21 18:17:59,114 [Worker-10: Import Getting Started Content] INFO  o.e.m.c.i.e.AbstractTransferListenerAdapter - Downloading https://repo.maven.apache.org/maven2/org/sonatype/sisu/inject/guice-plexus/1.4.2/guice-plexus-1.4.2.pom
2025-02-21 18:17:59,118 [Worker-10: Import Getting Started Content] INFO  o.e.m.c.i.e.AbstractTransferListenerAdapter - Downloaded https://repo.maven.apache.org/maven2/org/sonatype/sisu/inject/guice-plexus/1.4.2/guice-plexus-1.4.2.pom
2025-02-21 18:17:59,150 [Worker-10: Import Getting Started Content] INFO  o.e.m.c.i.e.AbstractTransferListenerAdapter - Downloading https://repo.maven.apache.org/maven2/org/sonatype/sisu/inject/guice-bean/1.4.2/guice-bean-1.4.2.pom
2025-02-21 18:17:59,153 [Worker-10: Import Getting Started Content] INFO  o.e.m.c.i.e.AbstractTransferListenerAdapter - Downloaded https://repo.maven.apache.org/maven2/org/sonatype/sisu/inject/guice-bean/1.4.2/guice-bean-1.4.2.pom
2025-02-21 18:17:59,187 [Worker-10: Import Getting Started Content] INFO  o.e.m.c.i.e.AbstractTransferListenerAdapter - Downloading https://repo.maven.apache.org/maven2/org/sonatype/sisu/sisu-inject/1.4.2/sisu-inject-1.4.2.pom
2025-02-21 18:17:59,191 [Worker-10: Import Getting Started Content] INFO  o.e.m.c.i.e.AbstractTransferListenerAdapter - Downloaded https://repo.maven.apache.org/maven2/org/sonatype/sisu/sisu-inject/1.4.2/sisu-inject-1.4.2.pom
2025-02-21 18:17:59,225 [Worker-10: Import Getting Started Content] INFO  o.e.m.c.i.e.AbstractTransferListenerAdapter - Downloading https://repo.maven.apache.org/maven2/org/sonatype/sisu/sisu-parent/1.4.2/sisu-parent-1.4.2.pom
2025-02-21 18:17:59,228 [Worker-10: Import Getting Started Content] INFO  o.e.m.c.i.e.AbstractTransferListenerAdapter - Downloaded https://repo.maven.apache.org/maven2/org/sonatype/sisu/sisu-parent/1.4.2/sisu-parent-1.4.2.pom
2025-02-21 18:17:59,261 [Worker-10: Import Getting Started Content] INFO  o.e.m.c.i.e.AbstractTransferListenerAdapter - Downloading https://repo.maven.apache.org/maven2/org/sonatype/forge/forge-parent/6/forge-parent-6.pom
2025-02-21 18:17:59,265 [Worker-10: Import Getting Started Content] INFO  o.e.m.c.i.e.AbstractTransferListenerAdapter - Downloaded https://repo.maven.apache.org/maven2/org/sonatype/forge/forge-parent/6/forge-parent-6.pom
2025-02-21 18:17:59,300 [Worker-10: Import Getting Started Content] INFO  o.e.m.c.i.e.AbstractTransferListenerAdapter - Downloading https://repo.maven.apache.org/maven2/org/codehaus/plexus/plexus-component-annotations/1.5.4/plexus-component-annotations-1.5.4.pom
2025-02-21 18:17:59,305 [Worker-10: Import Getting Started Content] INFO  o.e.m.c.i.e.AbstractTransferListenerAdapter - Downloaded https://repo.maven.apache.org/maven2/org/codehaus/plexus/plexus-component-annotations/1.5.4/plexus-component-annotations-1.5.4.pom
2025-02-21 18:17:59,340 [Worker-10: Import Getting Started Content] INFO  o.e.m.c.i.e.AbstractTransferListenerAdapter - Downloading https://repo.maven.apache.org/maven2/org/codehaus/plexus/plexus-containers/1.5.4/plexus-containers-1.5.4.pom
2025-02-21 18:17:59,346 [Worker-10: Import Getting Started Content] INFO  o.e.m.c.i.e.AbstractTransferListenerAdapter - Downloaded https://repo.maven.apache.org/maven2/org/codehaus/plexus/plexus-containers/1.5.4/plexus-containers-1.5.4.pom
2025-02-21 18:17:59,380 [Worker-10: Import Getting Started Content] INFO  o.e.m.c.i.e.AbstractTransferListenerAdapter - Downloading https://repo.maven.apache.org/maven2/org/codehaus/plexus/plexus/2.0.5/plexus-2.0.5.pom
2025-02-21 18:17:59,386 [Worker-10: Import Getting Started Content] INFO  o.e.m.c.i.e.AbstractTransferListenerAdapter - Downloaded https://repo.maven.apache.org/maven2/org/codehaus/plexus/plexus/2.0.5/plexus-2.0.5.pom
2025-02-21 18:17:59,425 [Worker-10: Import Getting Started Content] INFO  o.e.m.c.i.e.AbstractTransferListenerAdapter - Downloading https://repo.maven.apache.org/maven2/org/codehaus/plexus/plexus-classworlds/2.2.3/plexus-classworlds-2.2.3.pom
2025-02-21 18:17:59,431 [Worker-10: Import Getting Started Content] INFO  o.e.m.c.i.e.AbstractTransferListenerAdapter - Downloaded https://repo.maven.apache.org/maven2/org/codehaus/plexus/plexus-classworlds/2.2.3/plexus-classworlds-2.2.3.pom
2025-02-21 18:17:59,482 [Worker-10: Import Getting Started Content] INFO  o.e.m.c.i.e.AbstractTransferListenerAdapter - Downloading https://repo.maven.apache.org/maven2/org/sonatype/sisu/sisu-inject-bean/1.4.2/sisu-inject-bean-1.4.2.pom
2025-02-21 18:17:59,486 [Worker-10: Import Getting Started Content] INFO  o.e.m.c.i.e.AbstractTransferListenerAdapter - Downloaded https://repo.maven.apache.org/maven2/org/sonatype/sisu/sisu-inject-bean/1.4.2/sisu-inject-bean-1.4.2.pom
2025-02-21 18:17:59,521 [Worker-10: Import Getting Started Content] INFO  o.e.m.c.i.e.AbstractTransferListenerAdapter - Downloading https://repo.maven.apache.org/maven2/org/sonatype/sisu/sisu-guice/2.1.7/sisu-guice-2.1.7.pom
2025-02-21 18:17:59,524 [Worker-10: Import Getting Started Content] INFO  o.e.m.c.i.e.AbstractTransferListenerAdapter - Downloaded https://repo.maven.apache.org/maven2/org/sonatype/sisu/sisu-guice/2.1.7/sisu-guice-2.1.7.pom
2025-02-21 18:17:59,559 [Worker-10: Import Getting Started Content] INFO  o.e.m.c.i.e.AbstractTransferListenerAdapter - Downloading https://repo.maven.apache.org/maven2/org/apache/maven/maven-model-builder/3.0/maven-model-builder-3.0.pom
2025-02-21 18:17:59,562 [Worker-10: Import Getting Started Content] INFO  o.e.m.c.i.e.AbstractTransferListenerAdapter - Downloaded https://repo.maven.apache.org/maven2/org/apache/maven/maven-model-builder/3.0/maven-model-builder-3.0.pom
2025-02-21 18:17:59,597 [Worker-10: Import Getting Started Content] INFO  o.e.m.c.i.e.AbstractTransferListenerAdapter - Downloading https://repo.maven.apache.org/maven2/org/apache/maven/maven-aether-provider/3.0/maven-aether-provider-3.0.pom
2025-02-21 18:17:59,600 [Worker-10: Import Getting Started Content] INFO  o.e.m.c.i.e.AbstractTransferListenerAdapter - Downloaded https://repo.maven.apache.org/maven2/org/apache/maven/maven-aether-provider/3.0/maven-aether-provider-3.0.pom
2025-02-21 18:17:59,636 [Worker-10: Import Getting Started Content] INFO  o.e.m.c.i.e.AbstractTransferListenerAdapter - Downloading https://repo.maven.apache.org/maven2/org/sonatype/aether/aether-api/1.7/aether-api-1.7.pom
2025-02-21 18:17:59,639 [Worker-10: Import Getting Started Content] INFO  o.e.m.c.i.e.AbstractTransferListenerAdapter - Downloaded https://repo.maven.apache.org/maven2/org/sonatype/aether/aether-api/1.7/aether-api-1.7.pom
2025-02-21 18:17:59,673 [Worker-10: Import Getting Started Content] INFO  o.e.m.c.i.e.AbstractTransferListenerAdapter - Downloading https://repo.maven.apache.org/maven2/org/sonatype/aether/aether-parent/1.7/aether-parent-1.7.pom
2025-02-21 18:17:59,677 [Worker-10: Import Getting Started Content] INFO  o.e.m.c.i.e.AbstractTransferListenerAdapter - Downloaded https://repo.maven.apache.org/maven2/org/sonatype/aether/aether-parent/1.7/aether-parent-1.7.pom
2025-02-21 18:17:59,711 [Worker-10: Import Getting Started Content] INFO  o.e.m.c.i.e.AbstractTransferListenerAdapter - Downloading https://repo.maven.apache.org/maven2/org/sonatype/aether/aether-util/1.7/aether-util-1.7.pom
2025-02-21 18:17:59,714 [Worker-10: Import Getting Started Content] INFO  o.e.m.c.i.e.AbstractTransferListenerAdapter - Downloaded https://repo.maven.apache.org/maven2/org/sonatype/aether/aether-util/1.7/aether-util-1.7.pom
2025-02-21 18:17:59,749 [Worker-10: Import Getting Started Content] INFO  o.e.m.c.i.e.AbstractTransferListenerAdapter - Downloading https://repo.maven.apache.org/maven2/org/sonatype/aether/aether-impl/1.7/aether-impl-1.7.pom
2025-02-21 18:17:59,752 [Worker-10: Import Getting Started Content] INFO  o.e.m.c.i.e.AbstractTransferListenerAdapter - Downloaded https://repo.maven.apache.org/maven2/org/sonatype/aether/aether-impl/1.7/aether-impl-1.7.pom
2025-02-21 18:17:59,787 [Worker-10: Import Getting Started Content] INFO  o.e.m.c.i.e.AbstractTransferListenerAdapter - Downloading https://repo.maven.apache.org/maven2/org/sonatype/aether/aether-spi/1.7/aether-spi-1.7.pom
2025-02-21 18:17:59,790 [Worker-10: Import Getting Started Content] INFO  o.e.m.c.i.e.AbstractTransferListenerAdapter - Downloaded https://repo.maven.apache.org/maven2/org/sonatype/aether/aether-spi/1.7/aether-spi-1.7.pom
2025-02-21 18:17:59,827 [Worker-10: Import Getting Started Content] INFO  o.e.m.c.i.e.AbstractTransferListenerAdapter - Downloading https://repo.maven.apache.org/maven2/org/codehaus/plexus/plexus-interpolation/1.21/plexus-interpolation-1.21.pom
2025-02-21 18:17:59,831 [Worker-10: Import Getting Started Content] INFO  o.e.m.c.i.e.AbstractTransferListenerAdapter - Downloaded https://repo.maven.apache.org/maven2/org/codehaus/plexus/plexus-interpolation/1.21/plexus-interpolation-1.21.pom
2025-02-21 18:17:59,951 [Worker-10: Import Getting Started Content] INFO  o.e.m.c.i.e.AbstractTransferListenerAdapter - Downloading https://repo.maven.apache.org/maven2/org/codehaus/plexus/plexus-archiver/4.7.1/plexus-archiver-4.7.1.jar
2025-02-21 18:17:59,999 [Worker-10: Import Getting Started Content] INFO  o.e.m.c.i.e.AbstractTransferListenerAdapter - Downloaded https://repo.maven.apache.org/maven2/org/codehaus/plexus/plexus-archiver/4.7.1/plexus-archiver-4.7.1.jar
2025-02-21 18:18:00,030 [BasicRepositoryConnector-repo.maven.apache.org-1-0] INFO  o.e.m.c.i.e.AbstractTransferListenerAdapter - Downloading https://repo.maven.apache.org/maven2/org/apache/commons/commons-compress/1.23.0/commons-compress-1.23.0.jar
2025-02-21 18:18:00,033 [BasicRepositoryConnector-repo.maven.apache.org-1-1] INFO  o.e.m.c.i.e.AbstractTransferListenerAdapter - Downloading https://repo.maven.apache.org/maven2/com/github/luben/zstd-jni/1.5.5-2/zstd-jni-1.5.5-2.jar
2025-02-21 18:18:00,033 [BasicRepositoryConnector-repo.maven.apache.org-1-4] INFO  o.e.m.c.i.e.AbstractTransferListenerAdapter - Downloading https://repo.maven.apache.org/maven2/org/apache/maven/maven-model/3.0/maven-model-3.0.jar
2025-02-21 18:18:00,033 [BasicRepositoryConnector-repo.maven.apache.org-1-3] INFO  o.e.m.c.i.e.AbstractTransferListenerAdapter - Downloading https://repo.maven.apache.org/maven2/org/apache/maven/maven-core/3.0/maven-core-3.0.jar
2025-02-21 18:18:00,033 [BasicRepositoryConnector-repo.maven.apache.org-1-2] INFO  o.e.m.c.i.e.AbstractTransferListenerAdapter - Downloading https://repo.maven.apache.org/maven2/org/apache/maven/shared/maven-mapping/3.0.0/maven-mapping-3.0.0.jar
2025-02-21 18:18:00,038 [BasicRepositoryConnector-repo.maven.apache.org-1-2] INFO  o.e.m.c.i.e.AbstractTransferListenerAdapter - Downloaded https://repo.maven.apache.org/maven2/org/apache/maven/shared/maven-mapping/3.0.0/maven-mapping-3.0.0.jar
2025-02-21 18:18:00,071 [BasicRepositoryConnector-repo.maven.apache.org-1-2] INFO  o.e.m.c.i.e.AbstractTransferListenerAdapter - Downloading https://repo.maven.apache.org/maven2/org/apache/maven/maven-settings-builder/3.0/maven-settings-builder-3.0.jar
2025-02-21 18:18:00,080 [BasicRepositoryConnector-repo.maven.apache.org-1-2] INFO  o.e.m.c.i.e.AbstractTransferListenerAdapter - Downloaded https://repo.maven.apache.org/maven2/org/apache/maven/maven-settings-builder/3.0/maven-settings-builder-3.0.jar
2025-02-21 18:18:00,112 [BasicRepositoryConnector-repo.maven.apache.org-1-2] INFO  o.e.m.c.i.e.AbstractTransferListenerAdapter - Downloading https://repo.maven.apache.org/maven2/org/apache/maven/maven-repository-metadata/3.0/maven-repository-metadata-3.0.jar
2025-02-21 18:18:00,115 [BasicRepositoryConnector-repo.maven.apache.org-1-4] INFO  o.e.m.c.i.e.AbstractTransferListenerAdapter - Downloaded https://repo.maven.apache.org/maven2/org/apache/maven/maven-model/3.0/maven-model-3.0.jar
2025-02-21 18:18:00,119 [BasicRepositoryConnector-repo.maven.apache.org-1-2] INFO  o.e.m.c.i.e.AbstractTransferListenerAdapter - Downloaded https://repo.maven.apache.org/maven2/org/apache/maven/maven-repository-metadata/3.0/maven-repository-metadata-3.0.jar
2025-02-21 18:18:00,144 [BasicRepositoryConnector-repo.maven.apache.org-1-4] INFO  o.e.m.c.i.e.AbstractTransferListenerAdapter - Downloading https://repo.maven.apache.org/maven2/org/apache/maven/maven-artifact/3.0/maven-artifact-3.0.jar
2025-02-21 18:18:00,149 [BasicRepositoryConnector-repo.maven.apache.org-1-2] INFO  o.e.m.c.i.e.AbstractTransferListenerAdapter - Downloading https://repo.maven.apache.org/maven2/org/apache/maven/maven-plugin-api/3.0/maven-plugin-api-3.0.jar
2025-02-21 18:18:00,160 [BasicRepositoryConnector-repo.maven.apache.org-1-2] INFO  o.e.m.c.i.e.AbstractTransferListenerAdapter - Downloaded https://repo.maven.apache.org/maven2/org/apache/maven/maven-plugin-api/3.0/maven-plugin-api-3.0.jar
2025-02-21 18:18:00,174 [BasicRepositoryConnector-repo.maven.apache.org-1-4] INFO  o.e.m.c.i.e.AbstractTransferListenerAdapter - Downloaded https://repo.maven.apache.org/maven2/org/apache/maven/maven-artifact/3.0/maven-artifact-3.0.jar
2025-02-21 18:18:00,189 [BasicRepositoryConnector-repo.maven.apache.org-1-2] INFO  o.e.m.c.i.e.AbstractTransferListenerAdapter - Downloading https://repo.maven.apache.org/maven2/org/apache/maven/maven-model-builder/3.0/maven-model-builder-3.0.jar
2025-02-21 18:18:00,214 [BasicRepositoryConnector-repo.maven.apache.org-1-4] INFO  o.e.m.c.i.e.AbstractTransferListenerAdapter - Downloading https://repo.maven.apache.org/maven2/org/apache/maven/maven-aether-provider/3.0/maven-aether-provider-3.0.jar
2025-02-21 18:18:00,219 [BasicRepositoryConnector-repo.maven.apache.org-1-2] INFO  o.e.m.c.i.e.AbstractTransferListenerAdapter - Downloaded https://repo.maven.apache.org/maven2/org/apache/maven/maven-model-builder/3.0/maven-model-builder-3.0.jar
2025-02-21 18:18:00,225 [BasicRepositoryConnector-repo.maven.apache.org-1-3] INFO  o.e.m.c.i.e.AbstractTransferListenerAdapter - Downloaded https://repo.maven.apache.org/maven2/org/apache/maven/maven-core/3.0/maven-core-3.0.jar
2025-02-21 18:18:00,235 [BasicRepositoryConnector-repo.maven.apache.org-1-4] INFO  o.e.m.c.i.e.AbstractTransferListenerAdapter - Downloaded https://repo.maven.apache.org/maven2/org/apache/maven/maven-aether-provider/3.0/maven-aether-provider-3.0.jar
2025-02-21 18:18:00,247 [BasicRepositoryConnector-repo.maven.apache.org-1-2] INFO  o.e.m.c.i.e.AbstractTransferListenerAdapter - Downloading https://repo.maven.apache.org/maven2/org/sonatype/aether/aether-impl/1.7/aether-impl-1.7.jar
2025-02-21 18:18:00,257 [BasicRepositoryConnector-repo.maven.apache.org-1-3] INFO  o.e.m.c.i.e.AbstractTransferListenerAdapter - Downloading https://repo.maven.apache.org/maven2/org/sonatype/aether/aether-spi/1.7/aether-spi-1.7.jar
2025-02-21 18:18:00,264 [BasicRepositoryConnector-repo.maven.apache.org-1-3] INFO  o.e.m.c.i.e.AbstractTransferListenerAdapter - Downloaded https://repo.maven.apache.org/maven2/org/sonatype/aether/aether-spi/1.7/aether-spi-1.7.jar
2025-02-21 18:18:00,264 [BasicRepositoryConnector-repo.maven.apache.org-1-2] INFO  o.e.m.c.i.e.AbstractTransferListenerAdapter - Downloaded https://repo.maven.apache.org/maven2/org/sonatype/aether/aether-impl/1.7/aether-impl-1.7.jar
2025-02-21 18:18:00,265 [BasicRepositoryConnector-repo.maven.apache.org-1-4] INFO  o.e.m.c.i.e.AbstractTransferListenerAdapter - Downloading https://repo.maven.apache.org/maven2/org/sonatype/aether/aether-api/1.7/aether-api-1.7.jar
2025-02-21 18:18:00,293 [BasicRepositoryConnector-repo.maven.apache.org-1-3] INFO  o.e.m.c.i.e.AbstractTransferListenerAdapter - Downloading https://repo.maven.apache.org/maven2/org/sonatype/aether/aether-util/1.7/aether-util-1.7.jar
2025-02-21 18:18:00,294 [BasicRepositoryConnector-repo.maven.apache.org-1-2] INFO  o.e.m.c.i.e.AbstractTransferListenerAdapter - Downloading https://repo.maven.apache.org/maven2/org/sonatype/sisu/sisu-inject-plexus/1.4.2/sisu-inject-plexus-1.4.2.jar
2025-02-21 18:18:00,301 [BasicRepositoryConnector-repo.maven.apache.org-1-4] INFO  o.e.m.c.i.e.AbstractTransferListenerAdapter - Downloaded https://repo.maven.apache.org/maven2/org/sonatype/aether/aether-api/1.7/aether-api-1.7.jar
2025-02-21 18:18:00,326 [BasicRepositoryConnector-repo.maven.apache.org-1-2] INFO  o.e.m.c.i.e.AbstractTransferListenerAdapter - Downloaded https://repo.maven.apache.org/maven2/org/sonatype/sisu/sisu-inject-plexus/1.4.2/sisu-inject-plexus-1.4.2.jar
2025-02-21 18:18:00,334 [BasicRepositoryConnector-repo.maven.apache.org-1-4] INFO  o.e.m.c.i.e.AbstractTransferListenerAdapter - Downloading https://repo.maven.apache.org/maven2/org/sonatype/sisu/sisu-inject-bean/1.4.2/sisu-inject-bean-1.4.2.jar
2025-02-21 18:18:00,335 [BasicRepositoryConnector-repo.maven.apache.org-1-3] INFO  o.e.m.c.i.e.AbstractTransferListenerAdapter - Downloaded https://repo.maven.apache.org/maven2/org/sonatype/aether/aether-util/1.7/aether-util-1.7.jar
2025-02-21 18:18:00,355 [BasicRepositoryConnector-repo.maven.apache.org-1-2] INFO  o.e.m.c.i.e.AbstractTransferListenerAdapter - Downloading https://repo.maven.apache.org/maven2/org/sonatype/sisu/sisu-guice/2.1.7/sisu-guice-2.1.7-noaop.jar
2025-02-21 18:18:00,369 [BasicRepositoryConnector-repo.maven.apache.org-1-3] INFO  o.e.m.c.i.e.AbstractTransferListenerAdapter - Downloading https://repo.maven.apache.org/maven2/org/codehaus/plexus/plexus-classworlds/2.2.3/plexus-classworlds-2.2.3.jar
2025-02-21 18:18:00,399 [BasicRepositoryConnector-repo.maven.apache.org-1-0] INFO  o.e.m.c.i.e.AbstractTransferListenerAdapter - Downloaded https://repo.maven.apache.org/maven2/org/apache/commons/commons-compress/1.23.0/commons-compress-1.23.0.jar
2025-02-21 18:18:00,399 [BasicRepositoryConnector-repo.maven.apache.org-1-3] INFO  o.e.m.c.i.e.AbstractTransferListenerAdapter - Downloaded https://repo.maven.apache.org/maven2/org/codehaus/plexus/plexus-classworlds/2.2.3/plexus-classworlds-2.2.3.jar
2025-02-21 18:18:00,418 [BasicRepositoryConnector-repo.maven.apache.org-1-4] INFO  o.e.m.c.i.e.AbstractTransferListenerAdapter - Downloaded https://repo.maven.apache.org/maven2/org/sonatype/sisu/sisu-inject-bean/1.4.2/sisu-inject-bean-1.4.2.jar
2025-02-21 18:18:00,430 [BasicRepositoryConnector-repo.maven.apache.org-1-2] INFO  o.e.m.c.i.e.AbstractTransferListenerAdapter - Downloaded https://repo.maven.apache.org/maven2/org/sonatype/sisu/sisu-guice/2.1.7/sisu-guice-2.1.7-noaop.jar
2025-02-21 18:18:01,876 [BasicRepositoryConnector-repo.maven.apache.org-1-1] INFO  o.e.m.c.i.e.AbstractTransferListenerAdapter - Downloaded https://repo.maven.apache.org/maven2/com/github/luben/zstd-jni/1.5.5-2/zstd-jni-1.5.5-2.jar
2025-02-21 18:18:03,583 [Worker-10: Import Getting Started Content] INFO  o.e.m.j.i.AbstractJavaProjectConfigurator - Adding source folder /bombero/src/main/java
2025-02-21 18:18:03,585 [Worker-10: Import Getting Started Content] INFO  o.e.m.j.i.AbstractJavaProjectConfigurator - Adding resource folder /bombero/src/main/resources
2025-02-21 18:18:03,590 [Worker-10: Import Getting Started Content] INFO  o.e.m.j.i.AbstractJavaProjectConfigurator - Adding resource folder /bombero/src/main/resources
2025-02-21 18:18:03,594 [Worker-10: Import Getting Started Content] INFO  o.e.m.j.i.AbstractJavaProjectConfigurator - Adding source folder /bombero/src/test/java
2025-02-21 18:18:03,595 [Worker-10: Import Getting Started Content] INFO  o.e.m.j.i.AbstractJavaProjectConfigurator - Adding resource folder /bombero/src/test/resources
2025-02-21 18:18:04,063 [Worker-6: Download sources and javadoc] INFO  o.e.m.c.i.e.AbstractTransferListenerAdapter - Downloading https://repo.maven.apache.org/maven2/org/springframework/boot/spring-boot-starter-data-jpa/3.4.3/spring-boot-starter-data-jpa-3.4.3-sources.jar
2025-02-21 18:18:04,066 [Worker-6: Download sources and javadoc] INFO  o.e.m.c.i.e.AbstractTransferListenerAdapter - Downloaded https://repo.maven.apache.org/maven2/org/springframework/boot/spring-boot-starter-data-jpa/3.4.3/spring-boot-starter-data-jpa-3.4.3-sources.jar
2025-02-21 18:18:04,069 [Worker-6: Download sources and javadoc] INFO  o.e.m.j.internal.DownloadSourcesJob - Downloaded sources for org.springframework.boot:spring-boot-starter-data-jpa:3.4.3
2025-02-21 18:18:04,164 [Worker-6: Download sources and javadoc] INFO  o.e.m.c.i.e.AbstractTransferListenerAdapter - Downloading https://repo.maven.apache.org/maven2/org/springframework/boot/spring-boot-starter/3.4.3/spring-boot-starter-3.4.3-sources.jar
2025-02-21 18:18:04,167 [Worker-6: Download sources and javadoc] INFO  o.e.m.c.i.e.AbstractTransferListenerAdapter - Downloaded https://repo.maven.apache.org/maven2/org/springframework/boot/spring-boot-starter/3.4.3/spring-boot-starter-3.4.3-sources.jar
2025-02-21 18:18:04,171 [Worker-6: Download sources and javadoc] INFO  o.e.m.j.internal.DownloadSourcesJob - Downloaded sources for org.springframework.boot:spring-boot-starter:3.4.3
2025-02-21 18:18:04,266 [Worker-6: Download sources and javadoc] INFO  o.e.m.c.i.e.AbstractTransferListenerAdapter - Downloading https://repo.maven.apache.org/maven2/org/springframework/boot/spring-boot-starter-logging/3.4.3/spring-boot-starter-logging-3.4.3-sources.jar
2025-02-21 18:18:04,269 [Worker-6: Download sources and javadoc] INFO  o.e.m.c.i.e.AbstractTransferListenerAdapter - Downloaded https://repo.maven.apache.org/maven2/org/springframework/boot/spring-boot-starter-logging/3.4.3/spring-boot-starter-logging-3.4.3-sources.jar
2025-02-21 18:18:04,273 [Worker-6: Download sources and javadoc] INFO  o.e.m.j.internal.DownloadSourcesJob - Downloaded sources for org.springframework.boot:spring-boot-starter-logging:3.4.3
2025-02-21 18:18:04,371 [Worker-6: Download sources and javadoc] INFO  o.e.m.c.i.e.AbstractTransferListenerAdapter - Downloading https://repo.maven.apache.org/maven2/org/springframework/boot/spring-boot-starter-jdbc/3.4.3/spring-boot-starter-jdbc-3.4.3-sources.jar
2025-02-21 18:18:04,374 [Worker-6: Download sources and javadoc] INFO  o.e.m.c.i.e.AbstractTransferListenerAdapter - Downloaded https://repo.maven.apache.org/maven2/org/springframework/boot/spring-boot-starter-jdbc/3.4.3/spring-boot-starter-jdbc-3.4.3-sources.jar
2025-02-21 18:18:04,378 [Worker-6: Download sources and javadoc] INFO  o.e.m.j.internal.DownloadSourcesJob - Downloaded sources for org.springframework.boot:spring-boot-starter-jdbc:3.4.3
2025-02-21 18:18:04,482 [Worker-6: Download sources and javadoc] INFO  o.e.m.c.i.e.AbstractTransferListenerAdapter - Downloading https://repo.maven.apache.org/maven2/org/springframework/spring-jdbc/6.2.3/spring-jdbc-6.2.3-sources.jar
2025-02-21 18:18:04,587 [Worker-6: Download sources and javadoc] INFO  o.e.m.c.i.e.AbstractTransferListenerAdapter - Downloaded https://repo.maven.apache.org/maven2/org/springframework/spring-jdbc/6.2.3/spring-jdbc-6.2.3-sources.jar
2025-02-21 18:18:04,590 [Worker-6: Download sources and javadoc] INFO  o.e.m.j.internal.DownloadSourcesJob - Downloaded sources for org.springframework:spring-jdbc:6.2.3
2025-02-21 18:18:04,687 [Worker-6: Download sources and javadoc] INFO  o.e.m.c.i.e.AbstractTransferListenerAdapter - Downloading https://repo.maven.apache.org/maven2/org/hibernate/orm/hibernate-core/6.6.8.Final/hibernate-core-6.6.8.Final-sources.jar
2025-02-21 18:18:05,540 [Worker-6: Download sources and javadoc] INFO  o.e.m.c.i.e.AbstractTransferListenerAdapter - Downloaded https://repo.maven.apache.org/maven2/org/hibernate/orm/hibernate-core/6.6.8.Final/hibernate-core-6.6.8.Final-sources.jar
2025-02-21 18:18:05,544 [Worker-6: Download sources and javadoc] INFO  o.e.m.j.internal.DownloadSourcesJob - Downloaded sources for org.hibernate.orm:hibernate-core:6.6.8.Final
2025-02-21 18:18:05,642 [Worker-6: Download sources and javadoc] INFO  o.e.m.c.i.e.AbstractTransferListenerAdapter - Downloading https://repo.maven.apache.org/maven2/org/springframework/data/spring-data-jpa/3.4.3/spring-data-jpa-3.4.3-sources.jar
2025-02-21 18:18:05,772 [Worker-6: Download sources and javadoc] INFO  o.e.m.c.i.e.AbstractTransferListenerAdapter - Downloaded https://repo.maven.apache.org/maven2/org/springframework/data/spring-data-jpa/3.4.3/spring-data-jpa-3.4.3-sources.jar
2025-02-21 18:18:05,775 [Worker-6: Download sources and javadoc] INFO  o.e.m.j.internal.DownloadSourcesJob - Downloaded sources for org.springframework.data:spring-data-jpa:3.4.3
2025-02-21 18:18:05,873 [Worker-6: Download sources and javadoc] INFO  o.e.m.c.i.e.AbstractTransferListenerAdapter - Downloading https://repo.maven.apache.org/maven2/org/springframework/data/spring-data-commons/3.4.3/spring-data-commons-3.4.3-sources.jar
2025-02-21 18:18:06,029 [Worker-6: Download sources and javadoc] INFO  o.e.m.c.i.e.AbstractTransferListenerAdapter - Downloaded https://repo.maven.apache.org/maven2/org/springframework/data/spring-data-commons/3.4.3/spring-data-commons-3.4.3-sources.jar
2025-02-21 18:18:06,032 [Worker-6: Download sources and javadoc] INFO  o.e.m.j.internal.DownloadSourcesJob - Downloaded sources for org.springframework.data:spring-data-commons:3.4.3
2025-02-21 18:18:06,155 [Worker-6: Download sources and javadoc] INFO  o.e.m.c.i.e.AbstractTransferListenerAdapter - Downloading https://repo.maven.apache.org/maven2/org/springframework/spring-orm/6.2.3/spring-orm-6.2.3-sources.jar
2025-02-21 18:18:06,250 [Worker-6: Download sources and javadoc] INFO  o.e.m.c.i.e.AbstractTransferListenerAdapter - Downloaded https://repo.maven.apache.org/maven2/org/springframework/spring-orm/6.2.3/spring-orm-6.2.3-sources.jar
2025-02-21 18:18:06,252 [Worker-6: Download sources and javadoc] INFO  o.e.m.j.internal.DownloadSourcesJob - Downloaded sources for org.springframework:spring-orm:6.2.3
2025-02-21 18:18:06,356 [Worker-6: Download sources and javadoc] INFO  o.e.m.c.i.e.AbstractTransferListenerAdapter - Downloading https://repo.maven.apache.org/maven2/org/springframework/spring-context/6.2.3/spring-context-6.2.3-sources.jar
2025-02-21 18:18:06,522 [Worker-6: Download sources and javadoc] INFO  o.e.m.c.i.e.AbstractTransferListenerAdapter - Downloaded https://repo.maven.apache.org/maven2/org/springframework/spring-context/6.2.3/spring-context-6.2.3-sources.jar
2025-02-21 18:18:06,524 [Worker-6: Download sources and javadoc] INFO  o.e.m.j.internal.DownloadSourcesJob - Downloaded sources for org.springframework:spring-context:6.2.3
2025-02-21 18:18:06,622 [Worker-6: Download sources and javadoc] INFO  o.e.m.c.i.e.AbstractTransferListenerAdapter - Downloading https://repo.maven.apache.org/maven2/org/springframework/spring-aop/6.2.3/spring-aop-6.2.3-sources.jar
2025-02-21 18:18:06,717 [Worker-6: Download sources and javadoc] INFO  o.e.m.c.i.e.AbstractTransferListenerAdapter - Downloaded https://repo.maven.apache.org/maven2/org/springframework/spring-aop/6.2.3/spring-aop-6.2.3-sources.jar
2025-02-21 18:18:06,720 [Worker-6: Download sources and javadoc] INFO  o.e.m.j.internal.DownloadSourcesJob - Downloaded sources for org.springframework:spring-aop:6.2.3
2025-02-21 18:18:06,815 [Worker-6: Download sources and javadoc] INFO  o.e.m.c.i.e.AbstractTransferListenerAdapter - Downloading https://repo.maven.apache.org/maven2/org/springframework/spring-tx/6.2.3/spring-tx-6.2.3-sources.jar
2025-02-21 18:18:06,903 [Worker-6: Download sources and javadoc] INFO  o.e.m.c.i.e.AbstractTransferListenerAdapter - Downloaded https://repo.maven.apache.org/maven2/org/springframework/spring-tx/6.2.3/spring-tx-6.2.3-sources.jar
2025-02-21 18:18:06,906 [Worker-6: Download sources and javadoc] INFO  o.e.m.j.internal.DownloadSourcesJob - Downloaded sources for org.springframework:spring-tx:6.2.3
2025-02-21 18:18:07,000 [Worker-6: Download sources and javadoc] INFO  o.e.m.c.i.e.AbstractTransferListenerAdapter - Downloading https://repo.maven.apache.org/maven2/org/springframework/spring-beans/6.2.3/spring-beans-6.2.3-sources.jar
2025-02-21 18:18:07,135 [Worker-6: Download sources and javadoc] INFO  o.e.m.c.i.e.AbstractTransferListenerAdapter - Downloaded https://repo.maven.apache.org/maven2/org/springframework/spring-beans/6.2.3/spring-beans-6.2.3-sources.jar
2025-02-21 18:18:07,138 [Worker-6: Download sources and javadoc] INFO  o.e.m.j.internal.DownloadSourcesJob - Downloaded sources for org.springframework:spring-beans:6.2.3
2025-02-21 18:18:07,233 [Worker-6: Download sources and javadoc] INFO  o.e.m.c.i.e.AbstractTransferListenerAdapter - Downloading https://repo.maven.apache.org/maven2/org/springframework/spring-aspects/6.2.3/spring-aspects-6.2.3-sources.jar
2025-02-21 18:18:07,243 [Worker-6: Download sources and javadoc] INFO  o.e.m.c.i.e.AbstractTransferListenerAdapter - Downloaded https://repo.maven.apache.org/maven2/org/springframework/spring-aspects/6.2.3/spring-aspects-6.2.3-sources.jar
2025-02-21 18:18:07,246 [Worker-6: Download sources and javadoc] INFO  o.e.m.j.internal.DownloadSourcesJob - Downloaded sources for org.springframework:spring-aspects:6.2.3
2025-02-21 18:18:07,343 [Worker-6: Download sources and javadoc] INFO  o.e.m.c.i.e.AbstractTransferListenerAdapter - Downloading https://repo.maven.apache.org/maven2/org/springframework/boot/spring-boot-starter-web/3.4.3/spring-boot-starter-web-3.4.3-sources.jar
2025-02-21 18:18:07,347 [Worker-6: Download sources and javadoc] INFO  o.e.m.c.i.e.AbstractTransferListenerAdapter - Downloaded https://repo.maven.apache.org/maven2/org/springframework/boot/spring-boot-starter-web/3.4.3/spring-boot-starter-web-3.4.3-sources.jar
2025-02-21 18:18:07,350 [Worker-6: Download sources and javadoc] INFO  o.e.m.j.internal.DownloadSourcesJob - Downloaded sources for org.springframework.boot:spring-boot-starter-web:3.4.3
2025-02-21 18:18:07,446 [Worker-6: Download sources and javadoc] INFO  o.e.m.c.i.e.AbstractTransferListenerAdapter - Downloading https://repo.maven.apache.org/maven2/org/springframework/boot/spring-boot-starter-json/3.4.3/spring-boot-starter-json-3.4.3-sources.jar
2025-02-21 18:18:07,450 [Worker-6: Download sources and javadoc] INFO  o.e.m.c.i.e.AbstractTransferListenerAdapter - Downloaded https://repo.maven.apache.org/maven2/org/springframework/boot/spring-boot-starter-json/3.4.3/spring-boot-starter-json-3.4.3-sources.jar
2025-02-21 18:18:07,454 [Worker-6: Download sources and javadoc] INFO  o.e.m.j.internal.DownloadSourcesJob - Downloaded sources for org.springframework.boot:spring-boot-starter-json:3.4.3
2025-02-21 18:18:07,549 [Worker-6: Download sources and javadoc] INFO  o.e.m.c.i.e.AbstractTransferListenerAdapter - Downloading https://repo.maven.apache.org/maven2/org/springframework/spring-web/6.2.3/spring-web-6.2.3-sources.jar
2025-02-21 18:18:07,748 [Worker-6: Download sources and javadoc] INFO  o.e.m.c.i.e.AbstractTransferListenerAdapter - Downloaded https://repo.maven.apache.org/maven2/org/springframework/spring-web/6.2.3/spring-web-6.2.3-sources.jar
2025-02-21 18:18:07,752 [Worker-6: Download sources and javadoc] INFO  o.e.m.j.internal.DownloadSourcesJob - Downloaded sources for org.springframework:spring-web:6.2.3
2025-02-21 18:18:07,855 [Worker-6: Download sources and javadoc] INFO  o.e.m.c.i.e.AbstractTransferListenerAdapter - Downloading https://repo.maven.apache.org/maven2/io/micrometer/micrometer-observation/1.14.4/micrometer-observation-1.14.4-sources.jar
2025-02-21 18:18:07,891 [Worker-6: Download sources and javadoc] INFO  o.e.m.c.i.e.AbstractTransferListenerAdapter - Downloaded https://repo.maven.apache.org/maven2/io/micrometer/micrometer-observation/1.14.4/micrometer-observation-1.14.4-sources.jar
2025-02-21 18:18:07,894 [Worker-6: Download sources and javadoc] INFO  o.e.m.j.internal.DownloadSourcesJob - Downloaded sources for io.micrometer:micrometer-observation:1.14.4
2025-02-21 18:18:07,996 [Worker-6: Download sources and javadoc] INFO  o.e.m.c.i.e.AbstractTransferListenerAdapter - Downloading https://repo.maven.apache.org/maven2/io/micrometer/micrometer-commons/1.14.4/micrometer-commons-1.14.4-sources.jar
2025-02-21 18:18:08,027 [Worker-6: Download sources and javadoc] INFO  o.e.m.c.i.e.AbstractTransferListenerAdapter - Downloaded https://repo.maven.apache.org/maven2/io/micrometer/micrometer-commons/1.14.4/micrometer-commons-1.14.4-sources.jar
2025-02-21 18:18:08,030 [Worker-6: Download sources and javadoc] INFO  o.e.m.j.internal.DownloadSourcesJob - Downloaded sources for io.micrometer:micrometer-commons:1.14.4
2025-02-21 18:18:08,127 [Worker-6: Download sources and javadoc] INFO  o.e.m.c.i.e.AbstractTransferListenerAdapter - Downloading https://repo.maven.apache.org/maven2/org/springframework/spring-webmvc/6.2.3/spring-webmvc-6.2.3-sources.jar
2025-02-21 18:18:08,269 [Worker-6: Download sources and javadoc] INFO  o.e.m.c.i.e.AbstractTransferListenerAdapter - Downloaded https://repo.maven.apache.org/maven2/org/springframework/spring-webmvc/6.2.3/spring-webmvc-6.2.3-sources.jar
2025-02-21 18:18:08,272 [Worker-6: Download sources and javadoc] INFO  o.e.m.j.internal.DownloadSourcesJob - Downloaded sources for org.springframework:spring-webmvc:6.2.3
2025-02-21 18:18:08,368 [Worker-6: Download sources and javadoc] INFO  o.e.m.c.i.e.AbstractTransferListenerAdapter - Downloading https://repo.maven.apache.org/maven2/org/springframework/spring-expression/6.2.3/spring-expression-6.2.3-sources.jar
2025-02-21 18:18:08,480 [Worker-6: Download sources and javadoc] INFO  o.e.m.c.i.e.AbstractTransferListenerAdapter - Downloaded https://repo.maven.apache.org/maven2/org/springframework/spring-expression/6.2.3/spring-expression-6.2.3-sources.jar
2025-02-21 18:18:08,483 [Worker-6: Download sources and javadoc] INFO  o.e.m.j.internal.DownloadSourcesJob - Downloaded sources for org.springframework:spring-expression:6.2.3
2025-02-21 18:18:08,554 [Worker-10: Import Getting Started Content] INFO  o.e.m.c.i.e.AbstractTransferListenerAdapter - Downloading https://repo.maven.apache.org/maven2/org/apache/maven/plugins/maven-clean-plugin/3.4.1/maven-clean-plugin-3.4.1.pom
2025-02-21 18:18:08,557 [Worker-10: Import Getting Started Content] INFO  o.e.m.c.i.e.AbstractTransferListenerAdapter - Downloaded https://repo.maven.apache.org/maven2/org/apache/maven/plugins/maven-clean-plugin/3.4.1/maven-clean-plugin-3.4.1.pom
2025-02-21 18:18:08,581 [Worker-6: Download sources and javadoc] INFO  o.e.m.c.i.e.AbstractTransferListenerAdapter - Downloading https://repo.maven.apache.org/maven2/org/springframework/boot/spring-boot-starter-web-services/3.4.3/spring-boot-starter-web-services-3.4.3-sources.jar
2025-02-21 18:18:08,585 [Worker-6: Download sources and javadoc] INFO  o.e.m.c.i.e.AbstractTransferListenerAdapter - Downloaded https://repo.maven.apache.org/maven2/org/springframework/boot/spring-boot-starter-web-services/3.4.3/spring-boot-starter-web-services-3.4.3-sources.jar
2025-02-21 18:18:08,588 [Worker-6: Download sources and javadoc] INFO  o.e.m.j.internal.DownloadSourcesJob - Downloaded sources for org.springframework.boot:spring-boot-starter-web-services:3.4.3
2025-02-21 18:18:08,590 [Worker-10: Import Getting Started Content] INFO  o.e.m.c.i.e.AbstractTransferListenerAdapter - Downloading https://repo.maven.apache.org/maven2/org/apache/maven/plugins/maven-plugins/43/maven-plugins-43.pom
2025-02-21 18:18:08,594 [Worker-10: Import Getting Started Content] INFO  o.e.m.c.i.e.AbstractTransferListenerAdapter - Downloaded https://repo.maven.apache.org/maven2/org/apache/maven/plugins/maven-plugins/43/maven-plugins-43.pom
2025-02-21 18:18:08,685 [Worker-6: Download sources and javadoc] INFO  o.e.m.c.i.e.AbstractTransferListenerAdapter - Downloading https://repo.maven.apache.org/maven2/com/sun/xml/messaging/saaj/saaj-impl/3.0.4/saaj-impl-3.0.4-sources.jar
2025-02-21 18:18:08,730 [Worker-10: Import Getting Started Content] INFO  o.e.m.c.i.p.ProjectConfigurationManager - Imported and configured 1 project(s) in 23 sec
2025-02-21 18:18:08,733 [Worker-10: Import Getting Started Content] INFO  o.e.m.c.i.p.ProjectConfigurationManager - Update started
2025-02-21 18:18:08,783 [Worker-6: Download sources and javadoc] INFO  o.e.m.c.i.e.AbstractTransferListenerAdapter - Downloaded https://repo.maven.apache.org/maven2/com/sun/xml/messaging/saaj/saaj-impl/3.0.4/saaj-impl-3.0.4-sources.jar
2025-02-21 18:18:08,787 [Worker-6: Download sources and javadoc] INFO  o.e.m.j.internal.DownloadSourcesJob - Downloaded sources for com.sun.xml.messaging.saaj:saaj-impl:3.0.4
2025-02-21 18:18:09,665 [Worker-10: Import Getting Started Content] INFO  o.e.m.c.i.l.LifecycleMappingFactory - Using org.maven.ide.eclipse.wtp.WarLifecycleMapping lifecycle mapping for MavenProject: py.edu.com.facitec:bombero:0.0.1-SNAPSHOT @ C:\src\ProyectoBomber\JavaWorskpace\bombero\pom.xml.
2025-02-21 18:18:09,722 [Worker-6: Download sources and javadoc] INFO  o.e.m.c.i.e.AbstractTransferListenerAdapter - Downloading https://repo.maven.apache.org/maven2/jakarta/xml/soap/jakarta.xml.soap-api/3.0.2/jakarta.xml.soap-api-3.0.2-sources.jar
2025-02-21 18:18:09,759 [Worker-6: Download sources and javadoc] INFO  o.e.m.c.i.e.AbstractTransferListenerAdapter - Downloaded https://repo.maven.apache.org/maven2/jakarta/xml/soap/jakarta.xml.soap-api/3.0.2/jakarta.xml.soap-api-3.0.2-sources.jar
2025-02-21 18:18:09,764 [Worker-6: Download sources and javadoc] INFO  o.e.m.j.internal.DownloadSourcesJob - Downloaded sources for jakarta.xml.soap:jakarta.xml.soap-api:3.0.2
2025-02-21 18:18:09,864 [Worker-6: Download sources and javadoc] INFO  o.e.m.c.i.e.AbstractTransferListenerAdapter - Downloading https://repo.maven.apache.org/maven2/org/jvnet/staxex/stax-ex/2.1.0/stax-ex-2.1.0-sources.jar
2025-02-21 18:18:09,879 [Worker-6: Download sources and javadoc] INFO  o.e.m.c.i.e.AbstractTransferListenerAdapter - Downloaded https://repo.maven.apache.org/maven2/org/jvnet/staxex/stax-ex/2.1.0/stax-ex-2.1.0-sources.jar
2025-02-21 18:18:09,883 [Worker-6: Download sources and javadoc] INFO  o.e.m.j.internal.DownloadSourcesJob - Downloaded sources for org.jvnet.staxex:stax-ex:2.1.0
2025-02-21 18:18:09,981 [Worker-6: Download sources and javadoc] INFO  o.e.m.c.i.e.AbstractTransferListenerAdapter - Downloading https://repo.maven.apache.org/maven2/jakarta/xml/ws/jakarta.xml.ws-api/4.0.2/jakarta.xml.ws-api-4.0.2-sources.jar
2025-02-21 18:18:10,027 [Worker-6: Download sources and javadoc] INFO  o.e.m.c.i.e.AbstractTransferListenerAdapter - Downloaded https://repo.maven.apache.org/maven2/jakarta/xml/ws/jakarta.xml.ws-api/4.0.2/jakarta.xml.ws-api-4.0.2-sources.jar
2025-02-21 18:18:10,030 [Worker-6: Download sources and javadoc] INFO  o.e.m.j.internal.DownloadSourcesJob - Downloaded sources for jakarta.xml.ws:jakarta.xml.ws-api:4.0.2
2025-02-21 18:18:10,130 [Worker-6: Download sources and javadoc] INFO  o.e.m.c.i.e.AbstractTransferListenerAdapter - Downloading https://repo.maven.apache.org/maven2/org/springframework/spring-oxm/6.2.3/spring-oxm-6.2.3-sources.jar
2025-02-21 18:18:10,161 [Worker-6: Download sources and javadoc] INFO  o.e.m.c.i.e.AbstractTransferListenerAdapter - Downloaded https://repo.maven.apache.org/maven2/org/springframework/spring-oxm/6.2.3/spring-oxm-6.2.3-sources.jar
2025-02-21 18:18:10,165 [Worker-6: Download sources and javadoc] INFO  o.e.m.j.internal.DownloadSourcesJob - Downloaded sources for org.springframework:spring-oxm:6.2.3
2025-02-21 18:18:10,262 [Worker-6: Download sources and javadoc] INFO  o.e.m.c.i.e.AbstractTransferListenerAdapter - Downloading https://repo.maven.apache.org/maven2/org/springframework/ws/spring-ws-core/4.0.11/spring-ws-core-4.0.11-sources.jar
2025-02-21 18:18:10,368 [Worker-6: Download sources and javadoc] INFO  o.e.m.c.i.e.AbstractTransferListenerAdapter - Downloaded https://repo.maven.apache.org/maven2/org/springframework/ws/spring-ws-core/4.0.11/spring-ws-core-4.0.11-sources.jar
2025-02-21 18:18:10,371 [Worker-6: Download sources and javadoc] INFO  o.e.m.j.internal.DownloadSourcesJob - Downloaded sources for org.springframework.ws:spring-ws-core:4.0.11
2025-02-21 18:18:10,404 [Worker-10: Import Getting Started Content] INFO  o.e.m.j.i.AbstractJavaProjectConfigurator - Adding source folder /bombero/src/main/java
2025-02-21 18:18:10,405 [Worker-10: Import Getting Started Content] INFO  o.e.m.j.i.AbstractJavaProjectConfigurator - Adding resource folder /bombero/src/main/resources
2025-02-21 18:18:10,406 [Worker-10: Import Getting Started Content] INFO  o.e.m.j.i.AbstractJavaProjectConfigurator - Adding resource folder /bombero/src/main/resources
2025-02-21 18:18:10,406 [Worker-10: Import Getting Started Content] INFO  o.e.m.j.i.AbstractJavaProjectConfigurator - Adding source folder /bombero/src/test/java
2025-02-21 18:18:10,407 [Worker-10: Import Getting Started Content] INFO  o.e.m.j.i.AbstractJavaProjectConfigurator - Adding resource folder /bombero/src/test/resources
2025-02-21 18:18:10,466 [Worker-6: Download sources and javadoc] INFO  o.e.m.c.i.e.AbstractTransferListenerAdapter - Downloading https://repo.maven.apache.org/maven2/org/springframework/ws/spring-xml/4.0.11/spring-xml-4.0.11-sources.jar
2025-02-21 18:18:10,507 [Worker-6: Download sources and javadoc] INFO  o.e.m.c.i.e.AbstractTransferListenerAdapter - Downloaded https://repo.maven.apache.org/maven2/org/springframework/ws/spring-xml/4.0.11/spring-xml-4.0.11-sources.jar
2025-02-21 18:18:10,511 [Worker-6: Download sources and javadoc] INFO  o.e.m.j.internal.DownloadSourcesJob - Downloaded sources for org.springframework.ws:spring-xml:4.0.11
2025-02-21 18:18:10,609 [Worker-6: Download sources and javadoc] INFO  o.e.m.c.i.e.AbstractTransferListenerAdapter - Downloading https://repo.maven.apache.org/maven2/org/springframework/boot/spring-boot-devtools/3.4.3/spring-boot-devtools-3.4.3-sources.jar
2025-02-21 18:18:10,672 [Worker-6: Download sources and javadoc] INFO  o.e.m.c.i.e.AbstractTransferListenerAdapter - Downloaded https://repo.maven.apache.org/maven2/org/springframework/boot/spring-boot-devtools/3.4.3/spring-boot-devtools-3.4.3-sources.jar
2025-02-21 18:18:10,676 [Worker-6: Download sources and javadoc] INFO  o.e.m.j.internal.DownloadSourcesJob - Downloaded sources for org.springframework.boot:spring-boot-devtools:3.4.3
2025-02-21 18:18:10,771 [Worker-6: Download sources and javadoc] INFO  o.e.m.c.i.e.AbstractTransferListenerAdapter - Downloading https://repo.maven.apache.org/maven2/org/springframework/boot/spring-boot/3.4.3/spring-boot-3.4.3-sources.jar
2025-02-21 18:18:10,947 [Worker-6: Download sources and javadoc] INFO  o.e.m.c.i.e.AbstractTransferListenerAdapter - Downloaded https://repo.maven.apache.org/maven2/org/springframework/boot/spring-boot/3.4.3/spring-boot-3.4.3-sources.jar
2025-02-21 18:18:10,950 [Worker-6: Download sources and javadoc] INFO  o.e.m.j.internal.DownloadSourcesJob - Downloaded sources for org.springframework.boot:spring-boot:3.4.3
2025-02-21 18:18:11,053 [Worker-6: Download sources and javadoc] INFO  o.e.m.c.i.e.AbstractTransferListenerAdapter - Downloading https://repo.maven.apache.org/maven2/org/springframework/boot/spring-boot-autoconfigure/3.4.3/spring-boot-autoconfigure-3.4.3-sources.jar
2025-02-21 18:18:11,226 [Worker-6: Download sources and javadoc] INFO  o.e.m.c.i.e.AbstractTransferListenerAdapter - Downloaded https://repo.maven.apache.org/maven2/org/springframework/boot/spring-boot-autoconfigure/3.4.3/spring-boot-autoconfigure-3.4.3-sources.jar
2025-02-21 18:18:11,230 [Worker-6: Download sources and javadoc] INFO  o.e.m.j.internal.DownloadSourcesJob - Downloaded sources for org.springframework.boot:spring-boot-autoconfigure:3.4.3
2025-02-21 18:18:11,332 [Worker-6: Download sources and javadoc] INFO  o.e.m.c.i.e.AbstractTransferListenerAdapter - Downloading https://repo.maven.apache.org/maven2/org/springframework/boot/spring-boot-starter-tomcat/3.4.3/spring-boot-starter-tomcat-3.4.3-sources.jar
2025-02-21 18:18:11,336 [Worker-6: Download sources and javadoc] INFO  o.e.m.c.i.e.AbstractTransferListenerAdapter - Downloaded https://repo.maven.apache.org/maven2/org/springframework/boot/spring-boot-starter-tomcat/3.4.3/spring-boot-starter-tomcat-3.4.3-sources.jar
2025-02-21 18:18:11,337 [Worker-10: Import Getting Started Content] INFO  o.e.m.w.i.f.ResourceFilteringBuildParticipant - Cleaning filtered folder for bombero
2025-02-21 18:18:11,340 [Worker-6: Download sources and javadoc] INFO  o.e.m.j.internal.DownloadSourcesJob - Downloaded sources for org.springframework.boot:spring-boot-starter-tomcat:3.4.3
2025-02-21 18:18:11,363 [Worker-10: Import Getting Started Content] INFO  o.e.m.c.i.p.ProjectConfigurationManager - Update completed for 1 poms: local refresh takes 0.00 sec, refresh facades takes 1.00 sec, update config takes 0.00 sec 
2025-02-21 18:18:11,442 [Worker-6: Download sources and javadoc] INFO  o.e.m.c.i.e.AbstractTransferListenerAdapter - Downloading https://repo.maven.apache.org/maven2/org/apache/tomcat/embed/tomcat-embed-core/10.1.36/tomcat-embed-core-10.1.36-sources.jar
2025-02-21 18:18:11,840 [Worker-6: Download sources and javadoc] INFO  o.e.m.c.i.e.AbstractTransferListenerAdapter - Downloaded https://repo.maven.apache.org/maven2/org/apache/tomcat/embed/tomcat-embed-core/10.1.36/tomcat-embed-core-10.1.36-sources.jar
2025-02-21 18:18:11,844 [Worker-6: Download sources and javadoc] INFO  o.e.m.j.internal.DownloadSourcesJob - Downloaded sources for org.apache.tomcat.embed:tomcat-embed-core:10.1.36
2025-02-21 18:18:11,958 [Worker-6: Download sources and javadoc] INFO  o.e.m.c.i.e.AbstractTransferListenerAdapter - Downloading https://repo.maven.apache.org/maven2/org/apache/tomcat/embed/tomcat-embed-el/10.1.36/tomcat-embed-el-10.1.36-sources.jar
2025-02-21 18:18:12,015 [Worker-6: Download sources and javadoc] INFO  o.e.m.c.i.e.AbstractTransferListenerAdapter - Downloaded https://repo.maven.apache.org/maven2/org/apache/tomcat/embed/tomcat-embed-el/10.1.36/tomcat-embed-el-10.1.36-sources.jar
2025-02-21 18:18:12,019 [Worker-6: Download sources and javadoc] INFO  o.e.m.j.internal.DownloadSourcesJob - Downloaded sources for org.apache.tomcat.embed:tomcat-embed-el:10.1.36
2025-02-21 18:18:12,162 [Worker-6: Download sources and javadoc] INFO  o.e.m.c.i.e.AbstractTransferListenerAdapter - Downloading https://repo.maven.apache.org/maven2/org/apache/tomcat/embed/tomcat-embed-websocket/10.1.36/tomcat-embed-websocket-10.1.36-sources.jar
2025-02-21 18:18:12,189 [Worker-8: Building] INFO  o.a.m.s.f.DefaultMavenResourcesFiltering - Copying 1 resource from src\main\resources to target\classes
2025-02-21 18:18:12,213 [Worker-8: Building] INFO  o.a.m.s.f.DefaultMavenResourcesFiltering - Copying 0 resource from src\main\resources to target\classes
2025-02-21 18:18:12,219 [Worker-8: Building] INFO  o.a.m.s.f.DefaultMavenResourcesFiltering - skip non existing resourceDirectory C:\src\ProyectoBomber\JavaWorskpace\bombero\src\test\resources
2025-02-21 18:18:12,220 [Worker-8: Building] INFO  o.e.m.w.i.f.ResourceFilteringBuildParticipant - Changed resources require a complete clean of filtered resources of bombero
2025-02-21 18:18:12,222 [Worker-8: Building] INFO  o.e.m.w.i.f.ResourceFilteringBuildParticipant - Executing resource filtering for bombero
2025-02-21 18:18:12,249 [Worker-6: Download sources and javadoc] INFO  o.e.m.c.i.e.AbstractTransferListenerAdapter - Downloaded https://repo.maven.apache.org/maven2/org/apache/tomcat/embed/tomcat-embed-websocket/10.1.36/tomcat-embed-websocket-10.1.36-sources.jar
2025-02-21 18:18:12,253 [Worker-6: Download sources and javadoc] INFO  o.e.m.j.internal.DownloadSourcesJob - Downloaded sources for org.apache.tomcat.embed:tomcat-embed-websocket:10.1.36
2025-02-21 18:18:12,388 [Worker-6: Download sources and javadoc] INFO  o.e.m.c.i.e.AbstractTransferListenerAdapter - Downloading https://repo.maven.apache.org/maven2/org/springframework/boot/spring-boot-starter-test/3.4.3/spring-boot-starter-test-3.4.3-sources.jar
2025-02-21 18:18:12,392 [Worker-6: Download sources and javadoc] INFO  o.e.m.c.i.e.AbstractTransferListenerAdapter - Downloaded https://repo.maven.apache.org/maven2/org/springframework/boot/spring-boot-starter-test/3.4.3/spring-boot-starter-test-3.4.3-sources.jar
2025-02-21 18:18:12,396 [Worker-6: Download sources and javadoc] INFO  o.e.m.j.internal.DownloadSourcesJob - Downloaded sources for org.springframework.boot:spring-boot-starter-test:3.4.3
2025-02-21 18:18:12,497 [Worker-6: Download sources and javadoc] INFO  o.e.m.c.i.e.AbstractTransferListenerAdapter - Downloading https://repo.maven.apache.org/maven2/org/springframework/boot/spring-boot-test/3.4.3/spring-boot-test-3.4.3-sources.jar
2025-02-21 18:18:12,561 [Worker-6: Download sources and javadoc] INFO  o.e.m.c.i.e.AbstractTransferListenerAdapter - Downloaded https://repo.maven.apache.org/maven2/org/springframework/boot/spring-boot-test/3.4.3/spring-boot-test-3.4.3-sources.jar
2025-02-21 18:18:12,565 [Worker-6: Download sources and javadoc] INFO  o.e.m.j.internal.DownloadSourcesJob - Downloaded sources for org.springframework.boot:spring-boot-test:3.4.3
2025-02-21 18:18:12,681 [Worker-6: Download sources and javadoc] INFO  o.e.m.c.i.e.AbstractTransferListenerAdapter - Downloading https://repo.maven.apache.org/maven2/org/springframework/boot/spring-boot-test-autoconfigure/3.4.3/spring-boot-test-autoconfigure-3.4.3-sources.jar
2025-02-21 18:18:12,754 [Worker-6: Download sources and javadoc] INFO  o.e.m.c.i.e.AbstractTransferListenerAdapter - Downloaded https://repo.maven.apache.org/maven2/org/springframework/boot/spring-boot-test-autoconfigure/3.4.3/spring-boot-test-autoconfigure-3.4.3-sources.jar
2025-02-21 18:18:12,758 [Worker-6: Download sources and javadoc] INFO  o.e.m.j.internal.DownloadSourcesJob - Downloaded sources for org.springframework.boot:spring-boot-test-autoconfigure:3.4.3
2025-02-21 18:18:12,861 [Worker-6: Download sources and javadoc] INFO  o.e.m.c.i.e.AbstractTransferListenerAdapter - Downloading https://repo.maven.apache.org/maven2/net/minidev/json-smart/2.5.2/json-smart-2.5.2-sources.jar
2025-02-21 18:18:12,898 [Worker-6: Download sources and javadoc] INFO  o.e.m.c.i.e.AbstractTransferListenerAdapter - Downloaded https://repo.maven.apache.org/maven2/net/minidev/json-smart/2.5.2/json-smart-2.5.2-sources.jar
2025-02-21 18:18:12,902 [Worker-6: Download sources and javadoc] INFO  o.e.m.j.internal.DownloadSourcesJob - Downloaded sources for net.minidev:json-smart:2.5.2
2025-02-21 18:18:12,999 [Worker-6: Download sources and javadoc] INFO  o.e.m.c.i.e.AbstractTransferListenerAdapter - Downloading https://repo.maven.apache.org/maven2/net/minidev/accessors-smart/2.5.2/accessors-smart-2.5.2-sources.jar
2025-02-21 18:18:13,008 [Worker-6: Download sources and javadoc] INFO  o.e.m.c.i.e.AbstractTransferListenerAdapter - Downloaded https://repo.maven.apache.org/maven2/net/minidev/accessors-smart/2.5.2/accessors-smart-2.5.2-sources.jar
2025-02-21 18:18:13,012 [Worker-6: Download sources and javadoc] INFO  o.e.m.j.internal.DownloadSourcesJob - Downloaded sources for net.minidev:accessors-smart:2.5.2
2025-02-21 18:18:13,108 [Worker-6: Download sources and javadoc] INFO  o.e.m.c.i.e.AbstractTransferListenerAdapter - Downloading https://repo.maven.apache.org/maven2/org/ow2/asm/asm/9.7.1/asm-9.7.1-sources.jar
2025-02-21 18:18:13,174 [Worker-6: Download sources and javadoc] INFO  o.e.m.c.i.e.AbstractTransferListenerAdapter - Downloaded https://repo.maven.apache.org/maven2/org/ow2/asm/asm/9.7.1/asm-9.7.1-sources.jar
2025-02-21 18:18:13,178 [Worker-6: Download sources and javadoc] INFO  o.e.m.j.internal.DownloadSourcesJob - Downloaded sources for org.ow2.asm:asm:9.7.1
2025-02-21 18:18:13,277 [Worker-6: Download sources and javadoc] INFO  o.e.m.c.i.e.AbstractTransferListenerAdapter - Downloading https://repo.maven.apache.org/maven2/org/springframework/spring-core/6.2.3/spring-core-6.2.3-sources.jar
2025-02-21 18:18:13,657 [Worker-6: Download sources and javadoc] INFO  o.e.m.c.i.e.AbstractTransferListenerAdapter - Downloaded https://repo.maven.apache.org/maven2/org/springframework/spring-core/6.2.3/spring-core-6.2.3-sources.jar
2025-02-21 18:18:13,660 [Worker-6: Download sources and javadoc] INFO  o.e.m.j.internal.DownloadSourcesJob - Downloaded sources for org.springframework:spring-core:6.2.3
2025-02-21 18:18:13,754 [Worker-6: Download sources and javadoc] INFO  o.e.m.c.i.e.AbstractTransferListenerAdapter - Downloading https://repo.maven.apache.org/maven2/org/springframework/spring-jcl/6.2.3/spring-jcl-6.2.3-sources.jar
2025-02-21 18:18:13,758 [Worker-6: Download sources and javadoc] INFO  o.e.m.c.i.e.AbstractTransferListenerAdapter - Downloaded https://repo.maven.apache.org/maven2/org/springframework/spring-jcl/6.2.3/spring-jcl-6.2.3-sources.jar
2025-02-21 18:18:13,761 [Worker-6: Download sources and javadoc] INFO  o.e.m.j.internal.DownloadSourcesJob - Downloaded sources for org.springframework:spring-jcl:6.2.3
2025-02-21 18:18:13,857 [Worker-6: Download sources and javadoc] INFO  o.e.m.c.i.e.AbstractTransferListenerAdapter - Downloading https://repo.maven.apache.org/maven2/org/springframework/spring-test/6.2.3/spring-test-6.2.3-sources.jar
2025-02-21 18:18:13,999 [Worker-6: Download sources and javadoc] INFO  o.e.m.c.i.e.AbstractTransferListenerAdapter - Downloaded https://repo.maven.apache.org/maven2/org/springframework/spring-test/6.2.3/spring-test-6.2.3-sources.jar
2025-02-21 18:18:14,002 [Worker-6: Download sources and javadoc] INFO  o.e.m.j.internal.DownloadSourcesJob - Downloaded sources for org.springframework:spring-test:6.2.3
2025-02-25 19:05:59,781 [Worker-2: Loading available Gradle versions] INFO  o.e.b.c.i.u.g.PublishedGradleVersions - Gradle version information cache is out-of-date. Trying to update.
2025-02-25 19:06:01,570 [Worker-2: Loading available Gradle versions] ERROR o.e.b.c.i.u.g.PublishedGradleVersions - Cannot write Gradle version information cache file.
java.io.FileNotFoundException: C:\Users\user\.cache\tooling\gradle\versions.json (Acceso denegado)
	at java.base/java.io.FileOutputStream.open0(Native Method)
	at java.base/java.io.FileOutputStream.open(FileOutputStream.java:289)
	at java.base/java.io.FileOutputStream.<init>(FileOutputStream.java:230)
	at com.google.common.io.Files$FileByteSink.openStream(Files.java:197)
	at com.google.common.io.Files$FileByteSink.openStream(Files.java:185)
	at com.google.common.io.ByteSink$AsCharSink.openStream(ByteSink.java:152)
	at com.google.common.io.CharSource$StringCharSource.copyTo(CharSource.java:662)
	at org.eclipse.buildship.core.internal.util.gradle.PublishedGradleVersions.storeCacheVersionsFile(PublishedGradleVersions.java:184)
	at org.eclipse.buildship.core.internal.util.gradle.PublishedGradleVersions.tryToDownloadAndCacheVersions(PublishedGradleVersions.java:150)
	at org.eclipse.buildship.core.internal.util.gradle.PublishedGradleVersions.tryToUpdateOutdatedVersionsFile(PublishedGradleVersions.java:133)
	at org.eclipse.buildship.core.internal.util.gradle.PublishedGradleVersions.create(PublishedGradleVersions.java:117)
	at org.eclipse.buildship.core.internal.util.gradle.PublishedGradleVersionsWrapper$LoadVersionsJob.run(PublishedGradleVersionsWrapper.java:73)
	at org.eclipse.core.internal.jobs.Worker.run(Worker.java:63)
2025-02-26 11:20:10,731 [Worker-2: Loading available Gradle versions] INFO  o.e.b.c.i.u.g.PublishedGradleVersions - Gradle version information cache is out-of-date. Trying to update.
2025-02-26 11:20:12,185 [Worker-2: Loading available Gradle versions] ERROR o.e.b.c.i.u.g.PublishedGradleVersions - Cannot write Gradle version information cache file.
java.io.FileNotFoundException: C:\Users\user\.cache\tooling\gradle\versions.json (Acceso denegado)
	at java.base/java.io.FileOutputStream.open0(Native Method)
	at java.base/java.io.FileOutputStream.open(FileOutputStream.java:289)
	at java.base/java.io.FileOutputStream.<init>(FileOutputStream.java:230)
	at com.google.common.io.Files$FileByteSink.openStream(Files.java:197)
	at com.google.common.io.Files$FileByteSink.openStream(Files.java:185)
	at com.google.common.io.ByteSink$AsCharSink.openStream(ByteSink.java:152)
	at com.google.common.io.CharSource$StringCharSource.copyTo(CharSource.java:662)
	at org.eclipse.buildship.core.internal.util.gradle.PublishedGradleVersions.storeCacheVersionsFile(PublishedGradleVersions.java:184)
	at org.eclipse.buildship.core.internal.util.gradle.PublishedGradleVersions.tryToDownloadAndCacheVersions(PublishedGradleVersions.java:150)
	at org.eclipse.buildship.core.internal.util.gradle.PublishedGradleVersions.tryToUpdateOutdatedVersionsFile(PublishedGradleVersions.java:133)
	at org.eclipse.buildship.core.internal.util.gradle.PublishedGradleVersions.create(PublishedGradleVersions.java:117)
	at org.eclipse.buildship.core.internal.util.gradle.PublishedGradleVersionsWrapper$LoadVersionsJob.run(PublishedGradleVersionsWrapper.java:73)
	at org.eclipse.core.internal.jobs.Worker.run(Worker.java:63)
2025-02-26 13:48:19,752 [Worker-2: Loading available Gradle versions] INFO  o.e.b.c.i.u.g.PublishedGradleVersions - Gradle version information cache is out-of-date. Trying to update.
2025-02-26 13:48:21,324 [Worker-2: Loading available Gradle versions] ERROR o.e.b.c.i.u.g.PublishedGradleVersions - Cannot write Gradle version information cache file.
java.io.FileNotFoundException: C:\Users\user\.cache\tooling\gradle\versions.json (Acceso denegado)
	at java.base/java.io.FileOutputStream.open0(Native Method)
	at java.base/java.io.FileOutputStream.open(FileOutputStream.java:289)
	at java.base/java.io.FileOutputStream.<init>(FileOutputStream.java:230)
	at com.google.common.io.Files$FileByteSink.openStream(Files.java:197)
	at com.google.common.io.Files$FileByteSink.openStream(Files.java:185)
	at com.google.common.io.ByteSink$AsCharSink.openStream(ByteSink.java:152)
	at com.google.common.io.CharSource$StringCharSource.copyTo(CharSource.java:662)
	at org.eclipse.buildship.core.internal.util.gradle.PublishedGradleVersions.storeCacheVersionsFile(PublishedGradleVersions.java:184)
	at org.eclipse.buildship.core.internal.util.gradle.PublishedGradleVersions.tryToDownloadAndCacheVersions(PublishedGradleVersions.java:150)
	at org.eclipse.buildship.core.internal.util.gradle.PublishedGradleVersions.tryToUpdateOutdatedVersionsFile(PublishedGradleVersions.java:133)
	at org.eclipse.buildship.core.internal.util.gradle.PublishedGradleVersions.create(PublishedGradleVersions.java:117)
	at org.eclipse.buildship.core.internal.util.gradle.PublishedGradleVersionsWrapper$LoadVersionsJob.run(PublishedGradleVersionsWrapper.java:73)
	at org.eclipse.core.internal.jobs.Worker.run(Worker.java:63)
2025-02-26 16:48:37,957 [Worker-20: Importing Maven projects] INFO  o.e.m.c.i.l.LifecycleMappingFactory - Using org.eclipse.m2e.jdt.JarLifecycleMapping lifecycle mapping for MavenProject: py.edu.facitec:clase_relaciones_2024:0.0.1-SNAPSHOT @ C:\Users\user\Documents\TALLER 4\clase_relaciones_2024\pom.xml.
2025-02-26 16:48:43,274 [Worker-20: Importing Maven projects] INFO  o.e.m.j.i.AbstractJavaProjectConfigurator - Adding source folder /clase_relaciones_2024/src/main/java
2025-02-26 16:48:43,277 [Worker-20: Importing Maven projects] INFO  o.e.m.j.i.AbstractJavaProjectConfigurator - Adding resource folder /clase_relaciones_2024/src/main/resources
2025-02-26 16:48:43,278 [Worker-20: Importing Maven projects] INFO  o.e.m.j.i.AbstractJavaProjectConfigurator - Adding resource folder /clase_relaciones_2024/src/main/resources
2025-02-26 16:48:43,280 [Worker-20: Importing Maven projects] INFO  o.e.m.j.i.AbstractJavaProjectConfigurator - Adding source folder /clase_relaciones_2024/src/test/java
2025-02-26 16:48:43,281 [Worker-20: Importing Maven projects] INFO  o.e.m.j.i.AbstractJavaProjectConfigurator - Adding resource folder /clase_relaciones_2024/src/test/resources
2025-02-26 16:48:43,730 [Worker-20: Importing Maven projects] INFO  o.e.m.c.i.p.ProjectConfigurationManager - Imported and configured 1 project(s) in 8 sec
2025-02-26 16:48:43,998 [Worker-20: Updating Maven Project] INFO  o.e.m.c.i.p.ProjectConfigurationManager - Update started
2025-02-26 16:48:44,607 [Worker-20: Updating Maven Project] INFO  o.e.m.c.i.l.LifecycleMappingFactory - Using org.eclipse.m2e.jdt.JarLifecycleMapping lifecycle mapping for MavenProject: py.edu.facitec:clase_relaciones_2024:0.0.1-SNAPSHOT @ C:\Users\user\Documents\TALLER 4\clase_relaciones_2024\pom.xml.
2025-02-26 16:48:45,423 [Worker-20: Updating Maven Project] INFO  o.e.m.j.i.AbstractJavaProjectConfigurator - Adding source folder /clase_relaciones_2024/src/main/java
2025-02-26 16:48:45,424 [Worker-20: Updating Maven Project] INFO  o.e.m.j.i.AbstractJavaProjectConfigurator - Adding resource folder /clase_relaciones_2024/src/main/resources
2025-02-26 16:48:45,425 [Worker-20: Updating Maven Project] INFO  o.e.m.j.i.AbstractJavaProjectConfigurator - Adding resource folder /clase_relaciones_2024/src/main/resources
2025-02-26 16:48:45,425 [Worker-20: Updating Maven Project] INFO  o.e.m.j.i.AbstractJavaProjectConfigurator - Adding source folder /clase_relaciones_2024/src/test/java
2025-02-26 16:48:45,426 [Worker-20: Updating Maven Project] INFO  o.e.m.j.i.AbstractJavaProjectConfigurator - Adding resource folder /clase_relaciones_2024/src/test/resources
2025-02-26 16:48:45,857 [Worker-20: Updating Maven Project] INFO  o.e.m.c.i.p.ProjectConfigurationManager - Update completed for 1 poms: local refresh takes 0.00 sec, refresh facades takes 1.00 sec, update config takes 0.00 sec 
2025-02-26 16:48:48,818 [Worker-21: Building] INFO  o.a.m.s.f.DefaultMavenResourcesFiltering - Copying 1 resource from src\main\resources to target\classes
2025-02-26 16:48:48,830 [Worker-21: Building] INFO  o.a.m.s.f.DefaultMavenResourcesFiltering - Copying 0 resource from src\main\resources to target\classes
2025-02-26 16:48:48,835 [Worker-21: Building] INFO  o.a.m.s.f.DefaultMavenResourcesFiltering - skip non existing resourceDirectory C:\src\ProyectoBomber\JavaWorskpace\bombero\src\test\resources
2025-02-26 16:48:50,614 [Worker-21: Building] INFO  o.a.m.s.f.DefaultMavenResourcesFiltering - Copying 1 resource from src\main\resources to target\classes
2025-02-26 16:48:50,627 [Worker-21: Building] INFO  o.a.m.s.f.DefaultMavenResourcesFiltering - Copying 2 resources from src\main\resources to target\classes
2025-02-26 16:48:50,641 [Worker-21: Building] INFO  o.a.m.s.f.DefaultMavenResourcesFiltering - skip non existing resourceDirectory C:\Users\user\Documents\TALLER 4\clase_relaciones_2024\src\test\resources
2025-02-26 16:49:24,473 [Worker-27: Building] INFO  o.a.m.s.f.DefaultMavenResourcesFiltering - Copying 1 resource from src\main\resources to target\classes
2025-02-26 16:49:24,481 [Worker-27: Building] INFO  o.a.m.s.f.DefaultMavenResourcesFiltering - Copying 0 resource from src\main\resources to target\classes
2025-02-26 16:49:24,485 [Worker-27: Building] INFO  o.a.m.s.f.DefaultMavenResourcesFiltering - skip non existing resourceDirectory C:\src\ProyectoBomber\JavaWorskpace\bombero\src\test\resources
2025-02-26 16:52:12,289 [Worker-27: Building] INFO  o.a.m.s.f.DefaultMavenResourcesFiltering - Copying 1 resource from src\main\resources to target\classes
2025-02-26 16:52:12,293 [Worker-27: Building] INFO  o.a.m.s.f.DefaultMavenResourcesFiltering - Copying 0 resource from src\main\resources to target\classes
2025-02-26 16:52:12,296 [Worker-27: Building] INFO  o.a.m.s.f.DefaultMavenResourcesFiltering - skip non existing resourceDirectory C:\src\ProyectoBomber\JavaWorskpace\bombero\src\test\resources
2025-02-26 16:55:10,717 [Worker-27: Building] INFO  o.a.m.s.f.DefaultMavenResourcesFiltering - Copying 1 resource from src\main\resources to target\classes
2025-02-26 16:55:10,722 [Worker-27: Building] INFO  o.a.m.s.f.DefaultMavenResourcesFiltering - Copying 0 resource from src\main\resources to target\classes
2025-02-26 16:55:10,724 [Worker-27: Building] INFO  o.a.m.s.f.DefaultMavenResourcesFiltering - skip non existing resourceDirectory C:\src\ProyectoBomber\JavaWorskpace\bombero\src\test\resources
2025-02-26 16:55:32,665 [Worker-22: Building] INFO  o.a.m.s.f.DefaultMavenResourcesFiltering - Copying 1 resource from src\main\resources to target\classes
2025-02-26 16:55:32,668 [Worker-22: Building] INFO  o.a.m.s.f.DefaultMavenResourcesFiltering - Copying 0 resource from src\main\resources to target\classes
2025-02-26 16:55:32,670 [Worker-22: Building] INFO  o.a.m.s.f.DefaultMavenResourcesFiltering - skip non existing resourceDirectory C:\src\ProyectoBomber\JavaWorskpace\bombero\src\test\resources
2025-02-26 16:57:42,315 [Worker-30: Building] INFO  o.a.m.s.f.DefaultMavenResourcesFiltering - Copying 1 resource from src\main\resources to target\classes
2025-02-26 16:57:42,319 [Worker-30: Building] INFO  o.a.m.s.f.DefaultMavenResourcesFiltering - Copying 0 resource from src\main\resources to target\classes
2025-02-26 16:57:42,322 [Worker-30: Building] INFO  o.a.m.s.f.DefaultMavenResourcesFiltering - skip non existing resourceDirectory C:\src\ProyectoBomber\JavaWorskpace\bombero\src\test\resources
2025-02-26 16:58:23,641 [Worker-32: Building] INFO  o.a.m.s.f.DefaultMavenResourcesFiltering - Copying 1 resource from src\main\resources to target\classes
2025-02-26 16:58:23,648 [Worker-32: Building] INFO  o.a.m.s.f.DefaultMavenResourcesFiltering - Copying 0 resource from src\main\resources to target\classes
2025-02-26 16:58:23,652 [Worker-32: Building] INFO  o.a.m.s.f.DefaultMavenResourcesFiltering - skip non existing resourceDirectory C:\src\ProyectoBomber\JavaWorskpace\bombero\src\test\resources
2025-02-26 17:01:37,514 [Worker-31: Building] INFO  o.a.m.s.f.DefaultMavenResourcesFiltering - Copying 1 resource from src\main\resources to target\classes
2025-02-26 17:01:37,520 [Worker-31: Building] INFO  o.a.m.s.f.DefaultMavenResourcesFiltering - Copying 0 resource from src\main\resources to target\classes
2025-02-26 17:01:37,522 [Worker-31: Building] INFO  o.a.m.s.f.DefaultMavenResourcesFiltering - skip non existing resourceDirectory C:\src\ProyectoBomber\JavaWorskpace\bombero\src\test\resources
2025-02-26 17:03:43,732 [Worker-27: Building] INFO  o.a.m.s.f.DefaultMavenResourcesFiltering - Copying 1 resource from src\main\resources to target\classes
2025-02-26 17:03:43,736 [Worker-27: Building] INFO  o.a.m.s.f.DefaultMavenResourcesFiltering - Copying 0 resource from src\main\resources to target\classes
2025-02-26 17:03:43,738 [Worker-27: Building] INFO  o.a.m.s.f.DefaultMavenResourcesFiltering - skip non existing resourceDirectory C:\src\ProyectoBomber\JavaWorskpace\bombero\src\test\resources
2025-02-26 23:33:10,687 [Worker-6: Loading available Gradle versions] INFO  o.e.b.c.i.u.g.PublishedGradleVersions - Gradle version information cache is out-of-date. Trying to update.
2025-02-26 23:33:12,116 [Worker-6: Loading available Gradle versions] ERROR o.e.b.c.i.u.g.PublishedGradleVersions - Cannot write Gradle version information cache file.
java.io.FileNotFoundException: C:\Users\user\.cache\tooling\gradle\versions.json (Acceso denegado)
	at java.base/java.io.FileOutputStream.open0(Native Method)
	at java.base/java.io.FileOutputStream.open(FileOutputStream.java:289)
	at java.base/java.io.FileOutputStream.<init>(FileOutputStream.java:230)
	at com.google.common.io.Files$FileByteSink.openStream(Files.java:197)
	at com.google.common.io.Files$FileByteSink.openStream(Files.java:185)
	at com.google.common.io.ByteSink$AsCharSink.openStream(ByteSink.java:152)
	at com.google.common.io.CharSource$StringCharSource.copyTo(CharSource.java:662)
	at org.eclipse.buildship.core.internal.util.gradle.PublishedGradleVersions.storeCacheVersionsFile(PublishedGradleVersions.java:184)
	at org.eclipse.buildship.core.internal.util.gradle.PublishedGradleVersions.tryToDownloadAndCacheVersions(PublishedGradleVersions.java:150)
	at org.eclipse.buildship.core.internal.util.gradle.PublishedGradleVersions.tryToUpdateOutdatedVersionsFile(PublishedGradleVersions.java:133)
	at org.eclipse.buildship.core.internal.util.gradle.PublishedGradleVersions.create(PublishedGradleVersions.java:117)
	at org.eclipse.buildship.core.internal.util.gradle.PublishedGradleVersionsWrapper$LoadVersionsJob.run(PublishedGradleVersionsWrapper.java:73)
	at org.eclipse.core.internal.jobs.Worker.run(Worker.java:63)
2025-02-27 12:18:59,655 [Worker-5: Loading available Gradle versions] INFO  o.e.b.c.i.u.g.PublishedGradleVersions - Gradle version information cache is out-of-date. Trying to update.
2025-02-27 12:19:01,480 [Worker-5: Loading available Gradle versions] ERROR o.e.b.c.i.u.g.PublishedGradleVersions - Cannot write Gradle version information cache file.
java.io.FileNotFoundException: C:\Users\user\.cache\tooling\gradle\versions.json (Acceso denegado)
	at java.base/java.io.FileOutputStream.open0(Native Method)
	at java.base/java.io.FileOutputStream.open(FileOutputStream.java:289)
	at java.base/java.io.FileOutputStream.<init>(FileOutputStream.java:230)
	at com.google.common.io.Files$FileByteSink.openStream(Files.java:197)
	at com.google.common.io.Files$FileByteSink.openStream(Files.java:185)
	at com.google.common.io.ByteSink$AsCharSink.openStream(ByteSink.java:152)
	at com.google.common.io.CharSource$StringCharSource.copyTo(CharSource.java:662)
	at org.eclipse.buildship.core.internal.util.gradle.PublishedGradleVersions.storeCacheVersionsFile(PublishedGradleVersions.java:184)
	at org.eclipse.buildship.core.internal.util.gradle.PublishedGradleVersions.tryToDownloadAndCacheVersions(PublishedGradleVersions.java:150)
	at org.eclipse.buildship.core.internal.util.gradle.PublishedGradleVersions.tryToUpdateOutdatedVersionsFile(PublishedGradleVersions.java:133)
	at org.eclipse.buildship.core.internal.util.gradle.PublishedGradleVersions.create(PublishedGradleVersions.java:117)
	at org.eclipse.buildship.core.internal.util.gradle.PublishedGradleVersionsWrapper$LoadVersionsJob.run(PublishedGradleVersionsWrapper.java:73)
	at org.eclipse.core.internal.jobs.Worker.run(Worker.java:63)
2025-02-27 14:37:20,094 [Worker-27: Building] INFO  o.a.m.s.f.DefaultMavenResourcesFiltering - Copying 1 resource from src\main\resources to target\classes
2025-02-27 14:37:20,106 [Worker-27: Building] INFO  o.a.m.s.f.DefaultMavenResourcesFiltering - Copying 0 resource from src\main\resources to target\classes
2025-02-27 14:37:20,111 [Worker-27: Building] INFO  o.a.m.s.f.DefaultMavenResourcesFiltering - skip non existing resourceDirectory C:\src\ProyectoBomber\JavaWorskpace\bombero\src\test\resources
2025-02-27 14:37:23,975 [Worker-24: Building] INFO  o.a.m.s.f.DefaultMavenResourcesFiltering - Copying 1 resource from src\main\resources to target\classes
2025-02-27 14:37:23,987 [Worker-24: Building] INFO  o.a.m.s.f.DefaultMavenResourcesFiltering - Copying 2 resources from src\main\resources to target\classes
2025-02-27 14:37:24,000 [Worker-24: Building] INFO  o.a.m.s.f.DefaultMavenResourcesFiltering - skip non existing resourceDirectory C:\Users\user\Documents\TALLER 4\clase_relaciones_2024\src\test\resources
2025-02-27 14:41:06,365 [Worker-24: Building] INFO  o.a.m.s.f.DefaultMavenResourcesFiltering - Copying 1 resource from src\main\resources to target\classes
2025-02-27 14:41:06,369 [Worker-24: Building] INFO  o.a.m.s.f.DefaultMavenResourcesFiltering - Copying 0 resource from src\main\resources to target\classes
2025-02-27 14:41:06,373 [Worker-24: Building] INFO  o.a.m.s.f.DefaultMavenResourcesFiltering - skip non existing resourceDirectory C:\src\ProyectoBomber\JavaWorskpace\bombero\src\test\resources
2025-02-27 14:41:18,894 [Worker-28: Building] INFO  o.a.m.s.f.DefaultMavenResourcesFiltering - Copying 1 resource from src\main\resources to target\classes
2025-02-27 14:41:18,897 [Worker-28: Building] INFO  o.a.m.s.f.DefaultMavenResourcesFiltering - Copying 0 resource from src\main\resources to target\classes
2025-02-27 14:41:18,901 [Worker-28: Building] INFO  o.a.m.s.f.DefaultMavenResourcesFiltering - skip non existing resourceDirectory C:\src\ProyectoBomber\JavaWorskpace\bombero\src\test\resources
2025-02-27 14:43:09,869 [Worker-29: Building] INFO  o.a.m.s.f.DefaultMavenResourcesFiltering - Copying 1 resource from src\main\resources to target\classes
2025-02-27 14:43:09,872 [Worker-29: Building] INFO  o.a.m.s.f.DefaultMavenResourcesFiltering - Copying 0 resource from src\main\resources to target\classes
2025-02-27 14:43:09,874 [Worker-29: Building] INFO  o.a.m.s.f.DefaultMavenResourcesFiltering - skip non existing resourceDirectory C:\src\ProyectoBomber\JavaWorskpace\bombero\src\test\resources
2025-02-27 14:49:27,944 [Worker-28: Building] INFO  o.a.m.s.f.DefaultMavenResourcesFiltering - Copying 1 resource from src\main\resources to target\classes
2025-02-27 14:49:27,953 [Worker-28: Building] INFO  o.a.m.s.f.DefaultMavenResourcesFiltering - Copying 0 resource from src\main\resources to target\classes
2025-02-27 14:49:27,955 [Worker-28: Building] INFO  o.a.m.s.f.DefaultMavenResourcesFiltering - skip non existing resourceDirectory C:\src\ProyectoBomber\JavaWorskpace\bombero\src\test\resources
2025-02-27 14:50:00,997 [Worker-31: Building] INFO  o.a.m.s.f.DefaultMavenResourcesFiltering - Copying 1 resource from src\main\resources to target\classes
2025-02-27 14:50:01,003 [Worker-31: Building] INFO  o.a.m.s.f.DefaultMavenResourcesFiltering - Copying 0 resource from src\main\resources to target\classes
2025-02-27 14:50:01,007 [Worker-31: Building] INFO  o.a.m.s.f.DefaultMavenResourcesFiltering - skip non existing resourceDirectory C:\src\ProyectoBomber\JavaWorskpace\bombero\src\test\resources
2025-02-27 15:53:04,507 [Worker-40: Building] INFO  o.a.m.s.f.DefaultMavenResourcesFiltering - Copying 1 resource from src\main\resources to target\classes
2025-02-27 15:53:04,646 [Worker-40: Building] INFO  o.a.m.s.f.DefaultMavenResourcesFiltering - Copying 0 resource from src\main\resources to target\classes
2025-02-27 15:53:04,660 [Worker-40: Building] INFO  o.a.m.s.f.DefaultMavenResourcesFiltering - skip non existing resourceDirectory C:\src\ProyectoBomber\JavaWorskpace\bombero\src\test\resources
2025-02-27 15:53:30,197 [Worker-39: Building] INFO  o.a.m.s.f.DefaultMavenResourcesFiltering - Copying 1 resource from src\main\resources to target\classes
2025-02-27 15:53:30,216 [Worker-39: Building] INFO  o.a.m.s.f.DefaultMavenResourcesFiltering - Copying 0 resource from src\main\resources to target\classes
2025-02-27 15:53:30,219 [Worker-39: Building] INFO  o.a.m.s.f.DefaultMavenResourcesFiltering - skip non existing resourceDirectory C:\src\ProyectoBomber\JavaWorskpace\bombero\src\test\resources
2025-02-27 15:53:53,304 [Worker-38: Building] INFO  o.a.m.s.f.DefaultMavenResourcesFiltering - Copying 1 resource from src\main\resources to target\classes
2025-02-27 15:53:53,308 [Worker-38: Building] INFO  o.a.m.s.f.DefaultMavenResourcesFiltering - Copying 0 resource from src\main\resources to target\classes
2025-02-27 15:53:53,310 [Worker-38: Building] INFO  o.a.m.s.f.DefaultMavenResourcesFiltering - skip non existing resourceDirectory C:\src\ProyectoBomber\JavaWorskpace\bombero\src\test\resources
2025-02-27 16:11:19,210 [Worker-44: Building] INFO  o.a.m.s.f.DefaultMavenResourcesFiltering - Copying 1 resource from src\main\resources to target\classes
2025-02-27 16:11:19,216 [Worker-44: Building] INFO  o.a.m.s.f.DefaultMavenResourcesFiltering - Copying 0 resource from src\main\resources to target\classes
2025-02-27 16:11:19,218 [Worker-44: Building] INFO  o.a.m.s.f.DefaultMavenResourcesFiltering - skip non existing resourceDirectory C:\src\ProyectoBomber\JavaWorskpace\bombero\src\test\resources
2025-02-27 16:13:39,712 [Worker-38: Building] INFO  o.a.m.s.f.DefaultMavenResourcesFiltering - Copying 1 resource from src\main\resources to target\classes
2025-02-27 16:13:39,716 [Worker-38: Building] INFO  o.a.m.s.f.DefaultMavenResourcesFiltering - Copying 0 resource from src\main\resources to target\classes
2025-02-27 16:13:39,718 [Worker-38: Building] INFO  o.a.m.s.f.DefaultMavenResourcesFiltering - skip non existing resourceDirectory C:\src\ProyectoBomber\JavaWorskpace\bombero\src\test\resources
2025-02-27 16:13:59,918 [Worker-38: Building] INFO  o.a.m.s.f.DefaultMavenResourcesFiltering - Copying 1 resource from src\main\resources to target\classes
2025-02-27 16:13:59,921 [Worker-38: Building] INFO  o.a.m.s.f.DefaultMavenResourcesFiltering - Copying 0 resource from src\main\resources to target\classes
2025-02-27 16:13:59,923 [Worker-38: Building] INFO  o.a.m.s.f.DefaultMavenResourcesFiltering - skip non existing resourceDirectory C:\src\ProyectoBomber\JavaWorskpace\bombero\src\test\resources
2025-02-27 16:16:00,992 [Worker-38: Building] INFO  o.a.m.s.f.DefaultMavenResourcesFiltering - Copying 1 resource from src\main\resources to target\classes
2025-02-27 16:16:00,995 [Worker-38: Building] INFO  o.a.m.s.f.DefaultMavenResourcesFiltering - Copying 0 resource from src\main\resources to target\classes
2025-02-27 16:16:00,998 [Worker-38: Building] INFO  o.a.m.s.f.DefaultMavenResourcesFiltering - skip non existing resourceDirectory C:\src\ProyectoBomber\JavaWorskpace\bombero\src\test\resources
2025-02-27 16:16:14,421 [Worker-45: Building] INFO  o.a.m.s.f.DefaultMavenResourcesFiltering - Copying 1 resource from src\main\resources to target\classes
2025-02-27 16:16:14,424 [Worker-45: Building] INFO  o.a.m.s.f.DefaultMavenResourcesFiltering - Copying 0 resource from src\main\resources to target\classes
2025-02-27 16:16:14,426 [Worker-45: Building] INFO  o.a.m.s.f.DefaultMavenResourcesFiltering - skip non existing resourceDirectory C:\src\ProyectoBomber\JavaWorskpace\bombero\src\test\resources
2025-02-27 16:16:22,685 [Worker-43: Building] INFO  o.a.m.s.f.DefaultMavenResourcesFiltering - Copying 1 resource from src\main\resources to target\classes
2025-02-27 16:16:22,689 [Worker-43: Building] INFO  o.a.m.s.f.DefaultMavenResourcesFiltering - Copying 0 resource from src\main\resources to target\classes
2025-02-27 16:16:22,692 [Worker-43: Building] INFO  o.a.m.s.f.DefaultMavenResourcesFiltering - skip non existing resourceDirectory C:\src\ProyectoBomber\JavaWorskpace\bombero\src\test\resources
2025-02-27 16:35:00,871 [Worker-52: Building] INFO  o.a.m.s.f.DefaultMavenResourcesFiltering - Copying 1 resource from src\main\resources to target\classes
2025-02-27 16:35:00,880 [Worker-52: Building] INFO  o.a.m.s.f.DefaultMavenResourcesFiltering - Copying 0 resource from src\main\resources to target\classes
2025-02-27 16:35:00,882 [Worker-52: Building] INFO  o.a.m.s.f.DefaultMavenResourcesFiltering - skip non existing resourceDirectory C:\src\ProyectoBomber\JavaWorskpace\bombero\src\test\resources
2025-02-27 16:35:18,938 [Worker-50: Building] INFO  o.a.m.s.f.DefaultMavenResourcesFiltering - Copying 1 resource from src\main\resources to target\classes
2025-02-27 16:35:18,942 [Worker-50: Building] INFO  o.a.m.s.f.DefaultMavenResourcesFiltering - Copying 0 resource from src\main\resources to target\classes
2025-02-27 16:35:18,945 [Worker-50: Building] INFO  o.a.m.s.f.DefaultMavenResourcesFiltering - skip non existing resourceDirectory C:\src\ProyectoBomber\JavaWorskpace\bombero\src\test\resources
2025-02-27 16:35:44,457 [Worker-52: Building] INFO  o.a.m.s.f.DefaultMavenResourcesFiltering - Copying 1 resource from src\main\resources to target\classes
2025-02-27 16:35:44,460 [Worker-52: Building] INFO  o.a.m.s.f.DefaultMavenResourcesFiltering - Copying 0 resource from src\main\resources to target\classes
2025-02-27 16:35:44,464 [Worker-52: Building] INFO  o.a.m.s.f.DefaultMavenResourcesFiltering - skip non existing resourceDirectory C:\src\ProyectoBomber\JavaWorskpace\bombero\src\test\resources
2025-02-27 19:32:50,874 [Worker-1: Loading available Gradle versions] INFO  o.e.b.c.i.u.g.PublishedGradleVersions - Gradle version information cache is out-of-date. Trying to update.
2025-02-27 19:32:52,933 [Worker-1: Loading available Gradle versions] ERROR o.e.b.c.i.u.g.PublishedGradleVersions - Cannot write Gradle version information cache file.
java.io.FileNotFoundException: C:\Users\user\.cache\tooling\gradle\versions.json (Acceso denegado)
	at java.base/java.io.FileOutputStream.open0(Native Method)
	at java.base/java.io.FileOutputStream.open(FileOutputStream.java:289)
	at java.base/java.io.FileOutputStream.<init>(FileOutputStream.java:230)
	at com.google.common.io.Files$FileByteSink.openStream(Files.java:197)
	at com.google.common.io.Files$FileByteSink.openStream(Files.java:185)
	at com.google.common.io.ByteSink$AsCharSink.openStream(ByteSink.java:152)
	at com.google.common.io.CharSource$StringCharSource.copyTo(CharSource.java:662)
	at org.eclipse.buildship.core.internal.util.gradle.PublishedGradleVersions.storeCacheVersionsFile(PublishedGradleVersions.java:184)
	at org.eclipse.buildship.core.internal.util.gradle.PublishedGradleVersions.tryToDownloadAndCacheVersions(PublishedGradleVersions.java:150)
	at org.eclipse.buildship.core.internal.util.gradle.PublishedGradleVersions.tryToUpdateOutdatedVersionsFile(PublishedGradleVersions.java:133)
	at org.eclipse.buildship.core.internal.util.gradle.PublishedGradleVersions.create(PublishedGradleVersions.java:117)
	at org.eclipse.buildship.core.internal.util.gradle.PublishedGradleVersionsWrapper$LoadVersionsJob.run(PublishedGradleVersionsWrapper.java:73)
	at org.eclipse.core.internal.jobs.Worker.run(Worker.java:63)
2025-02-27 19:35:46,693 [Worker-9: Building] INFO  o.a.m.s.f.DefaultMavenResourcesFiltering - Copying 1 resource from src\main\resources to target\classes
2025-02-27 19:35:46,721 [Worker-9: Building] INFO  o.a.m.s.f.DefaultMavenResourcesFiltering - Copying 0 resource from src\main\resources to target\classes
2025-02-27 19:35:46,730 [Worker-9: Building] INFO  o.a.m.s.f.DefaultMavenResourcesFiltering - skip non existing resourceDirectory C:\src\ProyectoBomber\JavaWorskpace\bombero\src\test\resources
2025-02-27 19:38:07,264 [Worker-19: Building] INFO  o.a.m.s.f.DefaultMavenResourcesFiltering - Copying 1 resource from src\main\resources to target\classes
2025-02-27 19:38:07,277 [Worker-19: Building] INFO  o.a.m.s.f.DefaultMavenResourcesFiltering - Copying 0 resource from src\main\resources to target\classes
2025-02-27 19:38:07,284 [Worker-19: Building] INFO  o.a.m.s.f.DefaultMavenResourcesFiltering - skip non existing resourceDirectory C:\src\ProyectoBomber\JavaWorskpace\bombero\src\test\resources
2025-02-27 19:38:41,510 [Worker-20: Building] INFO  o.a.m.s.f.DefaultMavenResourcesFiltering - Copying 1 resource from src\main\resources to target\classes
2025-02-27 19:38:41,527 [Worker-20: Building] INFO  o.a.m.s.f.DefaultMavenResourcesFiltering - Copying 2 resources from src\main\resources to target\classes
2025-02-27 19:38:41,533 [Worker-20: Building] INFO  o.a.m.s.f.DefaultMavenResourcesFiltering - skip non existing resourceDirectory C:\Users\user\Documents\TALLER 4\clase_relaciones_2024\src\test\resources
2025-02-27 19:41:09,323 [Worker-13: Building] INFO  o.a.m.s.f.DefaultMavenResourcesFiltering - Copying 1 resource from src\main\resources to target\classes
2025-02-27 19:41:09,328 [Worker-13: Building] INFO  o.a.m.s.f.DefaultMavenResourcesFiltering - Copying 0 resource from src\main\resources to target\classes
2025-02-27 19:41:09,332 [Worker-13: Building] INFO  o.a.m.s.f.DefaultMavenResourcesFiltering - skip non existing resourceDirectory C:\src\ProyectoBomber\JavaWorskpace\bombero\src\test\resources
2025-02-27 19:41:42,043 [Worker-13: Building] INFO  o.a.m.s.f.DefaultMavenResourcesFiltering - Copying 1 resource from src\main\resources to target\classes
2025-02-27 19:41:42,052 [Worker-13: Building] INFO  o.a.m.s.f.DefaultMavenResourcesFiltering - Copying 0 resource from src\main\resources to target\classes
2025-02-27 19:41:42,055 [Worker-13: Building] INFO  o.a.m.s.f.DefaultMavenResourcesFiltering - skip non existing resourceDirectory C:\src\ProyectoBomber\JavaWorskpace\bombero\src\test\resources
2025-02-27 19:42:17,136 [Worker-24: Building] INFO  o.a.m.s.f.DefaultMavenResourcesFiltering - Copying 1 resource from src\main\resources to target\classes
2025-02-27 19:42:17,141 [Worker-24: Building] INFO  o.a.m.s.f.DefaultMavenResourcesFiltering - Copying 0 resource from src\main\resources to target\classes
2025-02-27 19:42:17,144 [Worker-24: Building] INFO  o.a.m.s.f.DefaultMavenResourcesFiltering - skip non existing resourceDirectory C:\src\ProyectoBomber\JavaWorskpace\bombero\src\test\resources
2025-02-27 19:43:05,955 [Worker-24: Building] INFO  o.a.m.s.f.DefaultMavenResourcesFiltering - Copying 1 resource from src\main\resources to target\classes
2025-02-27 19:43:05,968 [Worker-24: Building] INFO  o.a.m.s.f.DefaultMavenResourcesFiltering - Copying 0 resource from src\main\resources to target\classes
2025-02-27 19:43:05,978 [Worker-24: Building] INFO  o.a.m.s.f.DefaultMavenResourcesFiltering - skip non existing resourceDirectory C:\src\ProyectoBomber\JavaWorskpace\bombero\src\test\resources
2025-02-27 19:44:52,827 [Worker-26: Building] INFO  o.a.m.s.f.DefaultMavenResourcesFiltering - Copying 1 resource from src\main\resources to target\classes
2025-02-27 19:44:52,849 [Worker-26: Building] INFO  o.a.m.s.f.DefaultMavenResourcesFiltering - Copying 0 resource from src\main\resources to target\classes
2025-02-27 19:44:52,860 [Worker-26: Building] INFO  o.a.m.s.f.DefaultMavenResourcesFiltering - skip non existing resourceDirectory C:\src\ProyectoBomber\JavaWorskpace\bombero\src\test\resources
2025-02-27 19:47:13,571 [Worker-25: Building] INFO  o.a.m.s.f.DefaultMavenResourcesFiltering - Copying 1 resource from src\main\resources to target\classes
2025-02-27 19:47:13,583 [Worker-25: Building] INFO  o.a.m.s.f.DefaultMavenResourcesFiltering - Copying 0 resource from src\main\resources to target\classes
2025-02-27 19:47:13,591 [Worker-25: Building] INFO  o.a.m.s.f.DefaultMavenResourcesFiltering - skip non existing resourceDirectory C:\src\ProyectoBomber\JavaWorskpace\bombero\src\test\resources
2025-02-27 19:50:53,377 [Worker-26: Building] INFO  o.a.m.s.f.DefaultMavenResourcesFiltering - Copying 1 resource from src\main\resources to target\classes
2025-02-27 19:50:53,384 [Worker-26: Building] INFO  o.a.m.s.f.DefaultMavenResourcesFiltering - Copying 0 resource from src\main\resources to target\classes
2025-02-27 19:50:53,390 [Worker-26: Building] INFO  o.a.m.s.f.DefaultMavenResourcesFiltering - skip non existing resourceDirectory C:\src\ProyectoBomber\JavaWorskpace\bombero\src\test\resources
2025-02-27 19:50:56,502 [Worker-31: Building] INFO  o.a.m.s.f.DefaultMavenResourcesFiltering - Copying 1 resource from src\main\resources to target\classes
2025-02-27 19:50:56,507 [Worker-31: Building] INFO  o.a.m.s.f.DefaultMavenResourcesFiltering - Copying 0 resource from src\main\resources to target\classes
2025-02-27 19:50:56,511 [Worker-31: Building] INFO  o.a.m.s.f.DefaultMavenResourcesFiltering - skip non existing resourceDirectory C:\src\ProyectoBomber\JavaWorskpace\bombero\src\test\resources
2025-02-27 19:50:57,757 [Worker-30: Building] INFO  o.a.m.s.f.DefaultMavenResourcesFiltering - Copying 1 resource from src\main\resources to target\classes
2025-02-27 19:50:57,769 [Worker-30: Building] INFO  o.a.m.s.f.DefaultMavenResourcesFiltering - Copying 0 resource from src\main\resources to target\classes
2025-02-27 19:50:57,774 [Worker-30: Building] INFO  o.a.m.s.f.DefaultMavenResourcesFiltering - skip non existing resourceDirectory C:\src\ProyectoBomber\JavaWorskpace\bombero\src\test\resources
2025-02-27 19:50:59,900 [Worker-30: Building] INFO  o.a.m.s.f.DefaultMavenResourcesFiltering - Copying 1 resource from src\main\resources to target\classes
2025-02-27 19:50:59,905 [Worker-30: Building] INFO  o.a.m.s.f.DefaultMavenResourcesFiltering - Copying 0 resource from src\main\resources to target\classes
2025-02-27 19:50:59,909 [Worker-30: Building] INFO  o.a.m.s.f.DefaultMavenResourcesFiltering - skip non existing resourceDirectory C:\src\ProyectoBomber\JavaWorskpace\bombero\src\test\resources
2025-02-27 19:57:38,401 [Worker-33: Building] INFO  o.a.m.s.f.DefaultMavenResourcesFiltering - Copying 1 resource from src\main\resources to target\classes
2025-02-27 19:57:38,410 [Worker-33: Building] INFO  o.a.m.s.f.DefaultMavenResourcesFiltering - Copying 0 resource from src\main\resources to target\classes
2025-02-27 19:57:38,414 [Worker-33: Building] INFO  o.a.m.s.f.DefaultMavenResourcesFiltering - skip non existing resourceDirectory C:\src\ProyectoBomber\JavaWorskpace\bombero\src\test\resources
2025-02-27 20:38:54,570 [Worker-41: Building] INFO  o.e.m.c.i.l.LifecycleMappingFactory - Using org.maven.ide.eclipse.wtp.WarLifecycleMapping lifecycle mapping for MavenProject: py.edu.com.facitec:bombero:0.0.1-SNAPSHOT @ C:\src\ProyectoBomber\JavaWorskpace\bombero\pom.xml.
2025-02-27 20:38:56,599 [Worker-41: Building] INFO  o.a.m.s.f.DefaultMavenResourcesFiltering - Copying 0 resource from src\main\resources to target\classes
2025-02-27 20:38:56,601 [Worker-41: Building] INFO  o.a.m.s.f.DefaultMavenResourcesFiltering - Copying 0 resource from src\main\resources to target\classes
2025-02-27 20:38:56,608 [Worker-41: Building] INFO  o.a.m.s.f.DefaultMavenResourcesFiltering - skip non existing resourceDirectory C:\src\ProyectoBomber\JavaWorskpace\bombero\src\test\resources
2025-02-27 20:38:56,612 [Worker-41: Building] INFO  o.e.m.w.i.f.ResourceFilteringBuildParticipant - Changed resources require a complete clean of filtered resources of bombero
2025-02-27 20:38:56,614 [Worker-41: Building] INFO  o.e.m.w.i.f.ResourceFilteringBuildParticipant - Executing resource filtering for bombero
2025-02-27 20:39:35,813 [Worker-42: Building] INFO  o.e.m.c.i.l.LifecycleMappingFactory - Using org.maven.ide.eclipse.wtp.WarLifecycleMapping lifecycle mapping for MavenProject: py.edu.com.facitec:bombero:0.0.1-SNAPSHOT @ C:\src\ProyectoBomber\JavaWorskpace\bombero\pom.xml.
2025-02-27 20:39:36,812 [Worker-42: Building] INFO  o.a.m.s.f.DefaultMavenResourcesFiltering - Copying 0 resource from src\main\resources to target\classes
2025-02-27 20:39:36,813 [Worker-42: Building] INFO  o.a.m.s.f.DefaultMavenResourcesFiltering - Copying 0 resource from src\main\resources to target\classes
2025-02-27 20:39:36,819 [Worker-42: Building] INFO  o.a.m.s.f.DefaultMavenResourcesFiltering - skip non existing resourceDirectory C:\src\ProyectoBomber\JavaWorskpace\bombero\src\test\resources
2025-02-27 20:39:36,819 [Worker-42: Building] INFO  o.e.m.w.i.f.ResourceFilteringBuildParticipant - Changed resources require a complete clean of filtered resources of bombero
2025-02-27 20:39:36,820 [Worker-42: Building] INFO  o.e.m.w.i.f.ResourceFilteringBuildParticipant - Executing resource filtering for bombero
2025-02-27 20:39:38,281 [Worker-47: Building] INFO  o.e.m.c.i.l.LifecycleMappingFactory - Using org.maven.ide.eclipse.wtp.WarLifecycleMapping lifecycle mapping for MavenProject: py.edu.com.facitec:bombero:0.0.1-SNAPSHOT @ C:\src\ProyectoBomber\JavaWorskpace\bombero\pom.xml.
2025-02-27 20:39:39,040 [Worker-47: Building] INFO  o.a.m.s.f.DefaultMavenResourcesFiltering - Copying 0 resource from src\main\resources to target\classes
2025-02-27 20:39:39,042 [Worker-47: Building] INFO  o.a.m.s.f.DefaultMavenResourcesFiltering - Copying 0 resource from src\main\resources to target\classes
2025-02-27 20:39:39,049 [Worker-47: Building] INFO  o.a.m.s.f.DefaultMavenResourcesFiltering - skip non existing resourceDirectory C:\src\ProyectoBomber\JavaWorskpace\bombero\src\test\resources
2025-02-27 20:39:39,050 [Worker-47: Building] INFO  o.e.m.w.i.f.ResourceFilteringBuildParticipant - Changed resources require a complete clean of filtered resources of bombero
2025-02-27 20:39:39,050 [Worker-47: Building] INFO  o.e.m.w.i.f.ResourceFilteringBuildParticipant - Executing resource filtering for bombero
2025-02-27 20:39:50,549 [Worker-45: Building] INFO  o.e.m.c.i.l.LifecycleMappingFactory - Using org.maven.ide.eclipse.wtp.WarLifecycleMapping lifecycle mapping for MavenProject: py.edu.com.facitec:bombero:0.0.1-SNAPSHOT @ C:\src\ProyectoBomber\JavaWorskpace\bombero\pom.xml.
2025-02-27 20:39:51,479 [Worker-45: Building] INFO  o.a.m.s.f.DefaultMavenResourcesFiltering - Copying 0 resource from src\main\resources to target\classes
2025-02-27 20:39:51,480 [Worker-45: Building] INFO  o.a.m.s.f.DefaultMavenResourcesFiltering - Copying 0 resource from src\main\resources to target\classes
2025-02-27 20:39:51,485 [Worker-45: Building] INFO  o.a.m.s.f.DefaultMavenResourcesFiltering - skip non existing resourceDirectory C:\src\ProyectoBomber\JavaWorskpace\bombero\src\test\resources
2025-02-27 20:39:51,486 [Worker-45: Building] INFO  o.e.m.w.i.f.ResourceFilteringBuildParticipant - Changed resources require a complete clean of filtered resources of bombero
2025-02-27 20:39:51,486 [Worker-45: Building] INFO  o.e.m.w.i.f.ResourceFilteringBuildParticipant - Executing resource filtering for bombero
2025-02-27 20:44:12,057 [Worker-47: Building] INFO  o.a.m.s.f.DefaultMavenResourcesFiltering - Copying 1 resource from src\main\resources to target\classes
2025-02-27 20:44:12,086 [Worker-47: Building] INFO  o.a.m.s.f.DefaultMavenResourcesFiltering - Copying 0 resource from src\main\resources to target\classes
2025-02-27 20:44:12,092 [Worker-47: Building] INFO  o.a.m.s.f.DefaultMavenResourcesFiltering - skip non existing resourceDirectory C:\src\ProyectoBomber\JavaWorskpace\bombero\src\test\resources
2025-02-27 20:45:34,082 [Worker-47: Building] INFO  o.a.m.s.f.DefaultMavenResourcesFiltering - Copying 1 resource from src\main\resources to target\classes
2025-02-27 20:45:34,095 [Worker-47: Building] INFO  o.a.m.s.f.DefaultMavenResourcesFiltering - Copying 0 resource from src\main\resources to target\classes
2025-02-27 20:45:34,100 [Worker-47: Building] INFO  o.a.m.s.f.DefaultMavenResourcesFiltering - skip non existing resourceDirectory C:\src\ProyectoBomber\JavaWorskpace\bombero\src\test\resources
2025-02-27 20:48:14,320 [Worker-51: Building] INFO  o.a.m.s.f.DefaultMavenResourcesFiltering - Copying 1 resource from src\main\resources to target\classes
2025-02-27 20:48:14,329 [Worker-51: Building] INFO  o.a.m.s.f.DefaultMavenResourcesFiltering - Copying 0 resource from src\main\resources to target\classes
2025-02-27 20:48:14,333 [Worker-51: Building] INFO  o.a.m.s.f.DefaultMavenResourcesFiltering - skip non existing resourceDirectory C:\src\ProyectoBomber\JavaWorskpace\bombero\src\test\resources
2025-02-27 20:48:26,926 [Worker-51: Building] INFO  o.a.m.s.f.DefaultMavenResourcesFiltering - Copying 1 resource from src\main\resources to target\classes
2025-02-27 20:48:26,932 [Worker-51: Building] INFO  o.a.m.s.f.DefaultMavenResourcesFiltering - Copying 0 resource from src\main\resources to target\classes
2025-02-27 20:48:26,937 [Worker-51: Building] INFO  o.a.m.s.f.DefaultMavenResourcesFiltering - skip non existing resourceDirectory C:\src\ProyectoBomber\JavaWorskpace\bombero\src\test\resources
2025-02-27 20:48:41,730 [Worker-51: Building] INFO  o.a.m.s.f.DefaultMavenResourcesFiltering - Copying 1 resource from src\main\resources to target\classes
2025-02-27 20:48:41,734 [Worker-51: Building] INFO  o.a.m.s.f.DefaultMavenResourcesFiltering - Copying 0 resource from src\main\resources to target\classes
2025-02-27 20:48:41,737 [Worker-51: Building] INFO  o.a.m.s.f.DefaultMavenResourcesFiltering - skip non existing resourceDirectory C:\src\ProyectoBomber\JavaWorskpace\bombero\src\test\resources
2025-02-27 20:48:49,736 [Worker-53: Building] INFO  o.a.m.s.f.DefaultMavenResourcesFiltering - Copying 1 resource from src\main\resources to target\classes
2025-02-27 20:48:49,741 [Worker-53: Building] INFO  o.a.m.s.f.DefaultMavenResourcesFiltering - Copying 0 resource from src\main\resources to target\classes
2025-02-27 20:48:49,745 [Worker-53: Building] INFO  o.a.m.s.f.DefaultMavenResourcesFiltering - skip non existing resourceDirectory C:\src\ProyectoBomber\JavaWorskpace\bombero\src\test\resources
2025-02-27 20:50:16,701 [Worker-50: Building] INFO  o.a.m.s.f.DefaultMavenResourcesFiltering - Copying 1 resource from src\main\resources to target\classes
2025-02-27 20:50:16,707 [Worker-50: Building] INFO  o.a.m.s.f.DefaultMavenResourcesFiltering - Copying 0 resource from src\main\resources to target\classes
2025-02-27 20:50:16,713 [Worker-50: Building] INFO  o.a.m.s.f.DefaultMavenResourcesFiltering - skip non existing resourceDirectory C:\src\ProyectoBomber\JavaWorskpace\bombero\src\test\resources
2025-02-27 20:51:25,016 [Worker-53: Building] INFO  o.a.m.s.f.DefaultMavenResourcesFiltering - Copying 1 resource from src\main\resources to target\classes
2025-02-27 20:51:25,035 [Worker-53: Building] INFO  o.a.m.s.f.DefaultMavenResourcesFiltering - Copying 0 resource from src\main\resources to target\classes
2025-02-27 20:51:25,044 [Worker-53: Building] INFO  o.a.m.s.f.DefaultMavenResourcesFiltering - skip non existing resourceDirectory C:\src\ProyectoBomber\JavaWorskpace\bombero\src\test\resources
2025-02-27 20:55:05,646 [Worker-56: Building] INFO  o.a.m.s.f.DefaultMavenResourcesFiltering - Copying 1 resource from src\main\resources to target\classes
2025-02-27 20:55:05,661 [Worker-56: Building] INFO  o.a.m.s.f.DefaultMavenResourcesFiltering - Copying 0 resource from src\main\resources to target\classes
2025-02-27 20:55:05,667 [Worker-56: Building] INFO  o.a.m.s.f.DefaultMavenResourcesFiltering - skip non existing resourceDirectory C:\src\ProyectoBomber\JavaWorskpace\bombero\src\test\resources
2025-02-27 20:57:31,116 [Worker-47: Building] INFO  o.a.m.s.f.DefaultMavenResourcesFiltering - Copying 1 resource from src\main\resources to target\classes
2025-02-27 20:57:31,121 [Worker-47: Building] INFO  o.a.m.s.f.DefaultMavenResourcesFiltering - Copying 0 resource from src\main\resources to target\classes
2025-02-27 20:57:31,123 [Worker-47: Building] INFO  o.a.m.s.f.DefaultMavenResourcesFiltering - skip non existing resourceDirectory C:\src\ProyectoBomber\JavaWorskpace\bombero\src\test\resources
2025-02-27 20:57:50,871 [Worker-57: Building] INFO  o.a.m.s.f.DefaultMavenResourcesFiltering - Copying 1 resource from src\main\resources to target\classes
2025-02-27 20:57:50,875 [Worker-57: Building] INFO  o.a.m.s.f.DefaultMavenResourcesFiltering - Copying 0 resource from src\main\resources to target\classes
2025-02-27 20:57:50,879 [Worker-57: Building] INFO  o.a.m.s.f.DefaultMavenResourcesFiltering - skip non existing resourceDirectory C:\src\ProyectoBomber\JavaWorskpace\bombero\src\test\resources
2025-02-27 20:58:21,809 [Worker-56: Building] INFO  o.a.m.s.f.DefaultMavenResourcesFiltering - Copying 1 resource from src\main\resources to target\classes
2025-02-27 20:58:21,813 [Worker-56: Building] INFO  o.a.m.s.f.DefaultMavenResourcesFiltering - Copying 0 resource from src\main\resources to target\classes
2025-02-27 20:58:21,815 [Worker-56: Building] INFO  o.a.m.s.f.DefaultMavenResourcesFiltering - skip non existing resourceDirectory C:\src\ProyectoBomber\JavaWorskpace\bombero\src\test\resources
2025-02-27 20:58:26,003 [Worker-59: Building] INFO  o.a.m.s.f.DefaultMavenResourcesFiltering - Copying 1 resource from src\main\resources to target\classes
2025-02-27 20:58:26,006 [Worker-59: Building] INFO  o.a.m.s.f.DefaultMavenResourcesFiltering - Copying 0 resource from src\main\resources to target\classes
2025-02-27 20:58:26,008 [Worker-59: Building] INFO  o.a.m.s.f.DefaultMavenResourcesFiltering - skip non existing resourceDirectory C:\src\ProyectoBomber\JavaWorskpace\bombero\src\test\resources
2025-02-27 20:58:43,262 [Worker-59: Building] INFO  o.a.m.s.f.DefaultMavenResourcesFiltering - Copying 1 resource from src\main\resources to target\classes
2025-02-27 20:58:43,266 [Worker-59: Building] INFO  o.a.m.s.f.DefaultMavenResourcesFiltering - Copying 0 resource from src\main\resources to target\classes
2025-02-27 20:58:43,269 [Worker-59: Building] INFO  o.a.m.s.f.DefaultMavenResourcesFiltering - skip non existing resourceDirectory C:\src\ProyectoBomber\JavaWorskpace\bombero\src\test\resources
2025-02-27 20:59:59,304 [Worker-47: Building] INFO  o.a.m.s.f.DefaultMavenResourcesFiltering - Copying 1 resource from src\main\resources to target\classes
2025-02-27 20:59:59,308 [Worker-47: Building] INFO  o.a.m.s.f.DefaultMavenResourcesFiltering - Copying 0 resource from src\main\resources to target\classes
2025-02-27 20:59:59,310 [Worker-47: Building] INFO  o.a.m.s.f.DefaultMavenResourcesFiltering - skip non existing resourceDirectory C:\src\ProyectoBomber\JavaWorskpace\bombero\src\test\resources
2025-02-27 21:00:26,903 [Worker-57: Building] INFO  o.a.m.s.f.DefaultMavenResourcesFiltering - Copying 1 resource from src\main\resources to target\classes
2025-02-27 21:00:26,907 [Worker-57: Building] INFO  o.a.m.s.f.DefaultMavenResourcesFiltering - Copying 0 resource from src\main\resources to target\classes
2025-02-27 21:00:26,909 [Worker-57: Building] INFO  o.a.m.s.f.DefaultMavenResourcesFiltering - skip non existing resourceDirectory C:\src\ProyectoBomber\JavaWorskpace\bombero\src\test\resources
2025-02-27 21:01:04,322 [Worker-58: Building] INFO  o.a.m.s.f.DefaultMavenResourcesFiltering - Copying 1 resource from src\main\resources to target\classes
2025-02-27 21:01:04,327 [Worker-58: Building] INFO  o.a.m.s.f.DefaultMavenResourcesFiltering - Copying 0 resource from src\main\resources to target\classes
2025-02-27 21:01:04,330 [Worker-58: Building] INFO  o.a.m.s.f.DefaultMavenResourcesFiltering - skip non existing resourceDirectory C:\src\ProyectoBomber\JavaWorskpace\bombero\src\test\resources
2025-02-27 21:04:14,816 [Worker-57: Building] INFO  o.a.m.s.f.DefaultMavenResourcesFiltering - Copying 1 resource from src\main\resources to target\classes
2025-02-27 21:04:14,821 [Worker-57: Building] INFO  o.a.m.s.f.DefaultMavenResourcesFiltering - Copying 0 resource from src\main\resources to target\classes
2025-02-27 21:04:14,823 [Worker-57: Building] INFO  o.a.m.s.f.DefaultMavenResourcesFiltering - skip non existing resourceDirectory C:\src\ProyectoBomber\JavaWorskpace\bombero\src\test\resources
2025-02-27 21:04:35,908 [Worker-47: Building] INFO  o.a.m.s.f.DefaultMavenResourcesFiltering - Copying 1 resource from src\main\resources to target\classes
2025-02-27 21:04:35,912 [Worker-47: Building] INFO  o.a.m.s.f.DefaultMavenResourcesFiltering - Copying 0 resource from src\main\resources to target\classes
2025-02-27 21:04:35,914 [Worker-47: Building] INFO  o.a.m.s.f.DefaultMavenResourcesFiltering - skip non existing resourceDirectory C:\src\ProyectoBomber\JavaWorskpace\bombero\src\test\resources
2025-02-27 21:06:00,473 [Worker-61: Building] INFO  o.a.m.s.f.DefaultMavenResourcesFiltering - Copying 1 resource from src\main\resources to target\classes
2025-02-27 21:06:00,477 [Worker-61: Building] INFO  o.a.m.s.f.DefaultMavenResourcesFiltering - Copying 0 resource from src\main\resources to target\classes
2025-02-27 21:06:00,480 [Worker-61: Building] INFO  o.a.m.s.f.DefaultMavenResourcesFiltering - skip non existing resourceDirectory C:\src\ProyectoBomber\JavaWorskpace\bombero\src\test\resources
2025-02-27 21:06:28,196 [Worker-59: Building] INFO  o.a.m.s.f.DefaultMavenResourcesFiltering - Copying 1 resource from src\main\resources to target\classes
2025-02-27 21:06:28,200 [Worker-59: Building] INFO  o.a.m.s.f.DefaultMavenResourcesFiltering - Copying 0 resource from src\main\resources to target\classes
2025-02-27 21:06:28,201 [Worker-59: Building] INFO  o.a.m.s.f.DefaultMavenResourcesFiltering - skip non existing resourceDirectory C:\src\ProyectoBomber\JavaWorskpace\bombero\src\test\resources
2025-02-27 21:06:32,041 [Worker-61: Building] INFO  o.a.m.s.f.DefaultMavenResourcesFiltering - Copying 1 resource from src\main\resources to target\classes
2025-02-27 21:06:32,045 [Worker-61: Building] INFO  o.a.m.s.f.DefaultMavenResourcesFiltering - Copying 0 resource from src\main\resources to target\classes
2025-02-27 21:06:32,047 [Worker-61: Building] INFO  o.a.m.s.f.DefaultMavenResourcesFiltering - skip non existing resourceDirectory C:\src\ProyectoBomber\JavaWorskpace\bombero\src\test\resources
2025-02-27 21:07:03,534 [Worker-61: Building] INFO  o.a.m.s.f.DefaultMavenResourcesFiltering - Copying 1 resource from src\main\resources to target\classes
2025-02-27 21:07:03,537 [Worker-61: Building] INFO  o.a.m.s.f.DefaultMavenResourcesFiltering - Copying 0 resource from src\main\resources to target\classes
2025-02-27 21:07:03,539 [Worker-61: Building] INFO  o.a.m.s.f.DefaultMavenResourcesFiltering - skip non existing resourceDirectory C:\src\ProyectoBomber\JavaWorskpace\bombero\src\test\resources
2025-02-27 21:07:43,827 [Worker-57: Building] INFO  o.a.m.s.f.DefaultMavenResourcesFiltering - Copying 1 resource from src\main\resources to target\classes
2025-02-27 21:07:43,831 [Worker-57: Building] INFO  o.a.m.s.f.DefaultMavenResourcesFiltering - Copying 0 resource from src\main\resources to target\classes
2025-02-27 21:07:43,833 [Worker-57: Building] INFO  o.a.m.s.f.DefaultMavenResourcesFiltering - skip non existing resourceDirectory C:\src\ProyectoBomber\JavaWorskpace\bombero\src\test\resources
2025-02-27 21:08:22,166 [Worker-57: Building] INFO  o.a.m.s.f.DefaultMavenResourcesFiltering - Copying 1 resource from src\main\resources to target\classes
2025-02-27 21:08:22,169 [Worker-57: Building] INFO  o.a.m.s.f.DefaultMavenResourcesFiltering - Copying 0 resource from src\main\resources to target\classes
2025-02-27 21:08:22,171 [Worker-57: Building] INFO  o.a.m.s.f.DefaultMavenResourcesFiltering - skip non existing resourceDirectory C:\src\ProyectoBomber\JavaWorskpace\bombero\src\test\resources
2025-02-27 21:09:45,269 [Worker-57: Building] INFO  o.a.m.s.f.DefaultMavenResourcesFiltering - Copying 1 resource from src\main\resources to target\classes
2025-02-27 21:09:45,274 [Worker-57: Building] INFO  o.a.m.s.f.DefaultMavenResourcesFiltering - Copying 0 resource from src\main\resources to target\classes
2025-02-27 21:09:45,276 [Worker-57: Building] INFO  o.a.m.s.f.DefaultMavenResourcesFiltering - skip non existing resourceDirectory C:\src\ProyectoBomber\JavaWorskpace\bombero\src\test\resources
2025-02-27 21:10:21,368 [Worker-47: Building] INFO  o.a.m.s.f.DefaultMavenResourcesFiltering - Copying 1 resource from src\main\resources to target\classes
2025-02-27 21:10:21,372 [Worker-47: Building] INFO  o.a.m.s.f.DefaultMavenResourcesFiltering - Copying 0 resource from src\main\resources to target\classes
2025-02-27 21:10:21,374 [Worker-47: Building] INFO  o.a.m.s.f.DefaultMavenResourcesFiltering - skip non existing resourceDirectory C:\src\ProyectoBomber\JavaWorskpace\bombero\src\test\resources
2025-02-27 21:11:05,353 [Worker-58: Building] INFO  o.a.m.s.f.DefaultMavenResourcesFiltering - Copying 1 resource from src\main\resources to target\classes
2025-02-27 21:11:05,356 [Worker-58: Building] INFO  o.a.m.s.f.DefaultMavenResourcesFiltering - Copying 0 resource from src\main\resources to target\classes
2025-02-27 21:11:05,358 [Worker-58: Building] INFO  o.a.m.s.f.DefaultMavenResourcesFiltering - skip non existing resourceDirectory C:\src\ProyectoBomber\JavaWorskpace\bombero\src\test\resources
2025-02-27 21:21:19,280 [Worker-64: Building] INFO  o.a.m.s.f.DefaultMavenResourcesFiltering - Copying 1 resource from src\main\resources to target\classes
2025-02-27 21:21:19,286 [Worker-64: Building] INFO  o.a.m.s.f.DefaultMavenResourcesFiltering - Copying 0 resource from src\main\resources to target\classes
2025-02-27 21:21:19,288 [Worker-64: Building] INFO  o.a.m.s.f.DefaultMavenResourcesFiltering - skip non existing resourceDirectory C:\src\ProyectoBomber\JavaWorskpace\bombero\src\test\resources
2025-02-27 21:22:20,497 [Worker-67: Building] INFO  o.a.m.s.f.DefaultMavenResourcesFiltering - Copying 1 resource from src\main\resources to target\classes
2025-02-27 21:22:20,501 [Worker-67: Building] INFO  o.a.m.s.f.DefaultMavenResourcesFiltering - Copying 0 resource from src\main\resources to target\classes
2025-02-27 21:22:20,503 [Worker-67: Building] INFO  o.a.m.s.f.DefaultMavenResourcesFiltering - skip non existing resourceDirectory C:\src\ProyectoBomber\JavaWorskpace\bombero\src\test\resources
2025-02-27 21:23:33,352 [Worker-64: Building] INFO  o.a.m.s.f.DefaultMavenResourcesFiltering - Copying 1 resource from src\main\resources to target\classes
2025-02-27 21:23:33,357 [Worker-64: Building] INFO  o.a.m.s.f.DefaultMavenResourcesFiltering - Copying 0 resource from src\main\resources to target\classes
2025-02-27 21:23:33,360 [Worker-64: Building] INFO  o.a.m.s.f.DefaultMavenResourcesFiltering - skip non existing resourceDirectory C:\src\ProyectoBomber\JavaWorskpace\bombero\src\test\resources
2025-02-27 22:02:12,222 [Worker-72: Building] INFO  o.a.m.s.f.DefaultMavenResourcesFiltering - Copying 1 resource from src\main\resources to target\classes
2025-02-27 22:02:12,234 [Worker-72: Building] INFO  o.a.m.s.f.DefaultMavenResourcesFiltering - Copying 0 resource from src\main\resources to target\classes
2025-02-27 22:02:12,239 [Worker-72: Building] INFO  o.a.m.s.f.DefaultMavenResourcesFiltering - skip non existing resourceDirectory C:\src\ProyectoBomber\JavaWorskpace\bombero\src\test\resources
2025-02-27 22:03:50,572 [Worker-74: Building] INFO  o.a.m.s.f.DefaultMavenResourcesFiltering - Copying 1 resource from src\main\resources to target\classes
2025-02-27 22:03:50,584 [Worker-74: Building] INFO  o.a.m.s.f.DefaultMavenResourcesFiltering - Copying 0 resource from src\main\resources to target\classes
2025-02-27 22:03:50,587 [Worker-74: Building] INFO  o.a.m.s.f.DefaultMavenResourcesFiltering - skip non existing resourceDirectory C:\src\ProyectoBomber\JavaWorskpace\bombero\src\test\resources
2025-02-27 22:05:20,159 [Worker-79: Building] INFO  o.a.m.s.f.DefaultMavenResourcesFiltering - Copying 1 resource from src\main\resources to target\classes
2025-02-27 22:05:20,163 [Worker-79: Building] INFO  o.a.m.s.f.DefaultMavenResourcesFiltering - Copying 0 resource from src\main\resources to target\classes
2025-02-27 22:05:20,166 [Worker-79: Building] INFO  o.a.m.s.f.DefaultMavenResourcesFiltering - skip non existing resourceDirectory C:\src\ProyectoBomber\JavaWorskpace\bombero\src\test\resources
2025-02-27 22:07:26,994 [Worker-72: Building] INFO  o.a.m.s.f.DefaultMavenResourcesFiltering - Copying 1 resource from src\main\resources to target\classes
2025-02-27 22:07:27,002 [Worker-72: Building] INFO  o.a.m.s.f.DefaultMavenResourcesFiltering - Copying 0 resource from src\main\resources to target\classes
2025-02-27 22:07:27,005 [Worker-72: Building] INFO  o.a.m.s.f.DefaultMavenResourcesFiltering - skip non existing resourceDirectory C:\src\ProyectoBomber\JavaWorskpace\bombero\src\test\resources
2025-02-27 22:07:28,123 [Worker-82: Building] INFO  o.a.m.s.f.DefaultMavenResourcesFiltering - Copying 1 resource from src\main\resources to target\classes
2025-02-27 22:07:28,129 [Worker-82: Building] INFO  o.a.m.s.f.DefaultMavenResourcesFiltering - Copying 0 resource from src\main\resources to target\classes
2025-02-27 22:07:28,132 [Worker-82: Building] INFO  o.a.m.s.f.DefaultMavenResourcesFiltering - skip non existing resourceDirectory C:\src\ProyectoBomber\JavaWorskpace\bombero\src\test\resources
2025-02-27 22:07:29,252 [Worker-72: Building] INFO  o.a.m.s.f.DefaultMavenResourcesFiltering - Copying 1 resource from src\main\resources to target\classes
2025-02-27 22:07:29,258 [Worker-72: Building] INFO  o.a.m.s.f.DefaultMavenResourcesFiltering - Copying 0 resource from src\main\resources to target\classes
2025-02-27 22:07:29,261 [Worker-72: Building] INFO  o.a.m.s.f.DefaultMavenResourcesFiltering - skip non existing resourceDirectory C:\src\ProyectoBomber\JavaWorskpace\bombero\src\test\resources
2025-02-27 22:07:30,348 [Worker-80: Building] INFO  o.a.m.s.f.DefaultMavenResourcesFiltering - Copying 1 resource from src\main\resources to target\classes
2025-02-27 22:07:30,355 [Worker-80: Building] INFO  o.a.m.s.f.DefaultMavenResourcesFiltering - Copying 0 resource from src\main\resources to target\classes
2025-02-27 22:07:30,358 [Worker-80: Building] INFO  o.a.m.s.f.DefaultMavenResourcesFiltering - skip non existing resourceDirectory C:\src\ProyectoBomber\JavaWorskpace\bombero\src\test\resources
2025-02-27 22:07:32,498 [Worker-79: Building] INFO  o.a.m.s.f.DefaultMavenResourcesFiltering - Copying 1 resource from src\main\resources to target\classes
2025-02-27 22:07:32,502 [Worker-79: Building] INFO  o.a.m.s.f.DefaultMavenResourcesFiltering - Copying 0 resource from src\main\resources to target\classes
2025-02-27 22:07:32,505 [Worker-79: Building] INFO  o.a.m.s.f.DefaultMavenResourcesFiltering - skip non existing resourceDirectory C:\src\ProyectoBomber\JavaWorskpace\bombero\src\test\resources
2025-02-27 22:07:33,586 [Worker-81: Building] INFO  o.a.m.s.f.DefaultMavenResourcesFiltering - Copying 1 resource from src\main\resources to target\classes
2025-02-27 22:07:33,605 [Worker-81: Building] INFO  o.a.m.s.f.DefaultMavenResourcesFiltering - Copying 0 resource from src\main\resources to target\classes
2025-02-27 22:07:33,608 [Worker-81: Building] INFO  o.a.m.s.f.DefaultMavenResourcesFiltering - skip non existing resourceDirectory C:\src\ProyectoBomber\JavaWorskpace\bombero\src\test\resources
2025-02-28 10:23:06,845 [Worker-1: Loading available Gradle versions] INFO  o.e.b.c.i.u.g.PublishedGradleVersions - Gradle version information cache is out-of-date. Trying to update.
2025-02-28 10:23:08,333 [Worker-1: Loading available Gradle versions] ERROR o.e.b.c.i.u.g.PublishedGradleVersions - Cannot write Gradle version information cache file.
java.io.FileNotFoundException: C:\Users\user\.cache\tooling\gradle\versions.json (Acceso denegado)
	at java.base/java.io.FileOutputStream.open0(Native Method)
	at java.base/java.io.FileOutputStream.open(FileOutputStream.java:289)
	at java.base/java.io.FileOutputStream.<init>(FileOutputStream.java:230)
	at com.google.common.io.Files$FileByteSink.openStream(Files.java:197)
	at com.google.common.io.Files$FileByteSink.openStream(Files.java:185)
	at com.google.common.io.ByteSink$AsCharSink.openStream(ByteSink.java:152)
	at com.google.common.io.CharSource$StringCharSource.copyTo(CharSource.java:662)
	at org.eclipse.buildship.core.internal.util.gradle.PublishedGradleVersions.storeCacheVersionsFile(PublishedGradleVersions.java:184)
	at org.eclipse.buildship.core.internal.util.gradle.PublishedGradleVersions.tryToDownloadAndCacheVersions(PublishedGradleVersions.java:150)
	at org.eclipse.buildship.core.internal.util.gradle.PublishedGradleVersions.tryToUpdateOutdatedVersionsFile(PublishedGradleVersions.java:133)
	at org.eclipse.buildship.core.internal.util.gradle.PublishedGradleVersions.create(PublishedGradleVersions.java:117)
	at org.eclipse.buildship.core.internal.util.gradle.PublishedGradleVersionsWrapper$LoadVersionsJob.run(PublishedGradleVersionsWrapper.java:73)
	at org.eclipse.core.internal.jobs.Worker.run(Worker.java:63)
2025-02-28 19:52:13,742 [Worker-4: Loading available Gradle versions] INFO  o.e.b.c.i.u.g.PublishedGradleVersions - Gradle version information cache is out-of-date. Trying to update.
2025-02-28 19:52:19,052 [Worker-4: Loading available Gradle versions] ERROR o.e.b.c.i.u.g.PublishedGradleVersions - Cannot write Gradle version information cache file.
java.io.FileNotFoundException: C:\Users\user\.cache\tooling\gradle\versions.json (Acceso denegado)
	at java.base/java.io.FileOutputStream.open0(Native Method)
	at java.base/java.io.FileOutputStream.open(FileOutputStream.java:289)
	at java.base/java.io.FileOutputStream.<init>(FileOutputStream.java:230)
	at com.google.common.io.Files$FileByteSink.openStream(Files.java:197)
	at com.google.common.io.Files$FileByteSink.openStream(Files.java:185)
	at com.google.common.io.ByteSink$AsCharSink.openStream(ByteSink.java:152)
	at com.google.common.io.CharSource$StringCharSource.copyTo(CharSource.java:662)
	at org.eclipse.buildship.core.internal.util.gradle.PublishedGradleVersions.storeCacheVersionsFile(PublishedGradleVersions.java:184)
	at org.eclipse.buildship.core.internal.util.gradle.PublishedGradleVersions.tryToDownloadAndCacheVersions(PublishedGradleVersions.java:150)
	at org.eclipse.buildship.core.internal.util.gradle.PublishedGradleVersions.tryToUpdateOutdatedVersionsFile(PublishedGradleVersions.java:133)
	at org.eclipse.buildship.core.internal.util.gradle.PublishedGradleVersions.create(PublishedGradleVersions.java:117)
	at org.eclipse.buildship.core.internal.util.gradle.PublishedGradleVersionsWrapper$LoadVersionsJob.run(PublishedGradleVersionsWrapper.java:73)
	at org.eclipse.core.internal.jobs.Worker.run(Worker.java:63)
2025-02-28 19:54:16,079 [Worker-6: Building] INFO  o.a.m.s.f.DefaultMavenResourcesFiltering - Copying 1 resource from src\main\resources to target\classes
2025-02-28 19:54:16,093 [Worker-6: Building] INFO  o.a.m.s.f.DefaultMavenResourcesFiltering - Copying 0 resource from src\main\resources to target\classes
2025-02-28 19:54:16,097 [Worker-6: Building] INFO  o.a.m.s.f.DefaultMavenResourcesFiltering - skip non existing resourceDirectory C:\src\ProyectoBomber\JavaWorskpace\bombero\src\test\resources
2025-02-28 19:54:22,354 [Worker-5: Building] INFO  o.a.m.s.f.DefaultMavenResourcesFiltering - Copying 1 resource from src\main\resources to target\classes
2025-02-28 19:54:22,369 [Worker-5: Building] INFO  o.a.m.s.f.DefaultMavenResourcesFiltering - Copying 2 resources from src\main\resources to target\classes
2025-02-28 19:54:22,385 [Worker-5: Building] INFO  o.a.m.s.f.DefaultMavenResourcesFiltering - skip non existing resourceDirectory C:\Users\user\Documents\TALLER 4\clase_relaciones_2024\src\test\resources
2025-02-28 19:56:01,507 [Worker-8: Building] INFO  o.a.m.s.f.DefaultMavenResourcesFiltering - Copying 1 resource from src\main\resources to target\classes
2025-02-28 19:56:01,511 [Worker-8: Building] INFO  o.a.m.s.f.DefaultMavenResourcesFiltering - Copying 0 resource from src\main\resources to target\classes
2025-02-28 19:56:01,514 [Worker-8: Building] INFO  o.a.m.s.f.DefaultMavenResourcesFiltering - skip non existing resourceDirectory C:\src\ProyectoBomber\JavaWorskpace\bombero\src\test\resources
2025-02-28 19:56:17,347 [Worker-10: Building] INFO  o.a.m.s.f.DefaultMavenResourcesFiltering - Copying 1 resource from src\main\resources to target\classes
2025-02-28 19:56:17,351 [Worker-10: Building] INFO  o.a.m.s.f.DefaultMavenResourcesFiltering - Copying 0 resource from src\main\resources to target\classes
2025-02-28 19:56:17,354 [Worker-10: Building] INFO  o.a.m.s.f.DefaultMavenResourcesFiltering - skip non existing resourceDirectory C:\src\ProyectoBomber\JavaWorskpace\bombero\src\test\resources
2025-02-28 19:56:58,542 [Worker-10: Building] INFO  o.a.m.s.f.DefaultMavenResourcesFiltering - Copying 1 resource from src\main\resources to target\classes
2025-02-28 19:56:58,545 [Worker-10: Building] INFO  o.a.m.s.f.DefaultMavenResourcesFiltering - Copying 0 resource from src\main\resources to target\classes
2025-02-28 19:56:58,548 [Worker-10: Building] INFO  o.a.m.s.f.DefaultMavenResourcesFiltering - skip non existing resourceDirectory C:\src\ProyectoBomber\JavaWorskpace\bombero\src\test\resources
2025-02-28 19:57:55,393 [Worker-9: Building] INFO  o.a.m.s.f.DefaultMavenResourcesFiltering - Copying 1 resource from src\main\resources to target\classes
2025-02-28 19:57:55,396 [Worker-9: Building] INFO  o.a.m.s.f.DefaultMavenResourcesFiltering - Copying 0 resource from src\main\resources to target\classes
2025-02-28 19:57:55,398 [Worker-9: Building] INFO  o.a.m.s.f.DefaultMavenResourcesFiltering - skip non existing resourceDirectory C:\src\ProyectoBomber\JavaWorskpace\bombero\src\test\resources
2025-02-28 19:58:34,944 [Worker-7: Building] INFO  o.a.m.s.f.DefaultMavenResourcesFiltering - Copying 1 resource from src\main\resources to target\classes
2025-02-28 19:58:34,947 [Worker-7: Building] INFO  o.a.m.s.f.DefaultMavenResourcesFiltering - Copying 0 resource from src\main\resources to target\classes
2025-02-28 19:58:34,950 [Worker-7: Building] INFO  o.a.m.s.f.DefaultMavenResourcesFiltering - skip non existing resourceDirectory C:\src\ProyectoBomber\JavaWorskpace\bombero\src\test\resources
2025-02-28 19:58:50,943 [Worker-10: Building] INFO  o.a.m.s.f.DefaultMavenResourcesFiltering - Copying 1 resource from src\main\resources to target\classes
2025-02-28 19:58:50,946 [Worker-10: Building] INFO  o.a.m.s.f.DefaultMavenResourcesFiltering - Copying 0 resource from src\main\resources to target\classes
2025-02-28 19:58:50,948 [Worker-10: Building] INFO  o.a.m.s.f.DefaultMavenResourcesFiltering - skip non existing resourceDirectory C:\src\ProyectoBomber\JavaWorskpace\bombero\src\test\resources
2025-02-28 19:59:35,010 [Worker-1: Building] INFO  o.a.m.s.f.DefaultMavenResourcesFiltering - Copying 1 resource from src\main\resources to target\classes
2025-02-28 19:59:35,013 [Worker-1: Building] INFO  o.a.m.s.f.DefaultMavenResourcesFiltering - Copying 0 resource from src\main\resources to target\classes
2025-02-28 19:59:35,015 [Worker-1: Building] INFO  o.a.m.s.f.DefaultMavenResourcesFiltering - skip non existing resourceDirectory C:\src\ProyectoBomber\JavaWorskpace\bombero\src\test\resources
2025-02-28 19:59:57,920 [Worker-5: Building] INFO  o.a.m.s.f.DefaultMavenResourcesFiltering - Copying 1 resource from src\main\resources to target\classes
2025-02-28 19:59:57,926 [Worker-5: Building] INFO  o.a.m.s.f.DefaultMavenResourcesFiltering - Copying 0 resource from src\main\resources to target\classes
2025-02-28 19:59:57,931 [Worker-5: Building] INFO  o.a.m.s.f.DefaultMavenResourcesFiltering - skip non existing resourceDirectory C:\src\ProyectoBomber\JavaWorskpace\bombero\src\test\resources
2025-02-28 20:00:14,800 [Worker-4: Building] INFO  o.a.m.s.f.DefaultMavenResourcesFiltering - Copying 1 resource from src\main\resources to target\classes
2025-02-28 20:00:14,803 [Worker-4: Building] INFO  o.a.m.s.f.DefaultMavenResourcesFiltering - Copying 0 resource from src\main\resources to target\classes
2025-02-28 20:00:14,806 [Worker-4: Building] INFO  o.a.m.s.f.DefaultMavenResourcesFiltering - skip non existing resourceDirectory C:\src\ProyectoBomber\JavaWorskpace\bombero\src\test\resources
2025-02-28 20:01:37,945 [Worker-10: Building] INFO  o.a.m.s.f.DefaultMavenResourcesFiltering - Copying 1 resource from src\main\resources to target\classes
2025-02-28 20:01:37,950 [Worker-10: Building] INFO  o.a.m.s.f.DefaultMavenResourcesFiltering - Copying 0 resource from src\main\resources to target\classes
2025-02-28 20:01:37,953 [Worker-10: Building] INFO  o.a.m.s.f.DefaultMavenResourcesFiltering - skip non existing resourceDirectory C:\src\ProyectoBomber\JavaWorskpace\bombero\src\test\resources
2025-02-28 20:08:52,459 [Worker-4: Building] INFO  o.a.m.s.f.DefaultMavenResourcesFiltering - Copying 1 resource from src\main\resources to target\classes
2025-02-28 20:08:52,464 [Worker-4: Building] INFO  o.a.m.s.f.DefaultMavenResourcesFiltering - Copying 0 resource from src\main\resources to target\classes
2025-02-28 20:08:52,467 [Worker-4: Building] INFO  o.a.m.s.f.DefaultMavenResourcesFiltering - skip non existing resourceDirectory C:\src\ProyectoBomber\JavaWorskpace\bombero\src\test\resources
2025-02-28 20:10:27,600 [Worker-13: Building] INFO  o.a.m.s.f.DefaultMavenResourcesFiltering - Copying 1 resource from src\main\resources to target\classes
2025-02-28 20:10:27,604 [Worker-13: Building] INFO  o.a.m.s.f.DefaultMavenResourcesFiltering - Copying 0 resource from src\main\resources to target\classes
2025-02-28 20:10:27,606 [Worker-13: Building] INFO  o.a.m.s.f.DefaultMavenResourcesFiltering - skip non existing resourceDirectory C:\src\ProyectoBomber\JavaWorskpace\bombero\src\test\resources
2025-02-28 20:23:31,489 [Worker-23: Building] INFO  o.a.m.s.f.DefaultMavenResourcesFiltering - Copying 1 resource from src\main\resources to target\classes
2025-02-28 20:23:31,495 [Worker-23: Building] INFO  o.a.m.s.f.DefaultMavenResourcesFiltering - Copying 0 resource from src\main\resources to target\classes
2025-02-28 20:23:31,498 [Worker-23: Building] INFO  o.a.m.s.f.DefaultMavenResourcesFiltering - skip non existing resourceDirectory C:\src\ProyectoBomber\JavaWorskpace\bombero\src\test\resources
2025-02-28 20:24:28,393 [Worker-21: Building] INFO  o.a.m.s.f.DefaultMavenResourcesFiltering - Copying 1 resource from src\main\resources to target\classes
2025-02-28 20:24:28,397 [Worker-21: Building] INFO  o.a.m.s.f.DefaultMavenResourcesFiltering - Copying 0 resource from src\main\resources to target\classes
2025-02-28 20:24:28,399 [Worker-21: Building] INFO  o.a.m.s.f.DefaultMavenResourcesFiltering - skip non existing resourceDirectory C:\src\ProyectoBomber\JavaWorskpace\bombero\src\test\resources
2025-02-28 20:25:22,114 [Worker-25: Building] INFO  o.a.m.s.f.DefaultMavenResourcesFiltering - Copying 1 resource from src\main\resources to target\classes
2025-02-28 20:25:22,117 [Worker-25: Building] INFO  o.a.m.s.f.DefaultMavenResourcesFiltering - Copying 0 resource from src\main\resources to target\classes
2025-02-28 20:25:22,120 [Worker-25: Building] INFO  o.a.m.s.f.DefaultMavenResourcesFiltering - skip non existing resourceDirectory C:\src\ProyectoBomber\JavaWorskpace\bombero\src\test\resources
2025-02-28 20:26:09,104 [Worker-22: Building] INFO  o.a.m.s.f.DefaultMavenResourcesFiltering - Copying 1 resource from src\main\resources to target\classes
2025-02-28 20:26:09,108 [Worker-22: Building] INFO  o.a.m.s.f.DefaultMavenResourcesFiltering - Copying 0 resource from src\main\resources to target\classes
2025-02-28 20:26:09,110 [Worker-22: Building] INFO  o.a.m.s.f.DefaultMavenResourcesFiltering - skip non existing resourceDirectory C:\src\ProyectoBomber\JavaWorskpace\bombero\src\test\resources
2025-02-28 20:30:45,291 [Worker-23: Building] INFO  o.a.m.s.f.DefaultMavenResourcesFiltering - Copying 1 resource from src\main\resources to target\classes
2025-02-28 20:30:45,297 [Worker-23: Building] INFO  o.a.m.s.f.DefaultMavenResourcesFiltering - Copying 0 resource from src\main\resources to target\classes
2025-02-28 20:30:45,299 [Worker-23: Building] INFO  o.a.m.s.f.DefaultMavenResourcesFiltering - skip non existing resourceDirectory C:\src\ProyectoBomber\JavaWorskpace\bombero\src\test\resources
2025-03-05 16:39:23,617 [Worker-4: Loading available Gradle versions] INFO  o.e.b.c.i.u.g.PublishedGradleVersions - Gradle version information cache is out-of-date. Trying to update.
2025-03-05 16:39:25,211 [Worker-4: Loading available Gradle versions] ERROR o.e.b.c.i.u.g.PublishedGradleVersions - Cannot write Gradle version information cache file.
java.io.FileNotFoundException: C:\Users\user\.cache\tooling\gradle\versions.json (Acceso denegado)
	at java.base/java.io.FileOutputStream.open0(Native Method)
	at java.base/java.io.FileOutputStream.open(FileOutputStream.java:289)
	at java.base/java.io.FileOutputStream.<init>(FileOutputStream.java:230)
	at com.google.common.io.Files$FileByteSink.openStream(Files.java:197)
	at com.google.common.io.Files$FileByteSink.openStream(Files.java:185)
	at com.google.common.io.ByteSink$AsCharSink.openStream(ByteSink.java:152)
	at com.google.common.io.CharSource$StringCharSource.copyTo(CharSource.java:662)
	at org.eclipse.buildship.core.internal.util.gradle.PublishedGradleVersions.storeCacheVersionsFile(PublishedGradleVersions.java:184)
	at org.eclipse.buildship.core.internal.util.gradle.PublishedGradleVersions.tryToDownloadAndCacheVersions(PublishedGradleVersions.java:150)
	at org.eclipse.buildship.core.internal.util.gradle.PublishedGradleVersions.tryToUpdateOutdatedVersionsFile(PublishedGradleVersions.java:133)
	at org.eclipse.buildship.core.internal.util.gradle.PublishedGradleVersions.create(PublishedGradleVersions.java:117)
	at org.eclipse.buildship.core.internal.util.gradle.PublishedGradleVersionsWrapper$LoadVersionsJob.run(PublishedGradleVersionsWrapper.java:73)
	at org.eclipse.core.internal.jobs.Worker.run(Worker.java:63)
2025-03-10 08:27:51,976 [Worker-7: Loading available Gradle versions] INFO  o.e.b.c.i.u.g.PublishedGradleVersions - Gradle version information cache is out-of-date. Trying to update.
2025-03-10 08:27:53,074 [Worker-7: Loading available Gradle versions] ERROR o.e.b.c.i.u.g.PublishedGradleVersions - Cannot write Gradle version information cache file.
java.io.FileNotFoundException: C:\Users\user\.cache\tooling\gradle\versions.json (Acceso denegado)
	at java.base/java.io.FileOutputStream.open0(Native Method)
	at java.base/java.io.FileOutputStream.open(FileOutputStream.java:289)
	at java.base/java.io.FileOutputStream.<init>(FileOutputStream.java:230)
	at com.google.common.io.Files$FileByteSink.openStream(Files.java:197)
	at com.google.common.io.Files$FileByteSink.openStream(Files.java:185)
	at com.google.common.io.ByteSink$AsCharSink.openStream(ByteSink.java:152)
	at com.google.common.io.CharSource$StringCharSource.copyTo(CharSource.java:662)
	at org.eclipse.buildship.core.internal.util.gradle.PublishedGradleVersions.storeCacheVersionsFile(PublishedGradleVersions.java:184)
	at org.eclipse.buildship.core.internal.util.gradle.PublishedGradleVersions.tryToDownloadAndCacheVersions(PublishedGradleVersions.java:150)
	at org.eclipse.buildship.core.internal.util.gradle.PublishedGradleVersions.tryToUpdateOutdatedVersionsFile(PublishedGradleVersions.java:133)
	at org.eclipse.buildship.core.internal.util.gradle.PublishedGradleVersions.create(PublishedGradleVersions.java:117)
	at org.eclipse.buildship.core.internal.util.gradle.PublishedGradleVersionsWrapper$LoadVersionsJob.run(PublishedGradleVersionsWrapper.java:73)
	at org.eclipse.core.internal.jobs.Worker.run(Worker.java:63)
2025-03-10 15:26:05,244 [Worker-21: Building] INFO  o.a.m.s.f.DefaultMavenResourcesFiltering - Copying 1 resource from src\main\resources to target\classes
2025-03-10 15:26:05,266 [Worker-21: Building] INFO  o.a.m.s.f.DefaultMavenResourcesFiltering - Copying 0 resource from src\main\resources to target\classes
2025-03-10 15:26:05,272 [Worker-21: Building] INFO  o.a.m.s.f.DefaultMavenResourcesFiltering - skip non existing resourceDirectory C:\src\ProyectoBomber\JavaWorskpace\bombero\src\test\resources
2025-03-10 15:26:07,620 [Worker-26: Building] INFO  o.a.m.s.f.DefaultMavenResourcesFiltering - Copying 1 resource from src\main\resources to target\classes
2025-03-10 15:26:07,635 [Worker-26: Building] INFO  o.a.m.s.f.DefaultMavenResourcesFiltering - Copying 2 resources from src\main\resources to target\classes
2025-03-10 15:26:07,648 [Worker-26: Building] INFO  o.a.m.s.f.DefaultMavenResourcesFiltering - skip non existing resourceDirectory C:\Users\user\Documents\TALLER 4\clase_relaciones_2024\src\test\resources
2025-03-10 15:26:35,173 [Worker-26: Building] INFO  o.a.m.s.f.DefaultMavenResourcesFiltering - Copying 1 resource from src\main\resources to target\classes
2025-03-10 15:26:35,179 [Worker-26: Building] INFO  o.a.m.s.f.DefaultMavenResourcesFiltering - Copying 0 resource from src\main\resources to target\classes
2025-03-10 15:26:35,184 [Worker-26: Building] INFO  o.a.m.s.f.DefaultMavenResourcesFiltering - skip non existing resourceDirectory C:\src\ProyectoBomber\JavaWorskpace\bombero\src\test\resources
2025-03-10 15:29:49,507 [Worker-19: Building] INFO  o.a.m.s.f.DefaultMavenResourcesFiltering - Copying 1 resource from src\main\resources to target\classes
2025-03-10 15:29:49,510 [Worker-19: Building] INFO  o.a.m.s.f.DefaultMavenResourcesFiltering - Copying 0 resource from src\main\resources to target\classes
2025-03-10 15:29:49,512 [Worker-19: Building] INFO  o.a.m.s.f.DefaultMavenResourcesFiltering - skip non existing resourceDirectory C:\src\ProyectoBomber\JavaWorskpace\bombero\src\test\resources
2025-03-10 15:36:57,598 [Worker-32: Building] INFO  o.a.m.s.f.DefaultMavenResourcesFiltering - Copying 1 resource from src\main\resources to target\classes
2025-03-10 15:36:57,603 [Worker-32: Building] INFO  o.a.m.s.f.DefaultMavenResourcesFiltering - Copying 0 resource from src\main\resources to target\classes
2025-03-10 15:36:57,606 [Worker-32: Building] INFO  o.a.m.s.f.DefaultMavenResourcesFiltering - skip non existing resourceDirectory C:\src\ProyectoBomber\JavaWorskpace\bombero\src\test\resources
2025-03-10 16:11:17,891 [Worker-37: Building] INFO  o.a.m.s.f.DefaultMavenResourcesFiltering - Copying 1 resource from src\main\resources to target\classes
2025-03-10 16:11:17,900 [Worker-37: Building] INFO  o.a.m.s.f.DefaultMavenResourcesFiltering - Copying 0 resource from src\main\resources to target\classes
2025-03-10 16:11:17,903 [Worker-37: Building] INFO  o.a.m.s.f.DefaultMavenResourcesFiltering - skip non existing resourceDirectory C:\src\ProyectoBomber\JavaWorskpace\bombero\src\test\resources
2025-03-10 16:12:58,468 [Worker-41: Building] INFO  o.a.m.s.f.DefaultMavenResourcesFiltering - Copying 1 resource from src\main\resources to target\classes
2025-03-10 16:12:58,479 [Worker-41: Building] INFO  o.a.m.s.f.DefaultMavenResourcesFiltering - Copying 0 resource from src\main\resources to target\classes
2025-03-10 16:12:58,483 [Worker-41: Building] INFO  o.a.m.s.f.DefaultMavenResourcesFiltering - skip non existing resourceDirectory C:\src\ProyectoBomber\JavaWorskpace\bombero\src\test\resources
2025-03-10 16:15:38,020 [Worker-40: Building] INFO  o.a.m.s.f.DefaultMavenResourcesFiltering - Copying 1 resource from src\main\resources to target\classes
2025-03-10 16:15:38,025 [Worker-40: Building] INFO  o.a.m.s.f.DefaultMavenResourcesFiltering - Copying 0 resource from src\main\resources to target\classes
2025-03-10 16:15:38,027 [Worker-40: Building] INFO  o.a.m.s.f.DefaultMavenResourcesFiltering - skip non existing resourceDirectory C:\src\ProyectoBomber\JavaWorskpace\bombero\src\test\resources
2025-03-10 16:20:46,348 [Worker-45: Building] INFO  o.a.m.s.f.DefaultMavenResourcesFiltering - Copying 1 resource from src\main\resources to target\classes
2025-03-10 16:20:46,351 [Worker-45: Building] INFO  o.a.m.s.f.DefaultMavenResourcesFiltering - Copying 0 resource from src\main\resources to target\classes
2025-03-10 16:20:46,354 [Worker-45: Building] INFO  o.a.m.s.f.DefaultMavenResourcesFiltering - skip non existing resourceDirectory C:\src\ProyectoBomber\JavaWorskpace\bombero\src\test\resources
2025-03-10 16:21:49,230 [Worker-44: Building] INFO  o.a.m.s.f.DefaultMavenResourcesFiltering - Copying 1 resource from src\main\resources to target\classes
2025-03-10 16:21:49,234 [Worker-44: Building] INFO  o.a.m.s.f.DefaultMavenResourcesFiltering - Copying 0 resource from src\main\resources to target\classes
2025-03-10 16:21:49,236 [Worker-44: Building] INFO  o.a.m.s.f.DefaultMavenResourcesFiltering - skip non existing resourceDirectory C:\src\ProyectoBomber\JavaWorskpace\bombero\src\test\resources
2025-03-10 16:22:10,657 [Worker-44: Building] INFO  o.a.m.s.f.DefaultMavenResourcesFiltering - Copying 1 resource from src\main\resources to target\classes
2025-03-10 16:22:10,660 [Worker-44: Building] INFO  o.a.m.s.f.DefaultMavenResourcesFiltering - Copying 0 resource from src\main\resources to target\classes
2025-03-10 16:22:10,662 [Worker-44: Building] INFO  o.a.m.s.f.DefaultMavenResourcesFiltering - skip non existing resourceDirectory C:\src\ProyectoBomber\JavaWorskpace\bombero\src\test\resources
2025-03-10 16:22:28,447 [Worker-45: Building] INFO  o.a.m.s.f.DefaultMavenResourcesFiltering - Copying 1 resource from src\main\resources to target\classes
2025-03-10 16:22:28,457 [Worker-45: Building] INFO  o.a.m.s.f.DefaultMavenResourcesFiltering - Copying 0 resource from src\main\resources to target\classes
2025-03-10 16:22:28,459 [Worker-45: Building] INFO  o.a.m.s.f.DefaultMavenResourcesFiltering - skip non existing resourceDirectory C:\src\ProyectoBomber\JavaWorskpace\bombero\src\test\resources
2025-03-10 16:22:31,076 [Worker-50: Building] INFO  o.a.m.s.f.DefaultMavenResourcesFiltering - Copying 1 resource from src\main\resources to target\classes
2025-03-10 16:22:31,079 [Worker-50: Building] INFO  o.a.m.s.f.DefaultMavenResourcesFiltering - Copying 0 resource from src\main\resources to target\classes
2025-03-10 16:22:31,081 [Worker-50: Building] INFO  o.a.m.s.f.DefaultMavenResourcesFiltering - skip non existing resourceDirectory C:\src\ProyectoBomber\JavaWorskpace\bombero\src\test\resources
2025-03-10 16:32:53,950 [Worker-54: Building] INFO  o.a.m.s.f.DefaultMavenResourcesFiltering - Copying 1 resource from src\main\resources to target\classes
2025-03-10 16:32:53,954 [Worker-54: Building] INFO  o.a.m.s.f.DefaultMavenResourcesFiltering - Copying 0 resource from src\main\resources to target\classes
2025-03-10 16:32:53,956 [Worker-54: Building] INFO  o.a.m.s.f.DefaultMavenResourcesFiltering - skip non existing resourceDirectory C:\src\ProyectoBomber\JavaWorskpace\bombero\src\test\resources
2025-03-10 16:36:54,699 [Worker-44: Building] INFO  o.a.m.s.f.DefaultMavenResourcesFiltering - Copying 1 resource from src\main\resources to target\classes
2025-03-10 16:36:54,704 [Worker-44: Building] INFO  o.a.m.s.f.DefaultMavenResourcesFiltering - Copying 0 resource from src\main\resources to target\classes
2025-03-10 16:36:54,707 [Worker-44: Building] INFO  o.a.m.s.f.DefaultMavenResourcesFiltering - skip non existing resourceDirectory C:\src\ProyectoBomber\JavaWorskpace\bombero\src\test\resources
2025-03-10 16:40:26,437 [Worker-61: Building] INFO  o.a.m.s.f.DefaultMavenResourcesFiltering - Copying 1 resource from src\main\resources to target\classes
2025-03-10 16:40:26,440 [Worker-61: Building] INFO  o.a.m.s.f.DefaultMavenResourcesFiltering - Copying 0 resource from src\main\resources to target\classes
2025-03-10 16:40:26,443 [Worker-61: Building] INFO  o.a.m.s.f.DefaultMavenResourcesFiltering - skip non existing resourceDirectory C:\src\ProyectoBomber\JavaWorskpace\bombero\src\test\resources
2025-03-10 16:43:13,334 [Worker-66: Building] INFO  o.a.m.s.f.DefaultMavenResourcesFiltering - Copying 1 resource from src\main\resources to target\classes
2025-03-10 16:43:13,340 [Worker-66: Building] INFO  o.a.m.s.f.DefaultMavenResourcesFiltering - Copying 0 resource from src\main\resources to target\classes
2025-03-10 16:43:13,342 [Worker-66: Building] INFO  o.a.m.s.f.DefaultMavenResourcesFiltering - skip non existing resourceDirectory C:\src\ProyectoBomber\JavaWorskpace\bombero\src\test\resources
2025-03-10 16:50:00,929 [Worker-57: Building] INFO  o.a.m.s.f.DefaultMavenResourcesFiltering - Copying 1 resource from src\main\resources to target\classes
2025-03-10 16:50:00,933 [Worker-57: Building] INFO  o.a.m.s.f.DefaultMavenResourcesFiltering - Copying 0 resource from src\main\resources to target\classes
2025-03-10 16:50:00,935 [Worker-57: Building] INFO  o.a.m.s.f.DefaultMavenResourcesFiltering - skip non existing resourceDirectory C:\src\ProyectoBomber\JavaWorskpace\bombero\src\test\resources
2025-03-10 16:51:12,429 [Worker-74: Building] INFO  o.a.m.s.f.DefaultMavenResourcesFiltering - Copying 1 resource from src\main\resources to target\classes
2025-03-10 16:51:12,432 [Worker-74: Building] INFO  o.a.m.s.f.DefaultMavenResourcesFiltering - Copying 0 resource from src\main\resources to target\classes
2025-03-10 16:51:12,434 [Worker-74: Building] INFO  o.a.m.s.f.DefaultMavenResourcesFiltering - skip non existing resourceDirectory C:\src\ProyectoBomber\JavaWorskpace\bombero\src\test\resources
2025-03-10 16:53:19,560 [Worker-81: Building] INFO  o.a.m.s.f.DefaultMavenResourcesFiltering - Copying 1 resource from src\main\resources to target\classes
2025-03-10 16:53:19,581 [Worker-81: Building] INFO  o.a.m.s.f.DefaultMavenResourcesFiltering - Copying 0 resource from src\main\resources to target\classes
2025-03-10 16:53:19,584 [Worker-81: Building] INFO  o.a.m.s.f.DefaultMavenResourcesFiltering - skip non existing resourceDirectory C:\src\ProyectoBomber\JavaWorskpace\bombero\src\test\resources
2025-03-10 16:53:27,172 [Worker-81: Building] INFO  o.a.m.s.f.DefaultMavenResourcesFiltering - Copying 1 resource from src\main\resources to target\classes
2025-03-10 16:53:27,185 [Worker-81: Building] INFO  o.a.m.s.f.DefaultMavenResourcesFiltering - Copying 0 resource from src\main\resources to target\classes
2025-03-10 16:53:27,188 [Worker-81: Building] INFO  o.a.m.s.f.DefaultMavenResourcesFiltering - skip non existing resourceDirectory C:\src\ProyectoBomber\JavaWorskpace\bombero\src\test\resources
2025-03-10 17:38:48,874 [Worker-5: Loading available Gradle versions] INFO  o.e.b.c.i.u.g.PublishedGradleVersions - Gradle version information cache is out-of-date. Trying to update.
2025-03-10 17:38:49,908 [Worker-5: Loading available Gradle versions] ERROR o.e.b.c.i.u.g.PublishedGradleVersions - Cannot write Gradle version information cache file.
java.io.FileNotFoundException: C:\Users\user\.cache\tooling\gradle\versions.json (Acceso denegado)
	at java.base/java.io.FileOutputStream.open0(Native Method)
	at java.base/java.io.FileOutputStream.open(FileOutputStream.java:289)
	at java.base/java.io.FileOutputStream.<init>(FileOutputStream.java:230)
	at com.google.common.io.Files$FileByteSink.openStream(Files.java:197)
	at com.google.common.io.Files$FileByteSink.openStream(Files.java:185)
	at com.google.common.io.ByteSink$AsCharSink.openStream(ByteSink.java:152)
	at com.google.common.io.CharSource$StringCharSource.copyTo(CharSource.java:662)
	at org.eclipse.buildship.core.internal.util.gradle.PublishedGradleVersions.storeCacheVersionsFile(PublishedGradleVersions.java:184)
	at org.eclipse.buildship.core.internal.util.gradle.PublishedGradleVersions.tryToDownloadAndCacheVersions(PublishedGradleVersions.java:150)
	at org.eclipse.buildship.core.internal.util.gradle.PublishedGradleVersions.tryToUpdateOutdatedVersionsFile(PublishedGradleVersions.java:133)
	at org.eclipse.buildship.core.internal.util.gradle.PublishedGradleVersions.create(PublishedGradleVersions.java:117)
	at org.eclipse.buildship.core.internal.util.gradle.PublishedGradleVersionsWrapper$LoadVersionsJob.run(PublishedGradleVersionsWrapper.java:73)
	at org.eclipse.core.internal.jobs.Worker.run(Worker.java:63)
2025-03-10 17:51:41,933 [Worker-28: Building] INFO  o.a.m.s.f.DefaultMavenResourcesFiltering - Copying 1 resource from src\main\resources to target\classes
2025-03-10 17:51:41,945 [Worker-28: Building] INFO  o.a.m.s.f.DefaultMavenResourcesFiltering - Copying 0 resource from src\main\resources to target\classes
2025-03-10 17:51:41,948 [Worker-28: Building] INFO  o.a.m.s.f.DefaultMavenResourcesFiltering - skip non existing resourceDirectory C:\src\ProyectoBomber\JavaWorskpace\bombero\src\test\resources
2025-03-10 17:53:20,923 [Worker-21: Building] INFO  o.a.m.s.f.DefaultMavenResourcesFiltering - Copying 1 resource from src\main\resources to target\classes
2025-03-10 17:53:20,934 [Worker-21: Building] INFO  o.a.m.s.f.DefaultMavenResourcesFiltering - Copying 0 resource from src\main\resources to target\classes
2025-03-10 17:53:20,937 [Worker-21: Building] INFO  o.a.m.s.f.DefaultMavenResourcesFiltering - skip non existing resourceDirectory C:\src\ProyectoBomber\JavaWorskpace\bombero\src\test\resources
2025-03-10 17:54:40,380 [Worker-28: Building] INFO  o.a.m.s.f.DefaultMavenResourcesFiltering - Copying 1 resource from src\main\resources to target\classes
2025-03-10 17:54:40,384 [Worker-28: Building] INFO  o.a.m.s.f.DefaultMavenResourcesFiltering - Copying 0 resource from src\main\resources to target\classes
2025-03-10 17:54:40,387 [Worker-28: Building] INFO  o.a.m.s.f.DefaultMavenResourcesFiltering - skip non existing resourceDirectory C:\src\ProyectoBomber\JavaWorskpace\bombero\src\test\resources
2025-03-10 17:56:30,451 [Worker-29: Building] INFO  o.a.m.s.f.DefaultMavenResourcesFiltering - Copying 1 resource from src\main\resources to target\classes
2025-03-10 17:56:30,455 [Worker-29: Building] INFO  o.a.m.s.f.DefaultMavenResourcesFiltering - Copying 0 resource from src\main\resources to target\classes
2025-03-10 17:56:30,458 [Worker-29: Building] INFO  o.a.m.s.f.DefaultMavenResourcesFiltering - skip non existing resourceDirectory C:\src\ProyectoBomber\JavaWorskpace\bombero\src\test\resources
2025-03-10 17:57:00,290 [Worker-29: Building] INFO  o.a.m.s.f.DefaultMavenResourcesFiltering - Copying 1 resource from src\main\resources to target\classes
2025-03-10 17:57:00,293 [Worker-29: Building] INFO  o.a.m.s.f.DefaultMavenResourcesFiltering - Copying 0 resource from src\main\resources to target\classes
2025-03-10 17:57:00,295 [Worker-29: Building] INFO  o.a.m.s.f.DefaultMavenResourcesFiltering - skip non existing resourceDirectory C:\src\ProyectoBomber\JavaWorskpace\bombero\src\test\resources
2025-03-10 17:59:25,373 [Worker-27: Building] INFO  o.a.m.s.f.DefaultMavenResourcesFiltering - Copying 1 resource from src\main\resources to target\classes
2025-03-10 17:59:25,377 [Worker-27: Building] INFO  o.a.m.s.f.DefaultMavenResourcesFiltering - Copying 0 resource from src\main\resources to target\classes
2025-03-10 17:59:25,380 [Worker-27: Building] INFO  o.a.m.s.f.DefaultMavenResourcesFiltering - skip non existing resourceDirectory C:\src\ProyectoBomber\JavaWorskpace\bombero\src\test\resources
2025-03-10 18:01:23,174 [Worker-27: Building] INFO  o.a.m.s.f.DefaultMavenResourcesFiltering - Copying 1 resource from src\main\resources to target\classes
2025-03-10 18:01:23,177 [Worker-27: Building] INFO  o.a.m.s.f.DefaultMavenResourcesFiltering - Copying 0 resource from src\main\resources to target\classes
2025-03-10 18:01:23,180 [Worker-27: Building] INFO  o.a.m.s.f.DefaultMavenResourcesFiltering - skip non existing resourceDirectory C:\src\ProyectoBomber\JavaWorskpace\bombero\src\test\resources
2025-03-10 18:02:02,033 [Worker-27: Building] INFO  o.a.m.s.f.DefaultMavenResourcesFiltering - Copying 1 resource from src\main\resources to target\classes
2025-03-10 18:02:02,038 [Worker-27: Building] INFO  o.a.m.s.f.DefaultMavenResourcesFiltering - Copying 0 resource from src\main\resources to target\classes
2025-03-10 18:02:02,041 [Worker-27: Building] INFO  o.a.m.s.f.DefaultMavenResourcesFiltering - skip non existing resourceDirectory C:\src\ProyectoBomber\JavaWorskpace\bombero\src\test\resources
2025-03-10 18:03:01,940 [Worker-30: Building] INFO  o.a.m.s.f.DefaultMavenResourcesFiltering - Copying 1 resource from src\main\resources to target\classes
2025-03-10 18:03:01,943 [Worker-30: Building] INFO  o.a.m.s.f.DefaultMavenResourcesFiltering - Copying 0 resource from src\main\resources to target\classes
2025-03-10 18:03:01,946 [Worker-30: Building] INFO  o.a.m.s.f.DefaultMavenResourcesFiltering - skip non existing resourceDirectory C:\src\ProyectoBomber\JavaWorskpace\bombero\src\test\resources
2025-03-10 18:03:32,554 [Worker-21: Building] INFO  o.a.m.s.f.DefaultMavenResourcesFiltering - Copying 1 resource from src\main\resources to target\classes
2025-03-10 18:03:32,558 [Worker-21: Building] INFO  o.a.m.s.f.DefaultMavenResourcesFiltering - Copying 0 resource from src\main\resources to target\classes
2025-03-10 18:03:32,561 [Worker-21: Building] INFO  o.a.m.s.f.DefaultMavenResourcesFiltering - skip non existing resourceDirectory C:\src\ProyectoBomber\JavaWorskpace\bombero\src\test\resources
2025-03-10 18:03:39,959 [Worker-21: Building] INFO  o.a.m.s.f.DefaultMavenResourcesFiltering - Copying 1 resource from src\main\resources to target\classes
2025-03-10 18:03:39,963 [Worker-21: Building] INFO  o.a.m.s.f.DefaultMavenResourcesFiltering - Copying 0 resource from src\main\resources to target\classes
2025-03-10 18:03:39,966 [Worker-21: Building] INFO  o.a.m.s.f.DefaultMavenResourcesFiltering - skip non existing resourceDirectory C:\src\ProyectoBomber\JavaWorskpace\bombero\src\test\resources
2025-03-10 18:03:48,372 [Worker-29: Building] INFO  o.a.m.s.f.DefaultMavenResourcesFiltering - Copying 1 resource from src\main\resources to target\classes
2025-03-10 18:03:48,377 [Worker-29: Building] INFO  o.a.m.s.f.DefaultMavenResourcesFiltering - Copying 0 resource from src\main\resources to target\classes
2025-03-10 18:03:48,380 [Worker-29: Building] INFO  o.a.m.s.f.DefaultMavenResourcesFiltering - skip non existing resourceDirectory C:\src\ProyectoBomber\JavaWorskpace\bombero\src\test\resources
2025-03-10 18:04:08,240 [Worker-25: Building] INFO  o.a.m.s.f.DefaultMavenResourcesFiltering - Copying 1 resource from src\main\resources to target\classes
2025-03-10 18:04:08,246 [Worker-25: Building] INFO  o.a.m.s.f.DefaultMavenResourcesFiltering - Copying 0 resource from src\main\resources to target\classes
2025-03-10 18:04:08,249 [Worker-25: Building] INFO  o.a.m.s.f.DefaultMavenResourcesFiltering - skip non existing resourceDirectory C:\src\ProyectoBomber\JavaWorskpace\bombero\src\test\resources
2025-03-10 18:04:10,403 [Worker-29: Building] INFO  o.a.m.s.f.DefaultMavenResourcesFiltering - Copying 1 resource from src\main\resources to target\classes
2025-03-10 18:04:10,408 [Worker-29: Building] INFO  o.a.m.s.f.DefaultMavenResourcesFiltering - Copying 0 resource from src\main\resources to target\classes
2025-03-10 18:04:10,411 [Worker-29: Building] INFO  o.a.m.s.f.DefaultMavenResourcesFiltering - skip non existing resourceDirectory C:\src\ProyectoBomber\JavaWorskpace\bombero\src\test\resources
2025-03-10 18:07:33,326 [Worker-1: Loading available Gradle versions] INFO  o.e.b.c.i.u.g.PublishedGradleVersions - Gradle version information cache is out-of-date. Trying to update.
2025-03-10 18:07:34,475 [Worker-1: Loading available Gradle versions] ERROR o.e.b.c.i.u.g.PublishedGradleVersions - Cannot write Gradle version information cache file.
java.io.FileNotFoundException: C:\Users\user\.cache\tooling\gradle\versions.json (Acceso denegado)
	at java.base/java.io.FileOutputStream.open0(Native Method)
	at java.base/java.io.FileOutputStream.open(FileOutputStream.java:289)
	at java.base/java.io.FileOutputStream.<init>(FileOutputStream.java:230)
	at com.google.common.io.Files$FileByteSink.openStream(Files.java:197)
	at com.google.common.io.Files$FileByteSink.openStream(Files.java:185)
	at com.google.common.io.ByteSink$AsCharSink.openStream(ByteSink.java:152)
	at com.google.common.io.CharSource$StringCharSource.copyTo(CharSource.java:662)
	at org.eclipse.buildship.core.internal.util.gradle.PublishedGradleVersions.storeCacheVersionsFile(PublishedGradleVersions.java:184)
	at org.eclipse.buildship.core.internal.util.gradle.PublishedGradleVersions.tryToDownloadAndCacheVersions(PublishedGradleVersions.java:150)
	at org.eclipse.buildship.core.internal.util.gradle.PublishedGradleVersions.tryToUpdateOutdatedVersionsFile(PublishedGradleVersions.java:133)
	at org.eclipse.buildship.core.internal.util.gradle.PublishedGradleVersions.create(PublishedGradleVersions.java:117)
	at org.eclipse.buildship.core.internal.util.gradle.PublishedGradleVersionsWrapper$LoadVersionsJob.run(PublishedGradleVersionsWrapper.java:73)
	at org.eclipse.core.internal.jobs.Worker.run(Worker.java:63)
2025-03-10 18:08:09,391 [Worker-8: Building] INFO  o.a.m.s.f.DefaultMavenResourcesFiltering - Copying 1 resource from src\main\resources to target\classes
2025-03-10 18:08:09,410 [Worker-8: Building] INFO  o.a.m.s.f.DefaultMavenResourcesFiltering - Copying 0 resource from src\main\resources to target\classes
2025-03-10 18:08:09,414 [Worker-8: Building] INFO  o.a.m.s.f.DefaultMavenResourcesFiltering - skip non existing resourceDirectory C:\src\ProyectoBomber\JavaWorskpace\bombero\src\test\resources
2025-03-10 18:08:31,988 [Worker-10: Building] INFO  o.a.m.s.f.DefaultMavenResourcesFiltering - Copying 1 resource from src\main\resources to target\classes
2025-03-10 18:08:31,993 [Worker-10: Building] INFO  o.a.m.s.f.DefaultMavenResourcesFiltering - Copying 0 resource from src\main\resources to target\classes
2025-03-10 18:08:31,996 [Worker-10: Building] INFO  o.a.m.s.f.DefaultMavenResourcesFiltering - skip non existing resourceDirectory C:\src\ProyectoBomber\JavaWorskpace\bombero\src\test\resources
2025-03-10 18:08:45,203 [Worker-3: Building] INFO  o.a.m.s.f.DefaultMavenResourcesFiltering - Copying 1 resource from src\main\resources to target\classes
2025-03-10 18:08:45,207 [Worker-3: Building] INFO  o.a.m.s.f.DefaultMavenResourcesFiltering - Copying 0 resource from src\main\resources to target\classes
2025-03-10 18:08:45,211 [Worker-3: Building] INFO  o.a.m.s.f.DefaultMavenResourcesFiltering - skip non existing resourceDirectory C:\src\ProyectoBomber\JavaWorskpace\bombero\src\test\resources
2025-03-10 18:09:25,156 [Worker-6: Building] INFO  o.e.m.c.i.l.LifecycleMappingFactory - Using org.maven.ide.eclipse.wtp.WarLifecycleMapping lifecycle mapping for MavenProject: py.edu.com.facitec:bombero:0.0.1-SNAPSHOT @ C:\src\ProyectoBomber\JavaWorskpace\bombero\pom.xml.
2025-03-10 18:09:25,629 [Worker-6: Building] INFO  o.e.m.c.i.e.AbstractTransferListenerAdapter - Downloading https://repo.maven.apache.org/maven2/org/projectlombok/lombok/1.18.36/lombok-1.18.36.pom
2025-03-10 18:09:25,637 [Worker-6: Building] INFO  o.e.m.c.i.e.AbstractTransferListenerAdapter - Downloaded https://repo.maven.apache.org/maven2/org/projectlombok/lombok/1.18.36/lombok-1.18.36.pom
2025-03-10 18:09:25,787 [Worker-6: Building] INFO  o.e.m.c.i.e.AbstractTransferListenerAdapter - Downloading https://repo.maven.apache.org/maven2/org/projectlombok/lombok/1.18.36/lombok-1.18.36.jar
2025-03-10 18:09:26,040 [Worker-6: Building] INFO  o.e.m.c.i.e.AbstractTransferListenerAdapter - Downloaded https://repo.maven.apache.org/maven2/org/projectlombok/lombok/1.18.36/lombok-1.18.36.jar
2025-03-10 18:09:26,793 [Worker-6: Building] INFO  o.a.m.s.f.DefaultMavenResourcesFiltering - Copying 0 resource from src\main\resources to target\classes
2025-03-10 18:09:26,793 [Worker-6: Building] INFO  o.a.m.s.f.DefaultMavenResourcesFiltering - Copying 0 resource from src\main\resources to target\classes
2025-03-10 18:09:26,796 [Worker-6: Building] INFO  o.a.m.s.f.DefaultMavenResourcesFiltering - skip non existing resourceDirectory C:\src\ProyectoBomber\JavaWorskpace\bombero\src\test\resources
2025-03-10 18:09:26,798 [Worker-6: Building] INFO  o.e.m.w.i.f.ResourceFilteringBuildParticipant - Changed resources require a complete clean of filtered resources of bombero
2025-03-10 18:09:26,798 [Worker-6: Building] INFO  o.e.m.w.i.f.ResourceFilteringBuildParticipant - Executing resource filtering for bombero
2025-03-10 18:09:27,015 [Worker-5: Updating Maven Project] INFO  o.e.m.c.i.p.ProjectConfigurationManager - Update started
2025-03-10 18:09:27,484 [Worker-5: Updating Maven Project] INFO  o.e.m.c.i.l.LifecycleMappingFactory - Using org.maven.ide.eclipse.wtp.WarLifecycleMapping lifecycle mapping for MavenProject: py.edu.com.facitec:bombero:0.0.1-SNAPSHOT @ C:\src\ProyectoBomber\JavaWorskpace\bombero\pom.xml.
2025-03-10 18:09:27,822 [Worker-11: Download sources and javadoc] INFO  o.e.m.c.i.e.AbstractTransferListenerAdapter - Downloading https://repo.maven.apache.org/maven2/org/projectlombok/lombok/1.18.36/lombok-1.18.36-sources.jar
2025-03-10 18:09:27,946 [Worker-11: Download sources and javadoc] INFO  o.e.m.c.i.e.AbstractTransferListenerAdapter - Downloaded https://repo.maven.apache.org/maven2/org/projectlombok/lombok/1.18.36/lombok-1.18.36-sources.jar
2025-03-10 18:09:27,950 [Worker-11: Download sources and javadoc] INFO  o.e.m.j.internal.DownloadSourcesJob - Downloaded sources for org.projectlombok:lombok:1.18.36
2025-03-10 18:09:28,651 [Worker-5: Updating Maven Project] INFO  o.e.m.j.i.AbstractJavaProjectConfigurator - Adding source folder /bombero/src/main/java
2025-03-10 18:09:28,652 [Worker-5: Updating Maven Project] INFO  o.e.m.j.i.AbstractJavaProjectConfigurator - Adding resource folder /bombero/src/main/resources
2025-03-10 18:09:28,653 [Worker-5: Updating Maven Project] INFO  o.e.m.j.i.AbstractJavaProjectConfigurator - Adding resource folder /bombero/src/main/resources
2025-03-10 18:09:28,654 [Worker-5: Updating Maven Project] INFO  o.e.m.j.i.AbstractJavaProjectConfigurator - Adding source folder /bombero/src/test/java
2025-03-10 18:09:28,655 [Worker-5: Updating Maven Project] INFO  o.e.m.j.i.AbstractJavaProjectConfigurator - Adding resource folder /bombero/src/test/resources
2025-03-10 18:09:29,428 [Worker-5: Updating Maven Project] INFO  o.e.m.w.i.f.ResourceFilteringBuildParticipant - Cleaning filtered folder for bombero
2025-03-10 18:09:29,447 [Worker-5: Updating Maven Project] INFO  o.e.m.c.i.p.ProjectConfigurationManager - Update completed for 1 poms: local refresh takes 0.00 sec, refresh facades takes 1.00 sec, update config takes 0.00 sec 
2025-03-10 18:09:30,485 [Worker-0: Building] INFO  o.e.m.c.i.l.LifecycleMappingFactory - Using org.maven.ide.eclipse.wtp.WarLifecycleMapping lifecycle mapping for MavenProject: py.edu.com.facitec:bombero:0.0.1-SNAPSHOT @ C:\src\ProyectoBomber\JavaWorskpace\bombero\pom.xml.
2025-03-10 18:09:31,172 [Worker-0: Building] INFO  o.a.m.s.f.DefaultMavenResourcesFiltering - Copying 1 resource from src\main\resources to target\classes
2025-03-10 18:09:31,184 [Worker-0: Building] INFO  o.a.m.s.f.DefaultMavenResourcesFiltering - Copying 0 resource from src\main\resources to target\classes
2025-03-10 18:09:31,187 [Worker-0: Building] INFO  o.a.m.s.f.DefaultMavenResourcesFiltering - skip non existing resourceDirectory C:\src\ProyectoBomber\JavaWorskpace\bombero\src\test\resources
2025-03-10 18:09:32,383 [Worker-7: Building] INFO  o.a.m.s.f.DefaultMavenResourcesFiltering - Copying 1 resource from src\main\resources to target\classes
2025-03-10 18:09:32,385 [Worker-7: Building] INFO  o.a.m.s.f.DefaultMavenResourcesFiltering - Copying 0 resource from src\main\resources to target\classes
2025-03-10 18:09:32,388 [Worker-7: Building] INFO  o.a.m.s.f.DefaultMavenResourcesFiltering - skip non existing resourceDirectory C:\src\ProyectoBomber\JavaWorskpace\bombero\src\test\resources
2025-03-10 18:09:38,648 [Worker-7: Building] INFO  o.e.m.c.i.l.LifecycleMappingFactory - Using org.maven.ide.eclipse.wtp.WarLifecycleMapping lifecycle mapping for MavenProject: py.edu.com.facitec:bombero:0.0.1-SNAPSHOT @ C:\src\ProyectoBomber\JavaWorskpace\bombero\pom.xml.
2025-03-10 18:09:39,201 [Worker-7: Building] INFO  o.a.m.s.f.DefaultMavenResourcesFiltering - Copying 0 resource from src\main\resources to target\classes
2025-03-10 18:09:39,202 [Worker-7: Building] INFO  o.a.m.s.f.DefaultMavenResourcesFiltering - Copying 0 resource from src\main\resources to target\classes
2025-03-10 18:09:39,205 [Worker-7: Building] INFO  o.a.m.s.f.DefaultMavenResourcesFiltering - skip non existing resourceDirectory C:\src\ProyectoBomber\JavaWorskpace\bombero\src\test\resources
2025-03-10 18:09:39,205 [Worker-7: Building] INFO  o.e.m.w.i.f.ResourceFilteringBuildParticipant - Changed resources require a complete clean of filtered resources of bombero
2025-03-10 18:09:39,205 [Worker-7: Building] INFO  o.e.m.w.i.f.ResourceFilteringBuildParticipant - Executing resource filtering for bombero
2025-03-10 18:09:40,381 [Worker-8: Building] INFO  o.a.m.s.f.DefaultMavenResourcesFiltering - Copying 1 resource from src\main\resources to target\classes
2025-03-10 18:09:40,393 [Worker-8: Building] INFO  o.a.m.s.f.DefaultMavenResourcesFiltering - Copying 0 resource from src\main\resources to target\classes
2025-03-10 18:09:40,395 [Worker-8: Building] INFO  o.a.m.s.f.DefaultMavenResourcesFiltering - skip non existing resourceDirectory C:\src\ProyectoBomber\JavaWorskpace\bombero\src\test\resources
2025-03-10 18:10:27,577 [Worker-8: Building] INFO  o.e.m.c.i.l.LifecycleMappingFactory - Using org.maven.ide.eclipse.wtp.WarLifecycleMapping lifecycle mapping for MavenProject: py.edu.com.facitec:bombero:0.0.1-SNAPSHOT @ C:\src\ProyectoBomber\JavaWorskpace\bombero\pom.xml.
2025-03-10 18:10:28,154 [Worker-8: Building] INFO  o.a.m.s.f.DefaultMavenResourcesFiltering - Copying 0 resource from src\main\resources to target\classes
2025-03-10 18:10:28,155 [Worker-8: Building] INFO  o.a.m.s.f.DefaultMavenResourcesFiltering - Copying 0 resource from src\main\resources to target\classes
2025-03-10 18:10:28,158 [Worker-8: Building] INFO  o.a.m.s.f.DefaultMavenResourcesFiltering - skip non existing resourceDirectory C:\src\ProyectoBomber\JavaWorskpace\bombero\src\test\resources
2025-03-10 18:10:28,158 [Worker-8: Building] INFO  o.e.m.w.i.f.ResourceFilteringBuildParticipant - Changed resources require a complete clean of filtered resources of bombero
2025-03-10 18:10:28,158 [Worker-8: Building] INFO  o.e.m.w.i.f.ResourceFilteringBuildParticipant - Executing resource filtering for bombero
2025-03-10 18:10:29,333 [Worker-5: Building] INFO  o.a.m.s.f.DefaultMavenResourcesFiltering - Copying 1 resource from src\main\resources to target\classes
2025-03-10 18:10:29,347 [Worker-5: Building] INFO  o.a.m.s.f.DefaultMavenResourcesFiltering - Copying 0 resource from src\main\resources to target\classes
2025-03-10 18:10:29,350 [Worker-5: Building] INFO  o.a.m.s.f.DefaultMavenResourcesFiltering - skip non existing resourceDirectory C:\src\ProyectoBomber\JavaWorskpace\bombero\src\test\resources
2025-03-10 18:10:56,599 [Worker-6: Building] ERROR o.e.m.c.i.p.r.ProjectRegistryManager - Could not read pom.xml
org.eclipse.core.runtime.CoreException: Could not read pom.xml
	at org.eclipse.m2e.core.internal.IMavenToolbox.readModel(IMavenToolbox.java:245)
	at org.eclipse.m2e.core.internal.project.registry.ProjectRegistryManager.refreshPhase2(ProjectRegistryManager.java:591)
	at org.eclipse.m2e.core.internal.project.registry.ProjectRegistryManager.refresh(ProjectRegistryManager.java:491)
	at org.eclipse.m2e.core.internal.project.registry.ProjectRegistryManager.refresh(ProjectRegistryManager.java:370)
	at org.eclipse.m2e.core.internal.project.registry.ProjectRegistryManager.refresh(ProjectRegistryManager.java:322)
	at org.eclipse.m2e.core.internal.builder.MavenBuilder$BuildMethod.getProjectFacade(MavenBuilder.java:146)
	at org.eclipse.m2e.core.internal.builder.MavenBuilder$BuildMethod.lambda$0(MavenBuilder.java:84)
	at org.eclipse.m2e.core.internal.embedder.MavenExecutionContext.executeBare(MavenExecutionContext.java:458)
	at org.eclipse.m2e.core.internal.embedder.MavenExecutionContext.execute(MavenExecutionContext.java:339)
	at org.eclipse.m2e.core.internal.embedder.MavenExecutionContext.execute(MavenExecutionContext.java:278)
	at org.eclipse.m2e.core.internal.builder.MavenBuilder$BuildMethod.execute(MavenBuilder.java:83)
	at org.eclipse.m2e.core.internal.builder.MavenBuilder.build(MavenBuilder.java:192)
	at org.eclipse.core.internal.events.BuildManager$2.run(BuildManager.java:1077)
	at org.eclipse.core.runtime.SafeRunner.run(SafeRunner.java:47)
	at org.eclipse.core.internal.events.BuildManager.basicBuild(BuildManager.java:296)
	at org.eclipse.core.internal.events.BuildManager.basicBuild(BuildManager.java:352)
	at org.eclipse.core.internal.events.BuildManager$1.run(BuildManager.java:441)
	at org.eclipse.core.runtime.SafeRunner.run(SafeRunner.java:47)
	at org.eclipse.core.internal.events.BuildManager.basicBuild(BuildManager.java:444)
	at org.eclipse.core.internal.events.BuildManager.basicBuildLoop(BuildManager.java:555)
	at org.eclipse.core.internal.events.BuildManager.basicBuildLoop(BuildManager.java:503)
	at org.eclipse.core.internal.events.BuildManager.build(BuildManager.java:585)
	at org.eclipse.core.internal.events.AutoBuildJob.doBuild(AutoBuildJob.java:207)
	at org.eclipse.core.internal.events.AutoBuildJob.run(AutoBuildJob.java:300)
	at org.eclipse.core.internal.jobs.Worker.run(Worker.java:63)
Caused by: org.apache.maven.model.io.ModelParseException: Duplicated tag: 'build' (position: START_TAG seen ...</build>\n\n\t<build>... @95:9) 
	at org.apache.maven.model.io.DefaultModelReader.read(DefaultModelReader.java:96)
	at org.apache.maven.model.io.DefaultModelReader.read(DefaultModelReader.java:74)
	at org.eclipse.m2e.core.internal.IMavenToolbox.readModel(IMavenToolbox.java:243)
	... 24 common frames omitted
Caused by: org.codehaus.plexus.util.xml.pull.XmlPullParserException: Duplicated tag: 'build' (position: START_TAG seen ...</build>\n\n\t<build>... @95:9) 
	at org.apache.maven.model.io.xpp3.MavenXpp3Reader.checkFieldWithDuplicate(MavenXpp3Reader.java:141)
	at org.apache.maven.model.io.xpp3.MavenXpp3Reader.parseModel(MavenXpp3Reader.java:2362)
	at org.apache.maven.model.io.xpp3.MavenXpp3Reader.read(MavenXpp3Reader.java:623)
	at org.apache.maven.model.io.xpp3.MavenXpp3Reader.read(MavenXpp3Reader.java:654)
	at org.apache.maven.model.io.DefaultModelReader.read(DefaultModelReader.java:93)
	... 26 common frames omitted
2025-03-10 18:10:57,809 [Worker-1: Building] ERROR o.e.m.c.i.p.r.ProjectRegistryManager - Could not read pom.xml
org.eclipse.core.runtime.CoreException: Could not read pom.xml
	at org.eclipse.m2e.core.internal.IMavenToolbox.readModel(IMavenToolbox.java:245)
	at org.eclipse.m2e.core.internal.project.registry.ProjectRegistryManager.refreshPhase2(ProjectRegistryManager.java:591)
	at org.eclipse.m2e.core.internal.project.registry.ProjectRegistryManager.refresh(ProjectRegistryManager.java:491)
	at org.eclipse.m2e.core.internal.project.registry.ProjectRegistryManager.refresh(ProjectRegistryManager.java:370)
	at org.eclipse.m2e.core.internal.project.registry.ProjectRegistryManager.refresh(ProjectRegistryManager.java:322)
	at org.eclipse.m2e.core.internal.builder.MavenBuilder$BuildMethod.getProjectFacade(MavenBuilder.java:146)
	at org.eclipse.m2e.core.internal.builder.MavenBuilder$BuildMethod.lambda$0(MavenBuilder.java:84)
	at org.eclipse.m2e.core.internal.embedder.MavenExecutionContext.executeBare(MavenExecutionContext.java:458)
	at org.eclipse.m2e.core.internal.embedder.MavenExecutionContext.execute(MavenExecutionContext.java:339)
	at org.eclipse.m2e.core.internal.embedder.MavenExecutionContext.execute(MavenExecutionContext.java:278)
	at org.eclipse.m2e.core.internal.builder.MavenBuilder$BuildMethod.execute(MavenBuilder.java:83)
	at org.eclipse.m2e.core.internal.builder.MavenBuilder.build(MavenBuilder.java:192)
	at org.eclipse.core.internal.events.BuildManager$2.run(BuildManager.java:1077)
	at org.eclipse.core.runtime.SafeRunner.run(SafeRunner.java:47)
	at org.eclipse.core.internal.events.BuildManager.basicBuild(BuildManager.java:296)
	at org.eclipse.core.internal.events.BuildManager.basicBuild(BuildManager.java:352)
	at org.eclipse.core.internal.events.BuildManager$1.run(BuildManager.java:441)
	at org.eclipse.core.runtime.SafeRunner.run(SafeRunner.java:47)
	at org.eclipse.core.internal.events.BuildManager.basicBuild(BuildManager.java:444)
	at org.eclipse.core.internal.events.BuildManager.basicBuildLoop(BuildManager.java:555)
	at org.eclipse.core.internal.events.BuildManager.basicBuildLoop(BuildManager.java:503)
	at org.eclipse.core.internal.events.BuildManager.build(BuildManager.java:585)
	at org.eclipse.core.internal.events.AutoBuildJob.doBuild(AutoBuildJob.java:207)
	at org.eclipse.core.internal.events.AutoBuildJob.run(AutoBuildJob.java:300)
	at org.eclipse.core.internal.jobs.Worker.run(Worker.java:63)
Caused by: org.apache.maven.model.io.ModelParseException: Duplicated tag: 'build' (position: START_TAG seen ...</build>\n\n\t<build>... @95:9) 
	at org.apache.maven.model.io.DefaultModelReader.read(DefaultModelReader.java:96)
	at org.apache.maven.model.io.DefaultModelReader.read(DefaultModelReader.java:74)
	at org.eclipse.m2e.core.internal.IMavenToolbox.readModel(IMavenToolbox.java:243)
	... 24 common frames omitted
Caused by: org.codehaus.plexus.util.xml.pull.XmlPullParserException: Duplicated tag: 'build' (position: START_TAG seen ...</build>\n\n\t<build>... @95:9) 
	at org.apache.maven.model.io.xpp3.MavenXpp3Reader.checkFieldWithDuplicate(MavenXpp3Reader.java:141)
	at org.apache.maven.model.io.xpp3.MavenXpp3Reader.parseModel(MavenXpp3Reader.java:2362)
	at org.apache.maven.model.io.xpp3.MavenXpp3Reader.read(MavenXpp3Reader.java:623)
	at org.apache.maven.model.io.xpp3.MavenXpp3Reader.read(MavenXpp3Reader.java:654)
	at org.apache.maven.model.io.DefaultModelReader.read(DefaultModelReader.java:93)
	... 26 common frames omitted
2025-03-10 18:11:17,643 [Worker-11: Building] INFO  o.e.m.c.i.l.LifecycleMappingFactory - Using org.maven.ide.eclipse.wtp.WarLifecycleMapping lifecycle mapping for MavenProject: py.edu.com.facitec:bombero:0.0.1-SNAPSHOT @ C:\src\ProyectoBomber\JavaWorskpace\bombero\pom.xml.
2025-03-10 18:11:18,281 [Worker-11: Building] INFO  o.a.m.s.f.DefaultMavenResourcesFiltering - Copying 0 resource from src\main\resources to target\classes
2025-03-10 18:11:18,282 [Worker-11: Building] INFO  o.a.m.s.f.DefaultMavenResourcesFiltering - Copying 0 resource from src\main\resources to target\classes
2025-03-10 18:11:18,286 [Worker-11: Building] INFO  o.a.m.s.f.DefaultMavenResourcesFiltering - skip non existing resourceDirectory C:\src\ProyectoBomber\JavaWorskpace\bombero\src\test\resources
2025-03-10 18:11:18,287 [Worker-11: Building] INFO  o.e.m.w.i.f.ResourceFilteringBuildParticipant - Changed resources require a complete clean of filtered resources of bombero
2025-03-10 18:11:18,287 [Worker-11: Building] INFO  o.e.m.w.i.f.ResourceFilteringBuildParticipant - Executing resource filtering for bombero
2025-03-10 18:11:34,477 [Worker-0: Updating Maven Project] INFO  o.e.m.c.i.p.ProjectConfigurationManager - Update started
2025-03-10 18:11:34,776 [Worker-0: Updating Maven Project] INFO  o.e.m.c.i.l.LifecycleMappingFactory - Using org.maven.ide.eclipse.wtp.WarLifecycleMapping lifecycle mapping for MavenProject: py.edu.com.facitec:bombero:0.0.1-SNAPSHOT @ C:\src\ProyectoBomber\JavaWorskpace\bombero\pom.xml.
2025-03-10 18:11:35,263 [Worker-0: Updating Maven Project] INFO  o.e.m.j.i.AbstractJavaProjectConfigurator - Adding source folder /bombero/src/main/java
2025-03-10 18:11:35,264 [Worker-0: Updating Maven Project] INFO  o.e.m.j.i.AbstractJavaProjectConfigurator - Adding resource folder /bombero/src/main/resources
2025-03-10 18:11:35,265 [Worker-0: Updating Maven Project] INFO  o.e.m.j.i.AbstractJavaProjectConfigurator - Adding resource folder /bombero/src/main/resources
2025-03-10 18:11:35,265 [Worker-0: Updating Maven Project] INFO  o.e.m.j.i.AbstractJavaProjectConfigurator - Adding source folder /bombero/src/test/java
2025-03-10 18:11:35,266 [Worker-0: Updating Maven Project] INFO  o.e.m.j.i.AbstractJavaProjectConfigurator - Adding resource folder /bombero/src/test/resources
2025-03-10 18:11:35,838 [Worker-0: Updating Maven Project] INFO  o.e.m.w.i.f.ResourceFilteringBuildParticipant - Cleaning filtered folder for bombero
2025-03-10 18:11:35,876 [Worker-0: Updating Maven Project] INFO  o.e.m.c.i.p.ProjectConfigurationManager - Update completed for 1 poms: local refresh takes 0.00 sec, refresh facades takes 0.00 sec, update config takes 0.00 sec 
2025-03-10 18:11:36,213 [Worker-10: Building] INFO  o.a.m.s.f.DefaultMavenResourcesFiltering - Copying 1 resource from src\main\resources to target\classes
2025-03-10 18:11:36,230 [Worker-10: Building] INFO  o.a.m.s.f.DefaultMavenResourcesFiltering - Copying 0 resource from src\main\resources to target\classes
2025-03-10 18:11:36,233 [Worker-10: Building] INFO  o.a.m.s.f.DefaultMavenResourcesFiltering - skip non existing resourceDirectory C:\src\ProyectoBomber\JavaWorskpace\bombero\src\test\resources
2025-03-10 18:11:36,234 [Worker-10: Building] INFO  o.e.m.w.i.f.ResourceFilteringBuildParticipant - Changed resources require a complete clean of filtered resources of bombero
2025-03-10 18:11:36,234 [Worker-10: Building] INFO  o.e.m.w.i.f.ResourceFilteringBuildParticipant - Executing resource filtering for bombero
2025-03-10 18:12:26,407 [Worker-3: Building] INFO  o.e.m.c.i.l.LifecycleMappingFactory - Using org.maven.ide.eclipse.wtp.WarLifecycleMapping lifecycle mapping for MavenProject: py.edu.com.facitec:bombero:0.0.1-SNAPSHOT @ C:\src\ProyectoBomber\JavaWorskpace\bombero\pom.xml.
2025-03-10 18:12:26,963 [Worker-3: Building] INFO  o.a.m.s.f.DefaultMavenResourcesFiltering - Copying 0 resource from src\main\resources to target\classes
2025-03-10 18:12:26,964 [Worker-3: Building] INFO  o.a.m.s.f.DefaultMavenResourcesFiltering - Copying 0 resource from src\main\resources to target\classes
2025-03-10 18:12:26,968 [Worker-3: Building] INFO  o.a.m.s.f.DefaultMavenResourcesFiltering - skip non existing resourceDirectory C:\src\ProyectoBomber\JavaWorskpace\bombero\src\test\resources
2025-03-10 18:12:26,968 [Worker-3: Building] INFO  o.e.m.w.i.f.ResourceFilteringBuildParticipant - Changed resources require a complete clean of filtered resources of bombero
2025-03-10 18:12:26,968 [Worker-3: Building] INFO  o.e.m.w.i.f.ResourceFilteringBuildParticipant - Executing resource filtering for bombero
2025-03-10 18:12:28,195 [Worker-10: Building] INFO  o.a.m.s.f.DefaultMavenResourcesFiltering - Copying 1 resource from src\main\resources to target\classes
2025-03-10 18:12:28,207 [Worker-10: Building] INFO  o.a.m.s.f.DefaultMavenResourcesFiltering - Copying 0 resource from src\main\resources to target\classes
2025-03-10 18:12:28,210 [Worker-10: Building] INFO  o.a.m.s.f.DefaultMavenResourcesFiltering - skip non existing resourceDirectory C:\src\ProyectoBomber\JavaWorskpace\bombero\src\test\resources
2025-03-10 18:12:41,326 [Worker-2: Building] INFO  o.e.m.c.i.l.LifecycleMappingFactory - Using org.maven.ide.eclipse.wtp.WarLifecycleMapping lifecycle mapping for MavenProject: py.edu.com.facitec:bombero:0.0.1-SNAPSHOT @ C:\src\ProyectoBomber\JavaWorskpace\bombero\pom.xml.
2025-03-10 18:12:41,882 [Worker-2: Building] INFO  o.a.m.s.f.DefaultMavenResourcesFiltering - Copying 0 resource from src\main\resources to target\classes
2025-03-10 18:12:41,883 [Worker-2: Building] INFO  o.a.m.s.f.DefaultMavenResourcesFiltering - Copying 0 resource from src\main\resources to target\classes
2025-03-10 18:12:41,886 [Worker-2: Building] INFO  o.a.m.s.f.DefaultMavenResourcesFiltering - skip non existing resourceDirectory C:\src\ProyectoBomber\JavaWorskpace\bombero\src\test\resources
2025-03-10 18:12:41,887 [Worker-2: Building] INFO  o.e.m.w.i.f.ResourceFilteringBuildParticipant - Changed resources require a complete clean of filtered resources of bombero
2025-03-10 18:12:41,887 [Worker-2: Building] INFO  o.e.m.w.i.f.ResourceFilteringBuildParticipant - Executing resource filtering for bombero
2025-03-10 18:12:43,068 [Worker-0: Building] INFO  o.a.m.s.f.DefaultMavenResourcesFiltering - Copying 1 resource from src\main\resources to target\classes
2025-03-10 18:12:43,082 [Worker-0: Building] INFO  o.a.m.s.f.DefaultMavenResourcesFiltering - Copying 0 resource from src\main\resources to target\classes
2025-03-10 18:12:43,085 [Worker-0: Building] INFO  o.a.m.s.f.DefaultMavenResourcesFiltering - skip non existing resourceDirectory C:\src\ProyectoBomber\JavaWorskpace\bombero\src\test\resources
2025-03-10 18:12:51,435 [Worker-2: Updating Maven Project] INFO  o.e.m.c.i.p.ProjectConfigurationManager - Update started
2025-03-10 18:12:51,724 [Worker-2: Updating Maven Project] INFO  o.e.m.c.i.l.LifecycleMappingFactory - Using org.maven.ide.eclipse.wtp.WarLifecycleMapping lifecycle mapping for MavenProject: py.edu.com.facitec:bombero:0.0.1-SNAPSHOT @ C:\src\ProyectoBomber\JavaWorskpace\bombero\pom.xml.
2025-03-10 18:12:52,209 [Worker-2: Updating Maven Project] INFO  o.e.m.j.i.AbstractJavaProjectConfigurator - Adding source folder /bombero/src/main/java
2025-03-10 18:12:52,210 [Worker-2: Updating Maven Project] INFO  o.e.m.j.i.AbstractJavaProjectConfigurator - Adding resource folder /bombero/src/main/resources
2025-03-10 18:12:52,211 [Worker-2: Updating Maven Project] INFO  o.e.m.j.i.AbstractJavaProjectConfigurator - Adding resource folder /bombero/src/main/resources
2025-03-10 18:12:52,211 [Worker-2: Updating Maven Project] INFO  o.e.m.j.i.AbstractJavaProjectConfigurator - Adding source folder /bombero/src/test/java
2025-03-10 18:12:52,212 [Worker-2: Updating Maven Project] INFO  o.e.m.j.i.AbstractJavaProjectConfigurator - Adding resource folder /bombero/src/test/resources
2025-03-10 18:12:52,791 [Worker-2: Updating Maven Project] INFO  o.e.m.w.i.f.ResourceFilteringBuildParticipant - Cleaning filtered folder for bombero
2025-03-10 18:12:52,810 [Worker-2: Updating Maven Project] INFO  o.e.m.c.i.p.ProjectConfigurationManager - Update completed for 1 poms: local refresh takes 0.00 sec, refresh facades takes 0.00 sec, update config takes 0.00 sec 
2025-03-10 18:12:53,151 [Worker-4: Building] INFO  o.a.m.s.f.DefaultMavenResourcesFiltering - Copying 1 resource from src\main\resources to target\classes
2025-03-10 18:12:53,166 [Worker-4: Building] INFO  o.a.m.s.f.DefaultMavenResourcesFiltering - Copying 0 resource from src\main\resources to target\classes
2025-03-10 18:12:53,170 [Worker-4: Building] INFO  o.a.m.s.f.DefaultMavenResourcesFiltering - skip non existing resourceDirectory C:\src\ProyectoBomber\JavaWorskpace\bombero\src\test\resources
2025-03-10 18:12:53,171 [Worker-4: Building] INFO  o.e.m.w.i.f.ResourceFilteringBuildParticipant - Changed resources require a complete clean of filtered resources of bombero
2025-03-10 18:12:53,171 [Worker-4: Building] INFO  o.e.m.w.i.f.ResourceFilteringBuildParticipant - Executing resource filtering for bombero
2025-03-10 18:12:58,450 [Worker-1: Building] INFO  o.a.m.s.f.DefaultMavenResourcesFiltering - Copying 1 resource from src\main\resources to target\classes
2025-03-10 18:12:58,454 [Worker-1: Building] INFO  o.a.m.s.f.DefaultMavenResourcesFiltering - Copying 0 resource from src\main\resources to target\classes
2025-03-10 18:12:58,456 [Worker-1: Building] INFO  o.a.m.s.f.DefaultMavenResourcesFiltering - skip non existing resourceDirectory C:\src\ProyectoBomber\JavaWorskpace\bombero\src\test\resources
2025-03-10 18:13:02,116 [Worker-2: Building] INFO  o.a.m.s.f.DefaultMavenResourcesFiltering - Copying 1 resource from src\main\resources to target\classes
2025-03-10 18:13:02,120 [Worker-2: Building] INFO  o.a.m.s.f.DefaultMavenResourcesFiltering - Copying 0 resource from src\main\resources to target\classes
2025-03-10 18:13:02,122 [Worker-2: Building] INFO  o.a.m.s.f.DefaultMavenResourcesFiltering - skip non existing resourceDirectory C:\src\ProyectoBomber\JavaWorskpace\bombero\src\test\resources
2025-03-10 18:13:26,574 [Worker-6: Building] INFO  o.a.m.s.f.DefaultMavenResourcesFiltering - Copying 1 resource from src\main\resources to target\classes
2025-03-10 18:13:26,578 [Worker-6: Building] INFO  o.a.m.s.f.DefaultMavenResourcesFiltering - Copying 0 resource from src\main\resources to target\classes
2025-03-10 18:13:26,580 [Worker-6: Building] INFO  o.a.m.s.f.DefaultMavenResourcesFiltering - skip non existing resourceDirectory C:\src\ProyectoBomber\JavaWorskpace\bombero\src\test\resources
2025-03-10 18:13:30,761 [Worker-6: Building] INFO  o.a.m.s.f.DefaultMavenResourcesFiltering - Copying 1 resource from src\main\resources to target\classes
2025-03-10 18:13:30,768 [Worker-6: Building] INFO  o.a.m.s.f.DefaultMavenResourcesFiltering - Copying 0 resource from src\main\resources to target\classes
2025-03-10 18:13:30,770 [Worker-6: Building] INFO  o.a.m.s.f.DefaultMavenResourcesFiltering - skip non existing resourceDirectory C:\src\ProyectoBomber\JavaWorskpace\bombero\src\test\resources
2025-03-10 18:13:40,300 [Worker-6: Building] INFO  o.a.m.s.f.DefaultMavenResourcesFiltering - Copying 1 resource from src\main\resources to target\classes
2025-03-10 18:13:40,303 [Worker-6: Building] INFO  o.a.m.s.f.DefaultMavenResourcesFiltering - Copying 0 resource from src\main\resources to target\classes
2025-03-10 18:13:40,305 [Worker-6: Building] INFO  o.a.m.s.f.DefaultMavenResourcesFiltering - skip non existing resourceDirectory C:\src\ProyectoBomber\JavaWorskpace\bombero\src\test\resources
2025-03-10 18:13:49,501 [Worker-11: Building] INFO  o.a.m.s.f.DefaultMavenResourcesFiltering - Copying 1 resource from src\main\resources to target\classes
2025-03-10 18:13:49,505 [Worker-11: Building] INFO  o.a.m.s.f.DefaultMavenResourcesFiltering - Copying 0 resource from src\main\resources to target\classes
2025-03-10 18:13:49,507 [Worker-11: Building] INFO  o.a.m.s.f.DefaultMavenResourcesFiltering - skip non existing resourceDirectory C:\src\ProyectoBomber\JavaWorskpace\bombero\src\test\resources
2025-03-10 18:15:02,584 [Worker-8: Building] INFO  o.a.m.s.f.DefaultMavenResourcesFiltering - Copying 1 resource from src\main\resources to target\classes
2025-03-10 18:15:02,589 [Worker-8: Building] INFO  o.a.m.s.f.DefaultMavenResourcesFiltering - Copying 0 resource from src\main\resources to target\classes
2025-03-10 18:15:02,591 [Worker-8: Building] INFO  o.a.m.s.f.DefaultMavenResourcesFiltering - skip non existing resourceDirectory C:\src\ProyectoBomber\JavaWorskpace\bombero\src\test\resources
2025-03-10 18:15:27,176 [Worker-8: Building] INFO  o.a.m.s.f.DefaultMavenResourcesFiltering - Copying 1 resource from src\main\resources to target\classes
2025-03-10 18:15:27,181 [Worker-8: Building] INFO  o.a.m.s.f.DefaultMavenResourcesFiltering - Copying 0 resource from src\main\resources to target\classes
2025-03-10 18:15:27,183 [Worker-8: Building] INFO  o.a.m.s.f.DefaultMavenResourcesFiltering - skip non existing resourceDirectory C:\src\ProyectoBomber\JavaWorskpace\bombero\src\test\resources
2025-03-10 18:15:29,318 [Worker-7: Building] INFO  o.a.m.s.f.DefaultMavenResourcesFiltering - Copying 1 resource from src\main\resources to target\classes
2025-03-10 18:15:29,340 [Worker-7: Building] INFO  o.a.m.s.f.DefaultMavenResourcesFiltering - Copying 0 resource from src\main\resources to target\classes
2025-03-10 18:15:29,344 [Worker-7: Building] INFO  o.a.m.s.f.DefaultMavenResourcesFiltering - skip non existing resourceDirectory C:\src\ProyectoBomber\JavaWorskpace\bombero\src\test\resources
2025-03-10 18:16:18,673 [Worker-8: Building] INFO  o.a.m.s.f.DefaultMavenResourcesFiltering - Copying 1 resource from src\main\resources to target\classes
2025-03-10 18:16:18,677 [Worker-8: Building] INFO  o.a.m.s.f.DefaultMavenResourcesFiltering - Copying 0 resource from src\main\resources to target\classes
2025-03-10 18:16:18,678 [Worker-8: Building] INFO  o.a.m.s.f.DefaultMavenResourcesFiltering - skip non existing resourceDirectory C:\src\ProyectoBomber\JavaWorskpace\bombero\src\test\resources
2025-03-10 18:16:40,408 [Worker-6: Building] INFO  o.a.m.s.f.DefaultMavenResourcesFiltering - Copying 1 resource from src\main\resources to target\classes
2025-03-10 18:16:40,411 [Worker-6: Building] INFO  o.a.m.s.f.DefaultMavenResourcesFiltering - Copying 0 resource from src\main\resources to target\classes
2025-03-10 18:16:40,413 [Worker-6: Building] INFO  o.a.m.s.f.DefaultMavenResourcesFiltering - skip non existing resourceDirectory C:\src\ProyectoBomber\JavaWorskpace\bombero\src\test\resources
2025-03-10 18:17:09,695 [Worker-3: Building] INFO  o.a.m.s.f.DefaultMavenResourcesFiltering - Copying 1 resource from src\main\resources to target\classes
2025-03-10 18:17:09,699 [Worker-3: Building] INFO  o.a.m.s.f.DefaultMavenResourcesFiltering - Copying 0 resource from src\main\resources to target\classes
2025-03-10 18:17:09,701 [Worker-3: Building] INFO  o.a.m.s.f.DefaultMavenResourcesFiltering - skip non existing resourceDirectory C:\src\ProyectoBomber\JavaWorskpace\bombero\src\test\resources
2025-03-10 21:01:24,199 [Worker-24: Building] INFO  o.a.m.s.f.DefaultMavenResourcesFiltering - Copying 1 resource from src\main\resources to target\classes
2025-03-10 21:01:24,209 [Worker-24: Building] INFO  o.a.m.s.f.DefaultMavenResourcesFiltering - Copying 0 resource from src\main\resources to target\classes
2025-03-10 21:01:24,212 [Worker-24: Building] INFO  o.a.m.s.f.DefaultMavenResourcesFiltering - skip non existing resourceDirectory C:\src\ProyectoBomber\JavaWorskpace\bombero\src\test\resources
2025-03-10 21:11:45,655 [Worker-25: Building] INFO  o.a.m.s.f.DefaultMavenResourcesFiltering - Copying 1 resource from src\main\resources to target\classes
2025-03-10 21:11:45,664 [Worker-25: Building] INFO  o.a.m.s.f.DefaultMavenResourcesFiltering - Copying 0 resource from src\main\resources to target\classes
2025-03-10 21:11:45,667 [Worker-25: Building] INFO  o.a.m.s.f.DefaultMavenResourcesFiltering - skip non existing resourceDirectory C:\src\ProyectoBomber\JavaWorskpace\bombero\src\test\resources
2025-03-11 10:49:08,901 [Worker-32: Building] INFO  o.a.m.s.f.DefaultMavenResourcesFiltering - Copying 1 resource from src\main\resources to target\classes
2025-03-11 10:49:08,970 [Worker-32: Building] INFO  o.a.m.s.f.DefaultMavenResourcesFiltering - Copying 0 resource from src\main\resources to target\classes
2025-03-11 10:49:08,972 [Worker-32: Building] INFO  o.a.m.s.f.DefaultMavenResourcesFiltering - skip non existing resourceDirectory C:\src\ProyectoBomber\JavaWorskpace\bombero\src\test\resources
2025-03-11 10:57:02,032 [Worker-40: Building] INFO  o.a.m.s.f.DefaultMavenResourcesFiltering - Copying 1 resource from src\main\resources to target\classes
2025-03-11 10:57:02,115 [Worker-40: Building] INFO  o.a.m.s.f.DefaultMavenResourcesFiltering - Copying 0 resource from src\main\resources to target\classes
2025-03-11 10:57:02,118 [Worker-40: Building] INFO  o.a.m.s.f.DefaultMavenResourcesFiltering - skip non existing resourceDirectory C:\src\ProyectoBomber\JavaWorskpace\bombero\src\test\resources
2025-03-11 18:39:36,066 [Worker-4: Loading available Gradle versions] INFO  o.e.b.c.i.u.g.PublishedGradleVersions - Gradle version information cache is out-of-date. Trying to update.
2025-03-11 18:39:37,607 [Worker-4: Loading available Gradle versions] ERROR o.e.b.c.i.u.g.PublishedGradleVersions - Cannot write Gradle version information cache file.
java.io.FileNotFoundException: C:\Users\user\.cache\tooling\gradle\versions.json (Acceso denegado)
	at java.base/java.io.FileOutputStream.open0(Native Method)
	at java.base/java.io.FileOutputStream.open(FileOutputStream.java:289)
	at java.base/java.io.FileOutputStream.<init>(FileOutputStream.java:230)
	at com.google.common.io.Files$FileByteSink.openStream(Files.java:197)
	at com.google.common.io.Files$FileByteSink.openStream(Files.java:185)
	at com.google.common.io.ByteSink$AsCharSink.openStream(ByteSink.java:152)
	at com.google.common.io.CharSource$StringCharSource.copyTo(CharSource.java:662)
	at org.eclipse.buildship.core.internal.util.gradle.PublishedGradleVersions.storeCacheVersionsFile(PublishedGradleVersions.java:184)
	at org.eclipse.buildship.core.internal.util.gradle.PublishedGradleVersions.tryToDownloadAndCacheVersions(PublishedGradleVersions.java:150)
	at org.eclipse.buildship.core.internal.util.gradle.PublishedGradleVersions.tryToUpdateOutdatedVersionsFile(PublishedGradleVersions.java:133)
	at org.eclipse.buildship.core.internal.util.gradle.PublishedGradleVersions.create(PublishedGradleVersions.java:117)
	at org.eclipse.buildship.core.internal.util.gradle.PublishedGradleVersionsWrapper$LoadVersionsJob.run(PublishedGradleVersionsWrapper.java:73)
	at org.eclipse.core.internal.jobs.Worker.run(Worker.java:63)
2025-03-11 21:18:41,308 [Worker-3: Loading available Gradle versions] INFO  o.e.b.c.i.u.g.PublishedGradleVersions - Gradle version information cache is out-of-date. Trying to update.
2025-03-11 21:18:43,508 [Worker-3: Loading available Gradle versions] ERROR o.e.b.c.i.u.g.PublishedGradleVersions - Cannot write Gradle version information cache file.
java.io.FileNotFoundException: C:\Users\user\.cache\tooling\gradle\versions.json (Acceso denegado)
	at java.base/java.io.FileOutputStream.open0(Native Method)
	at java.base/java.io.FileOutputStream.open(FileOutputStream.java:289)
	at java.base/java.io.FileOutputStream.<init>(FileOutputStream.java:230)
	at com.google.common.io.Files$FileByteSink.openStream(Files.java:197)
	at com.google.common.io.Files$FileByteSink.openStream(Files.java:185)
	at com.google.common.io.ByteSink$AsCharSink.openStream(ByteSink.java:152)
	at com.google.common.io.CharSource$StringCharSource.copyTo(CharSource.java:662)
	at org.eclipse.buildship.core.internal.util.gradle.PublishedGradleVersions.storeCacheVersionsFile(PublishedGradleVersions.java:184)
	at org.eclipse.buildship.core.internal.util.gradle.PublishedGradleVersions.tryToDownloadAndCacheVersions(PublishedGradleVersions.java:150)
	at org.eclipse.buildship.core.internal.util.gradle.PublishedGradleVersions.tryToUpdateOutdatedVersionsFile(PublishedGradleVersions.java:133)
	at org.eclipse.buildship.core.internal.util.gradle.PublishedGradleVersions.create(PublishedGradleVersions.java:117)
	at org.eclipse.buildship.core.internal.util.gradle.PublishedGradleVersionsWrapper$LoadVersionsJob.run(PublishedGradleVersionsWrapper.java:73)
	at org.eclipse.core.internal.jobs.Worker.run(Worker.java:63)
2025-03-11 21:44:10,939 [Worker-4: Loading available Gradle versions] INFO  o.e.b.c.i.u.g.PublishedGradleVersions - Gradle version information cache is out-of-date. Trying to update.
2025-03-11 21:44:13,063 [Worker-4: Loading available Gradle versions] ERROR o.e.b.c.i.u.g.PublishedGradleVersions - Cannot write Gradle version information cache file.
java.io.FileNotFoundException: C:\Users\user\.cache\tooling\gradle\versions.json (Acceso denegado)
	at java.base/java.io.FileOutputStream.open0(Native Method)
	at java.base/java.io.FileOutputStream.open(FileOutputStream.java:289)
	at java.base/java.io.FileOutputStream.<init>(FileOutputStream.java:230)
	at com.google.common.io.Files$FileByteSink.openStream(Files.java:197)
	at com.google.common.io.Files$FileByteSink.openStream(Files.java:185)
	at com.google.common.io.ByteSink$AsCharSink.openStream(ByteSink.java:152)
	at com.google.common.io.CharSource$StringCharSource.copyTo(CharSource.java:662)
	at org.eclipse.buildship.core.internal.util.gradle.PublishedGradleVersions.storeCacheVersionsFile(PublishedGradleVersions.java:184)
	at org.eclipse.buildship.core.internal.util.gradle.PublishedGradleVersions.tryToDownloadAndCacheVersions(PublishedGradleVersions.java:150)
	at org.eclipse.buildship.core.internal.util.gradle.PublishedGradleVersions.tryToUpdateOutdatedVersionsFile(PublishedGradleVersions.java:133)
	at org.eclipse.buildship.core.internal.util.gradle.PublishedGradleVersions.create(PublishedGradleVersions.java:117)
	at org.eclipse.buildship.core.internal.util.gradle.PublishedGradleVersionsWrapper$LoadVersionsJob.run(PublishedGradleVersionsWrapper.java:73)
	at org.eclipse.core.internal.jobs.Worker.run(Worker.java:63)
2025-03-11 21:46:20,508 [Worker-6: Building] INFO  o.a.m.s.f.DefaultMavenResourcesFiltering - Copying 1 resource from src\main\resources to target\classes
2025-03-11 21:46:20,530 [Worker-6: Building] INFO  o.a.m.s.f.DefaultMavenResourcesFiltering - Copying 0 resource from src\main\resources to target\classes
2025-03-11 21:46:20,537 [Worker-6: Building] INFO  o.a.m.s.f.DefaultMavenResourcesFiltering - skip non existing resourceDirectory C:\src\proyectobomber\JavaWorskpace\bombero\src\test\resources
2025-03-11 21:46:26,984 [Worker-3: Building] INFO  o.a.m.s.f.DefaultMavenResourcesFiltering - Copying 1 resource from src\main\resources to target\classes
2025-03-11 21:46:27,013 [Worker-3: Building] INFO  o.a.m.s.f.DefaultMavenResourcesFiltering - Copying 2 resources from src\main\resources to target\classes
2025-03-11 21:46:27,034 [Worker-3: Building] INFO  o.a.m.s.f.DefaultMavenResourcesFiltering - skip non existing resourceDirectory C:\Users\user\Documents\TALLER 4\clase_relaciones_2024\src\test\resources
2025-03-11 23:08:04,570 [Worker-32: Building] INFO  o.a.m.s.f.DefaultMavenResourcesFiltering - Copying 1 resource from src\main\resources to target\classes
2025-03-11 23:08:04,597 [Worker-32: Building] INFO  o.a.m.s.f.DefaultMavenResourcesFiltering - Copying 0 resource from src\main\resources to target\classes
2025-03-11 23:08:04,600 [Worker-32: Building] INFO  o.a.m.s.f.DefaultMavenResourcesFiltering - skip non existing resourceDirectory C:\src\proyectobomber\JavaWorskpace\bombero\src\test\resources
2025-03-11 23:08:11,198 [Worker-41: Building] INFO  o.a.m.s.f.DefaultMavenResourcesFiltering - Copying 1 resource from src\main\resources to target\classes
2025-03-11 23:08:11,207 [Worker-41: Building] INFO  o.a.m.s.f.DefaultMavenResourcesFiltering - Copying 0 resource from src\main\resources to target\classes
2025-03-11 23:08:11,210 [Worker-41: Building] INFO  o.a.m.s.f.DefaultMavenResourcesFiltering - skip non existing resourceDirectory C:\src\proyectobomber\JavaWorskpace\bombero\src\test\resources
2025-03-11 23:08:16,167 [Worker-38: Building] INFO  o.a.m.s.f.DefaultMavenResourcesFiltering - Copying 1 resource from src\main\resources to target\classes
2025-03-11 23:08:16,171 [Worker-38: Building] INFO  o.a.m.s.f.DefaultMavenResourcesFiltering - Copying 0 resource from src\main\resources to target\classes
2025-03-11 23:08:16,174 [Worker-38: Building] INFO  o.a.m.s.f.DefaultMavenResourcesFiltering - skip non existing resourceDirectory C:\src\proyectobomber\JavaWorskpace\bombero\src\test\resources
2025-03-11 23:08:46,627 [Worker-42: Building] INFO  o.a.m.s.f.DefaultMavenResourcesFiltering - Copying 1 resource from src\main\resources to target\classes
2025-03-11 23:08:46,631 [Worker-42: Building] INFO  o.a.m.s.f.DefaultMavenResourcesFiltering - Copying 0 resource from src\main\resources to target\classes
2025-03-11 23:08:46,635 [Worker-42: Building] INFO  o.a.m.s.f.DefaultMavenResourcesFiltering - skip non existing resourceDirectory C:\src\proyectobomber\JavaWorskpace\bombero\src\test\resources
2025-03-12 08:51:02,228 [Worker-2: Loading available Gradle versions] INFO  o.e.b.c.i.u.g.PublishedGradleVersions - Gradle version information cache is out-of-date. Trying to update.
2025-03-12 08:51:03,270 [Worker-2: Loading available Gradle versions] ERROR o.e.b.c.i.u.g.PublishedGradleVersions - Cannot write Gradle version information cache file.
java.io.FileNotFoundException: C:\Users\user\.cache\tooling\gradle\versions.json (Acceso denegado)
	at java.base/java.io.FileOutputStream.open0(Native Method)
	at java.base/java.io.FileOutputStream.open(FileOutputStream.java:289)
	at java.base/java.io.FileOutputStream.<init>(FileOutputStream.java:230)
	at com.google.common.io.Files$FileByteSink.openStream(Files.java:197)
	at com.google.common.io.Files$FileByteSink.openStream(Files.java:185)
	at com.google.common.io.ByteSink$AsCharSink.openStream(ByteSink.java:152)
	at com.google.common.io.CharSource$StringCharSource.copyTo(CharSource.java:662)
	at org.eclipse.buildship.core.internal.util.gradle.PublishedGradleVersions.storeCacheVersionsFile(PublishedGradleVersions.java:184)
	at org.eclipse.buildship.core.internal.util.gradle.PublishedGradleVersions.tryToDownloadAndCacheVersions(PublishedGradleVersions.java:150)
	at org.eclipse.buildship.core.internal.util.gradle.PublishedGradleVersions.tryToUpdateOutdatedVersionsFile(PublishedGradleVersions.java:133)
	at org.eclipse.buildship.core.internal.util.gradle.PublishedGradleVersions.create(PublishedGradleVersions.java:117)
	at org.eclipse.buildship.core.internal.util.gradle.PublishedGradleVersionsWrapper$LoadVersionsJob.run(PublishedGradleVersionsWrapper.java:73)
	at org.eclipse.core.internal.jobs.Worker.run(Worker.java:63)
2025-03-15 14:08:01,235 [Worker-8: Loading available Gradle versions] INFO  o.e.b.c.i.u.g.PublishedGradleVersions - Gradle version information cache is out-of-date. Trying to update.
2025-03-15 14:08:02,069 [Worker-8: Loading available Gradle versions] ERROR o.e.b.c.i.u.g.PublishedGradleVersions - Cannot write Gradle version information cache file.
java.io.FileNotFoundException: C:\Users\user\.cache\tooling\gradle\versions.json (Acceso denegado)
	at java.base/java.io.FileOutputStream.open0(Native Method)
	at java.base/java.io.FileOutputStream.open(FileOutputStream.java:289)
	at java.base/java.io.FileOutputStream.<init>(FileOutputStream.java:230)
	at com.google.common.io.Files$FileByteSink.openStream(Files.java:197)
	at com.google.common.io.Files$FileByteSink.openStream(Files.java:185)
	at com.google.common.io.ByteSink$AsCharSink.openStream(ByteSink.java:152)
	at com.google.common.io.CharSource$StringCharSource.copyTo(CharSource.java:662)
	at org.eclipse.buildship.core.internal.util.gradle.PublishedGradleVersions.storeCacheVersionsFile(PublishedGradleVersions.java:184)
	at org.eclipse.buildship.core.internal.util.gradle.PublishedGradleVersions.tryToDownloadAndCacheVersions(PublishedGradleVersions.java:150)
	at org.eclipse.buildship.core.internal.util.gradle.PublishedGradleVersions.tryToUpdateOutdatedVersionsFile(PublishedGradleVersions.java:133)
	at org.eclipse.buildship.core.internal.util.gradle.PublishedGradleVersions.create(PublishedGradleVersions.java:117)
	at org.eclipse.buildship.core.internal.util.gradle.PublishedGradleVersionsWrapper$LoadVersionsJob.run(PublishedGradleVersionsWrapper.java:73)
	at org.eclipse.core.internal.jobs.Worker.run(Worker.java:63)
2025-03-15 21:17:58,883 [ModalContext] ERROR o.e.m.c.i.p.r.ProjectRegistryReader - Can't write workspace state
java.io.FileNotFoundException: C:\src\proyectobomber\JavaWorskpace\.metadata\.plugins\org.eclipse.m2e.core\workspaceState.ser (El sistema no puede encontrar la ruta especificada)
	at java.base/java.io.FileOutputStream.open0(Native Method)
	at java.base/java.io.FileOutputStream.open(FileOutputStream.java:289)
	at java.base/java.io.FileOutputStream.<init>(FileOutputStream.java:230)
	at java.base/java.io.FileOutputStream.<init>(FileOutputStream.java:179)
	at org.eclipse.m2e.core.internal.project.registry.ProjectRegistryReader.createObjectOutputStream(ProjectRegistryReader.java:127)
	at org.eclipse.m2e.core.internal.project.registry.ProjectRegistryReader.writeWorkspaceState(ProjectRegistryReader.java:116)
	at org.eclipse.m2e.core.internal.project.registry.ProjectRegistryManager.writeWorkspaceState(ProjectRegistryManager.java:1047)
	at org.eclipse.m2e.core.internal.project.registry.ProjectRegistryManager.saving(ProjectRegistryManager.java:1198)
	at org.eclipse.core.internal.resources.SaveManager.executeLifecycle(SaveManager.java:453)
	at org.eclipse.core.internal.resources.SaveManager$1.run(SaveManager.java:269)
	at org.eclipse.core.runtime.SafeRunner.run(SafeRunner.java:47)
	at org.eclipse.core.internal.resources.SaveManager.broadcastLifecycle(SaveManager.java:272)
	at org.eclipse.core.internal.resources.SaveManager.save(SaveManager.java:1226)
	at org.eclipse.core.internal.resources.Workspace.save(Workspace.java:2492)
	at org.eclipse.ui.internal.ide.application.IDEWorkbenchAdvisor.lambda$1(IDEWorkbenchAdvisor.java:553)
	at org.eclipse.jface.operation.ModalContext$ModalContextThread.run(ModalContext.java:124)
2025-03-17 17:46:57,066 [Worker-6: Loading available Gradle versions] INFO  o.e.b.c.i.u.g.PublishedGradleVersions - Gradle version information cache is out-of-date. Trying to update.
2025-03-17 17:46:57,849 [Worker-6: Loading available Gradle versions] ERROR o.e.b.c.i.u.g.PublishedGradleVersions - Cannot write Gradle version information cache file.
java.io.FileNotFoundException: C:\Users\user\.cache\tooling\gradle\versions.json (Acceso denegado)
	at java.base/java.io.FileOutputStream.open0(Native Method)
	at java.base/java.io.FileOutputStream.open(FileOutputStream.java:289)
	at java.base/java.io.FileOutputStream.<init>(FileOutputStream.java:230)
	at com.google.common.io.Files$FileByteSink.openStream(Files.java:197)
	at com.google.common.io.Files$FileByteSink.openStream(Files.java:185)
	at com.google.common.io.ByteSink$AsCharSink.openStream(ByteSink.java:152)
	at com.google.common.io.CharSource$StringCharSource.copyTo(CharSource.java:662)
	at org.eclipse.buildship.core.internal.util.gradle.PublishedGradleVersions.storeCacheVersionsFile(PublishedGradleVersions.java:184)
	at org.eclipse.buildship.core.internal.util.gradle.PublishedGradleVersions.tryToDownloadAndCacheVersions(PublishedGradleVersions.java:150)
	at org.eclipse.buildship.core.internal.util.gradle.PublishedGradleVersions.tryToUpdateOutdatedVersionsFile(PublishedGradleVersions.java:133)
	at org.eclipse.buildship.core.internal.util.gradle.PublishedGradleVersions.create(PublishedGradleVersions.java:117)
	at org.eclipse.buildship.core.internal.util.gradle.PublishedGradleVersionsWrapper$LoadVersionsJob.run(PublishedGradleVersionsWrapper.java:73)
	at org.eclipse.core.internal.jobs.Worker.run(Worker.java:63)
2025-03-17 17:49:52,939 [Worker-5: Importing Maven projects] INFO  o.e.m.c.i.l.LifecycleMappingFactory - Using org.maven.ide.eclipse.wtp.WarLifecycleMapping lifecycle mapping for MavenProject: py.edu.com.facitec:bombero:0.0.1-SNAPSHOT @ C:\src\proyectobomber\JavaWorskpace\bombero\pom.xml.
2025-03-17 17:50:03,138 [Worker-5: Importing Maven projects] INFO  o.e.m.j.i.AbstractJavaProjectConfigurator - Adding source folder /bombero/src/main/java
2025-03-17 17:50:03,141 [Worker-5: Importing Maven projects] INFO  o.e.m.j.i.AbstractJavaProjectConfigurator - Adding resource folder /bombero/src/main/resources
2025-03-17 17:50:03,142 [Worker-5: Importing Maven projects] INFO  o.e.m.j.i.AbstractJavaProjectConfigurator - Adding resource folder /bombero/src/main/resources
2025-03-17 17:50:03,143 [Worker-5: Importing Maven projects] INFO  o.e.m.j.i.AbstractJavaProjectConfigurator - Adding source folder /bombero/src/test/java
2025-03-17 17:50:03,144 [Worker-5: Importing Maven projects] INFO  o.e.m.j.i.AbstractJavaProjectConfigurator - Adding resource folder /bombero/src/test/resources
2025-03-17 17:50:04,164 [Worker-5: Importing Maven projects] INFO  o.e.m.c.i.p.ProjectConfigurationManager - Imported and configured 1 project(s) in 15 sec
2025-03-17 17:50:04,648 [Worker-9: Updating Maven Project] INFO  o.e.m.c.i.p.ProjectConfigurationManager - Update started
2025-03-17 17:50:05,178 [Worker-9: Updating Maven Project] INFO  o.e.m.c.i.l.LifecycleMappingFactory - Using org.maven.ide.eclipse.wtp.WarLifecycleMapping lifecycle mapping for MavenProject: py.edu.com.facitec:bombero:0.0.1-SNAPSHOT @ C:\src\proyectobomber\JavaWorskpace\bombero\pom.xml.
2025-03-17 17:50:06,086 [Worker-9: Updating Maven Project] INFO  o.e.m.j.i.AbstractJavaProjectConfigurator - Adding source folder /bombero/src/main/java
2025-03-17 17:50:06,087 [Worker-9: Updating Maven Project] INFO  o.e.m.j.i.AbstractJavaProjectConfigurator - Adding resource folder /bombero/src/main/resources
2025-03-17 17:50:06,088 [Worker-9: Updating Maven Project] INFO  o.e.m.j.i.AbstractJavaProjectConfigurator - Adding resource folder /bombero/src/main/resources
2025-03-17 17:50:06,088 [Worker-9: Updating Maven Project] INFO  o.e.m.j.i.AbstractJavaProjectConfigurator - Adding source folder /bombero/src/test/java
2025-03-17 17:50:06,089 [Worker-9: Updating Maven Project] INFO  o.e.m.j.i.AbstractJavaProjectConfigurator - Adding resource folder /bombero/src/test/resources
2025-03-17 17:50:07,306 [Worker-9: Updating Maven Project] INFO  o.e.m.w.i.f.ResourceFilteringBuildParticipant - Cleaning filtered folder for bombero
2025-03-17 17:50:07,342 [Worker-9: Updating Maven Project] INFO  o.e.m.c.i.p.ProjectConfigurationManager - Update completed for 1 poms: local refresh takes 0.00 sec, refresh facades takes 1.00 sec, update config takes 0.00 sec 
2025-03-17 17:50:08,286 [Worker-14: Building] INFO  o.a.m.s.f.DefaultMavenResourcesFiltering - Copying 1 resource from src\main\resources to target\classes
2025-03-17 17:50:08,308 [Worker-14: Building] INFO  o.a.m.s.f.DefaultMavenResourcesFiltering - Copying 0 resource from src\main\resources to target\classes
2025-03-17 17:50:08,313 [Worker-14: Building] INFO  o.a.m.s.f.DefaultMavenResourcesFiltering - skip non existing resourceDirectory C:\src\proyectobomber\JavaWorskpace\bombero\src\test\resources
2025-03-17 17:50:08,314 [Worker-14: Building] INFO  o.e.m.w.i.f.ResourceFilteringBuildParticipant - Changed resources require a complete clean of filtered resources of bombero
2025-03-17 17:50:08,316 [Worker-14: Building] INFO  o.e.m.w.i.f.ResourceFilteringBuildParticipant - Executing resource filtering for bombero
2025-03-17 17:50:23,008 [Worker-18: Cleaning all projects] INFO  o.e.m.w.i.f.ResourceFilteringBuildParticipant - Cleaning filtered folder for bombero
2025-03-17 17:50:23,338 [Worker-5: Building] INFO  o.a.m.s.f.DefaultMavenResourcesFiltering - Copying 1 resource from src\main\resources to target\classes
2025-03-17 17:50:23,340 [Worker-5: Building] INFO  o.a.m.s.f.DefaultMavenResourcesFiltering - Copying 0 resource from src\main\resources to target\classes
2025-03-17 17:50:23,343 [Worker-5: Building] INFO  o.a.m.s.f.DefaultMavenResourcesFiltering - skip non existing resourceDirectory C:\src\proyectobomber\JavaWorskpace\bombero\src\test\resources
2025-03-17 17:50:23,344 [Worker-5: Building] INFO  o.e.m.w.i.f.ResourceFilteringBuildParticipant - Changed resources require a complete clean of filtered resources of bombero
2025-03-17 17:50:23,344 [Worker-5: Building] INFO  o.e.m.w.i.f.ResourceFilteringBuildParticipant - Executing resource filtering for bombero
2025-03-17 19:03:43,789 [Worker-2: Loading available Gradle versions] INFO  o.e.b.c.i.u.g.PublishedGradleVersions - Gradle version information cache is out-of-date. Trying to update.
2025-03-17 19:03:57,056 [Worker-2: Loading available Gradle versions] INFO  o.e.b.c.i.u.g.PublishedGradleVersions - Updating Gradle version information cache failed. Using outdated cache.
2025-03-24 19:30:09,648 [Worker-2: Loading available Gradle versions] INFO  o.e.b.c.i.u.g.PublishedGradleVersions - Gradle version information cache is out-of-date. Trying to update.
2025-03-24 19:30:12,868 [Worker-2: Loading available Gradle versions] ERROR o.e.b.c.i.u.g.PublishedGradleVersions - Cannot write Gradle version information cache file.
java.io.FileNotFoundException: C:\Users\user\.cache\tooling\gradle\versions.json (Acceso denegado)
	at java.base/java.io.FileOutputStream.open0(Native Method)
	at java.base/java.io.FileOutputStream.open(FileOutputStream.java:289)
	at java.base/java.io.FileOutputStream.<init>(FileOutputStream.java:230)
	at com.google.common.io.Files$FileByteSink.openStream(Files.java:197)
	at com.google.common.io.Files$FileByteSink.openStream(Files.java:185)
	at com.google.common.io.ByteSink$AsCharSink.openStream(ByteSink.java:152)
	at com.google.common.io.CharSource$StringCharSource.copyTo(CharSource.java:662)
	at org.eclipse.buildship.core.internal.util.gradle.PublishedGradleVersions.storeCacheVersionsFile(PublishedGradleVersions.java:184)
	at org.eclipse.buildship.core.internal.util.gradle.PublishedGradleVersions.tryToDownloadAndCacheVersions(PublishedGradleVersions.java:150)
	at org.eclipse.buildship.core.internal.util.gradle.PublishedGradleVersions.tryToUpdateOutdatedVersionsFile(PublishedGradleVersions.java:133)
	at org.eclipse.buildship.core.internal.util.gradle.PublishedGradleVersions.create(PublishedGradleVersions.java:117)
	at org.eclipse.buildship.core.internal.util.gradle.PublishedGradleVersionsWrapper$LoadVersionsJob.run(PublishedGradleVersionsWrapper.java:73)
	at org.eclipse.core.internal.jobs.Worker.run(Worker.java:63)
2025-03-24 21:57:43,376 [Worker-19: Building] INFO  o.a.m.s.f.DefaultMavenResourcesFiltering - Copying 1 resource from src\main\resources to target\classes
2025-03-24 21:57:43,407 [Worker-19: Building] INFO  o.a.m.s.f.DefaultMavenResourcesFiltering - Copying 0 resource from src\main\resources to target\classes
2025-03-24 21:57:43,414 [Worker-19: Building] INFO  o.a.m.s.f.DefaultMavenResourcesFiltering - skip non existing resourceDirectory C:\src\proyectobomber\JavaWorskpace\bombero\src\test\resources
2025-03-24 21:57:54,782 [Worker-19: Building] INFO  o.a.m.s.f.DefaultMavenResourcesFiltering - Copying 1 resource from src\main\resources to target\classes
2025-03-24 21:57:54,789 [Worker-19: Building] INFO  o.a.m.s.f.DefaultMavenResourcesFiltering - Copying 0 resource from src\main\resources to target\classes
2025-03-24 21:57:54,794 [Worker-19: Building] INFO  o.a.m.s.f.DefaultMavenResourcesFiltering - skip non existing resourceDirectory C:\src\proyectobomber\JavaWorskpace\bombero\src\test\resources
2025-03-25 10:01:49,196 [Worker-2: Loading available Gradle versions] INFO  o.e.b.c.i.u.g.PublishedGradleVersions - Gradle version information cache is out-of-date. Trying to update.
2025-03-25 10:01:50,676 [Worker-2: Loading available Gradle versions] ERROR o.e.b.c.i.u.g.PublishedGradleVersions - Cannot write Gradle version information cache file.
java.io.FileNotFoundException: C:\Users\user\.cache\tooling\gradle\versions.json (Acceso denegado)
	at java.base/java.io.FileOutputStream.open0(Native Method)
	at java.base/java.io.FileOutputStream.open(FileOutputStream.java:289)
	at java.base/java.io.FileOutputStream.<init>(FileOutputStream.java:230)
	at com.google.common.io.Files$FileByteSink.openStream(Files.java:197)
	at com.google.common.io.Files$FileByteSink.openStream(Files.java:185)
	at com.google.common.io.ByteSink$AsCharSink.openStream(ByteSink.java:152)
	at com.google.common.io.CharSource$StringCharSource.copyTo(CharSource.java:662)
	at org.eclipse.buildship.core.internal.util.gradle.PublishedGradleVersions.storeCacheVersionsFile(PublishedGradleVersions.java:184)
	at org.eclipse.buildship.core.internal.util.gradle.PublishedGradleVersions.tryToDownloadAndCacheVersions(PublishedGradleVersions.java:150)
	at org.eclipse.buildship.core.internal.util.gradle.PublishedGradleVersions.tryToUpdateOutdatedVersionsFile(PublishedGradleVersions.java:133)
	at org.eclipse.buildship.core.internal.util.gradle.PublishedGradleVersions.create(PublishedGradleVersions.java:117)
	at org.eclipse.buildship.core.internal.util.gradle.PublishedGradleVersionsWrapper$LoadVersionsJob.run(PublishedGradleVersionsWrapper.java:73)
	at org.eclipse.core.internal.jobs.Worker.run(Worker.java:63)
2025-03-26 15:24:33,488 [Worker-1: Loading available Gradle versions] INFO  o.e.b.c.i.u.g.PublishedGradleVersions - Gradle version information cache is out-of-date. Trying to update.
2025-03-26 15:24:35,074 [Worker-1: Loading available Gradle versions] ERROR o.e.b.c.i.u.g.PublishedGradleVersions - Cannot write Gradle version information cache file.
java.io.FileNotFoundException: C:\Users\user\.cache\tooling\gradle\versions.json (Acceso denegado)
	at java.base/java.io.FileOutputStream.open0(Native Method)
	at java.base/java.io.FileOutputStream.open(FileOutputStream.java:289)
	at java.base/java.io.FileOutputStream.<init>(FileOutputStream.java:230)
	at com.google.common.io.Files$FileByteSink.openStream(Files.java:197)
	at com.google.common.io.Files$FileByteSink.openStream(Files.java:185)
	at com.google.common.io.ByteSink$AsCharSink.openStream(ByteSink.java:152)
	at com.google.common.io.CharSource$StringCharSource.copyTo(CharSource.java:662)
	at org.eclipse.buildship.core.internal.util.gradle.PublishedGradleVersions.storeCacheVersionsFile(PublishedGradleVersions.java:184)
	at org.eclipse.buildship.core.internal.util.gradle.PublishedGradleVersions.tryToDownloadAndCacheVersions(PublishedGradleVersions.java:150)
	at org.eclipse.buildship.core.internal.util.gradle.PublishedGradleVersions.tryToUpdateOutdatedVersionsFile(PublishedGradleVersions.java:133)
	at org.eclipse.buildship.core.internal.util.gradle.PublishedGradleVersions.create(PublishedGradleVersions.java:117)
	at org.eclipse.buildship.core.internal.util.gradle.PublishedGradleVersionsWrapper$LoadVersionsJob.run(PublishedGradleVersionsWrapper.java:73)
	at org.eclipse.core.internal.jobs.Worker.run(Worker.java:63)
2025-03-27 08:49:33,437 [Worker-3: Loading available Gradle versions] INFO  o.e.b.c.i.u.g.PublishedGradleVersions - Gradle version information cache is out-of-date. Trying to update.
2025-03-27 08:49:35,939 [Worker-3: Loading available Gradle versions] ERROR o.e.b.c.i.u.g.PublishedGradleVersions - Cannot write Gradle version information cache file.
java.io.FileNotFoundException: C:\Users\user\.cache\tooling\gradle\versions.json (Acceso denegado)
	at java.base/java.io.FileOutputStream.open0(Native Method)
	at java.base/java.io.FileOutputStream.open(FileOutputStream.java:289)
	at java.base/java.io.FileOutputStream.<init>(FileOutputStream.java:230)
	at com.google.common.io.Files$FileByteSink.openStream(Files.java:197)
	at com.google.common.io.Files$FileByteSink.openStream(Files.java:185)
	at com.google.common.io.ByteSink$AsCharSink.openStream(ByteSink.java:152)
	at com.google.common.io.CharSource$StringCharSource.copyTo(CharSource.java:662)
	at org.eclipse.buildship.core.internal.util.gradle.PublishedGradleVersions.storeCacheVersionsFile(PublishedGradleVersions.java:184)
	at org.eclipse.buildship.core.internal.util.gradle.PublishedGradleVersions.tryToDownloadAndCacheVersions(PublishedGradleVersions.java:150)
	at org.eclipse.buildship.core.internal.util.gradle.PublishedGradleVersions.tryToUpdateOutdatedVersionsFile(PublishedGradleVersions.java:133)
	at org.eclipse.buildship.core.internal.util.gradle.PublishedGradleVersions.create(PublishedGradleVersions.java:117)
	at org.eclipse.buildship.core.internal.util.gradle.PublishedGradleVersionsWrapper$LoadVersionsJob.run(PublishedGradleVersionsWrapper.java:73)
	at org.eclipse.core.internal.jobs.Worker.run(Worker.java:63)
2025-03-27 15:33:15,771 [Worker-33: Building] INFO  o.a.m.s.f.DefaultMavenResourcesFiltering - Copying 1 resource from src\main\resources to target\classes
2025-03-27 15:33:15,796 [Worker-33: Building] INFO  o.a.m.s.f.DefaultMavenResourcesFiltering - Copying 0 resource from src\main\resources to target\classes
2025-03-27 15:33:15,801 [Worker-33: Building] INFO  o.a.m.s.f.DefaultMavenResourcesFiltering - skip non existing resourceDirectory C:\src\proyectobomber\JavaWorskpace\bombero\src\test\resources
2025-03-27 15:37:43,100 [Worker-37: Building] INFO  o.a.m.s.f.DefaultMavenResourcesFiltering - Copying 1 resource from src\main\resources to target\classes
2025-03-27 15:37:43,105 [Worker-37: Building] INFO  o.a.m.s.f.DefaultMavenResourcesFiltering - Copying 0 resource from src\main\resources to target\classes
2025-03-27 15:37:43,108 [Worker-37: Building] INFO  o.a.m.s.f.DefaultMavenResourcesFiltering - skip non existing resourceDirectory C:\src\proyectobomber\JavaWorskpace\bombero\src\test\resources
2025-03-27 19:25:16,206 [Worker-5: Loading available Gradle versions] INFO  o.e.b.c.i.u.g.PublishedGradleVersions - Gradle version information cache is out-of-date. Trying to update.
2025-03-27 19:25:34,112 [Worker-5: Loading available Gradle versions] INFO  o.e.b.c.i.u.g.PublishedGradleVersions - Updating Gradle version information cache failed. Using outdated cache.
2025-03-27 19:25:44,694 [Worker-3: Launching bombero - BomberoApplication] INFO  o.a.m.s.f.DefaultMavenResourcesFiltering - Copying 1 resource from src\main\resources to target\classes
2025-03-27 19:25:44,714 [Worker-3: Launching bombero - BomberoApplication] INFO  o.a.m.s.f.DefaultMavenResourcesFiltering - Copying 0 resource from src\main\resources to target\classes
2025-03-27 19:25:44,719 [Worker-3: Launching bombero - BomberoApplication] INFO  o.a.m.s.f.DefaultMavenResourcesFiltering - skip non existing resourceDirectory C:\src\proyectobomber\JavaWorskpace\bombero\src\test\resources
2025-03-27 19:26:05,995 [Worker-0: Building] INFO  o.a.m.s.f.DefaultMavenResourcesFiltering - Copying 1 resource from src\main\resources to target\classes
2025-03-27 19:26:05,999 [Worker-0: Building] INFO  o.a.m.s.f.DefaultMavenResourcesFiltering - Copying 0 resource from src\main\resources to target\classes
2025-03-27 19:26:06,002 [Worker-0: Building] INFO  o.a.m.s.f.DefaultMavenResourcesFiltering - skip non existing resourceDirectory C:\src\proyectobomber\JavaWorskpace\bombero\src\test\resources
2025-03-28 10:04:14,498 [Worker-21: Building] INFO  o.a.m.s.f.DefaultMavenResourcesFiltering - Copying 1 resource from src\main\resources to target\classes
2025-03-28 10:04:14,503 [Worker-21: Building] INFO  o.a.m.s.f.DefaultMavenResourcesFiltering - Copying 0 resource from src\main\resources to target\classes
2025-03-28 10:04:14,508 [Worker-21: Building] INFO  o.a.m.s.f.DefaultMavenResourcesFiltering - skip non existing resourceDirectory C:\src\proyectobomber\JavaWorskpace\bombero\src\test\resources
2025-03-28 10:10:23,736 [Worker-21: Building] INFO  o.a.m.s.f.DefaultMavenResourcesFiltering - Copying 1 resource from src\main\resources to target\classes
2025-03-28 10:10:23,743 [Worker-21: Building] INFO  o.a.m.s.f.DefaultMavenResourcesFiltering - Copying 0 resource from src\main\resources to target\classes
2025-03-28 10:10:23,747 [Worker-21: Building] INFO  o.a.m.s.f.DefaultMavenResourcesFiltering - skip non existing resourceDirectory C:\src\proyectobomber\JavaWorskpace\bombero\src\test\resources
2025-03-28 11:01:20,022 [Worker-19: Building] INFO  o.a.m.s.f.DefaultMavenResourcesFiltering - Copying 1 resource from src\main\resources to target\classes
2025-03-28 11:01:20,061 [Worker-19: Building] INFO  o.a.m.s.f.DefaultMavenResourcesFiltering - Copying 0 resource from src\main\resources to target\classes
2025-03-28 11:01:20,068 [Worker-19: Building] INFO  o.a.m.s.f.DefaultMavenResourcesFiltering - skip non existing resourceDirectory C:\src\proyectobomber\JavaWorskpace\bombero\src\test\resources
2025-03-28 13:17:28,571 [Worker-3: Loading available Gradle versions] INFO  o.e.b.c.i.u.g.PublishedGradleVersions - Gradle version information cache is out-of-date. Trying to update.
2025-03-28 13:17:31,815 [Worker-3: Loading available Gradle versions] ERROR o.e.b.c.i.u.g.PublishedGradleVersions - Cannot write Gradle version information cache file.
java.io.FileNotFoundException: C:\Users\user\.cache\tooling\gradle\versions.json (Acceso denegado)
	at java.base/java.io.FileOutputStream.open0(Native Method)
	at java.base/java.io.FileOutputStream.open(FileOutputStream.java:289)
	at java.base/java.io.FileOutputStream.<init>(FileOutputStream.java:230)
	at com.google.common.io.Files$FileByteSink.openStream(Files.java:197)
	at com.google.common.io.Files$FileByteSink.openStream(Files.java:185)
	at com.google.common.io.ByteSink$AsCharSink.openStream(ByteSink.java:152)
	at com.google.common.io.CharSource$StringCharSource.copyTo(CharSource.java:662)
	at org.eclipse.buildship.core.internal.util.gradle.PublishedGradleVersions.storeCacheVersionsFile(PublishedGradleVersions.java:184)
	at org.eclipse.buildship.core.internal.util.gradle.PublishedGradleVersions.tryToDownloadAndCacheVersions(PublishedGradleVersions.java:150)
	at org.eclipse.buildship.core.internal.util.gradle.PublishedGradleVersions.tryToUpdateOutdatedVersionsFile(PublishedGradleVersions.java:133)
	at org.eclipse.buildship.core.internal.util.gradle.PublishedGradleVersions.create(PublishedGradleVersions.java:117)
	at org.eclipse.buildship.core.internal.util.gradle.PublishedGradleVersionsWrapper$LoadVersionsJob.run(PublishedGradleVersionsWrapper.java:73)
	at org.eclipse.core.internal.jobs.Worker.run(Worker.java:63)
2025-03-28 13:53:54,474 [Worker-2: Building] INFO  o.a.m.s.f.DefaultMavenResourcesFiltering - Copying 1 resource from src\main\resources to target\classes
2025-03-28 13:53:54,487 [Worker-2: Building] INFO  o.a.m.s.f.DefaultMavenResourcesFiltering - Copying 0 resource from src\main\resources to target\classes
2025-03-28 13:53:54,492 [Worker-2: Building] INFO  o.a.m.s.f.DefaultMavenResourcesFiltering - skip non existing resourceDirectory C:\src\proyectobomber\JavaWorskpace\bombero\src\test\resources
2025-03-28 13:59:41,601 [Worker-16: Building] INFO  o.a.m.s.f.DefaultMavenResourcesFiltering - Copying 1 resource from src\main\resources to target\classes
2025-03-28 13:59:41,607 [Worker-16: Building] INFO  o.a.m.s.f.DefaultMavenResourcesFiltering - Copying 0 resource from src\main\resources to target\classes
2025-03-28 13:59:41,611 [Worker-16: Building] INFO  o.a.m.s.f.DefaultMavenResourcesFiltering - skip non existing resourceDirectory C:\src\proyectobomber\JavaWorskpace\bombero\src\test\resources
2025-03-28 14:00:16,378 [Worker-18: Building] INFO  o.a.m.s.f.DefaultMavenResourcesFiltering - Copying 1 resource from src\main\resources to target\classes
2025-03-28 14:00:16,386 [Worker-18: Building] INFO  o.a.m.s.f.DefaultMavenResourcesFiltering - Copying 0 resource from src\main\resources to target\classes
2025-03-28 14:00:16,389 [Worker-18: Building] INFO  o.a.m.s.f.DefaultMavenResourcesFiltering - skip non existing resourceDirectory C:\src\proyectobomber\JavaWorskpace\bombero\src\test\resources
2025-03-28 14:01:20,320 [Worker-20: Building] INFO  o.a.m.s.f.DefaultMavenResourcesFiltering - Copying 1 resource from src\main\resources to target\classes
2025-03-28 14:01:20,336 [Worker-20: Building] INFO  o.a.m.s.f.DefaultMavenResourcesFiltering - Copying 0 resource from src\main\resources to target\classes
2025-03-28 14:01:20,344 [Worker-20: Building] INFO  o.a.m.s.f.DefaultMavenResourcesFiltering - skip non existing resourceDirectory C:\src\proyectobomber\JavaWorskpace\bombero\src\test\resources
2025-03-28 14:01:40,020 [Worker-18: Building] INFO  o.a.m.s.f.DefaultMavenResourcesFiltering - Copying 1 resource from src\main\resources to target\classes
2025-03-28 14:01:40,023 [Worker-18: Building] INFO  o.a.m.s.f.DefaultMavenResourcesFiltering - Copying 0 resource from src\main\resources to target\classes
2025-03-28 14:01:40,025 [Worker-18: Building] INFO  o.a.m.s.f.DefaultMavenResourcesFiltering - skip non existing resourceDirectory C:\src\proyectobomber\JavaWorskpace\bombero\src\test\resources
2025-03-28 14:08:52,364 [Worker-17: Building] INFO  o.a.m.s.f.DefaultMavenResourcesFiltering - Copying 1 resource from src\main\resources to target\classes
2025-03-28 14:08:52,369 [Worker-17: Building] INFO  o.a.m.s.f.DefaultMavenResourcesFiltering - Copying 0 resource from src\main\resources to target\classes
2025-03-28 14:08:52,371 [Worker-17: Building] INFO  o.a.m.s.f.DefaultMavenResourcesFiltering - skip non existing resourceDirectory C:\src\proyectobomber\JavaWorskpace\bombero\src\test\resources
2025-03-28 18:52:53,856 [Worker-7: Loading available Gradle versions] INFO  o.e.b.c.i.u.g.PublishedGradleVersions - Gradle version information cache is out-of-date. Trying to update.
2025-03-28 18:53:06,590 [Worker-7: Loading available Gradle versions] INFO  o.e.b.c.i.u.g.PublishedGradleVersions - Updating Gradle version information cache failed. Using outdated cache.
2025-03-31 20:26:39,796 [Worker-4: Loading available Gradle versions] INFO  o.e.b.c.i.u.g.PublishedGradleVersions - Gradle version information cache is out-of-date. Trying to update.
2025-03-31 20:26:42,692 [Worker-4: Loading available Gradle versions] ERROR o.e.b.c.i.u.g.PublishedGradleVersions - Cannot write Gradle version information cache file.
java.io.FileNotFoundException: C:\Users\user\.cache\tooling\gradle\versions.json (Acceso denegado)
	at java.base/java.io.FileOutputStream.open0(Native Method)
	at java.base/java.io.FileOutputStream.open(FileOutputStream.java:289)
	at java.base/java.io.FileOutputStream.<init>(FileOutputStream.java:230)
	at com.google.common.io.Files$FileByteSink.openStream(Files.java:197)
	at com.google.common.io.Files$FileByteSink.openStream(Files.java:185)
	at com.google.common.io.ByteSink$AsCharSink.openStream(ByteSink.java:152)
	at com.google.common.io.CharSource$StringCharSource.copyTo(CharSource.java:662)
	at org.eclipse.buildship.core.internal.util.gradle.PublishedGradleVersions.storeCacheVersionsFile(PublishedGradleVersions.java:184)
	at org.eclipse.buildship.core.internal.util.gradle.PublishedGradleVersions.tryToDownloadAndCacheVersions(PublishedGradleVersions.java:150)
	at org.eclipse.buildship.core.internal.util.gradle.PublishedGradleVersions.tryToUpdateOutdatedVersionsFile(PublishedGradleVersions.java:133)
	at org.eclipse.buildship.core.internal.util.gradle.PublishedGradleVersions.create(PublishedGradleVersions.java:117)
	at org.eclipse.buildship.core.internal.util.gradle.PublishedGradleVersionsWrapper$LoadVersionsJob.run(PublishedGradleVersionsWrapper.java:73)
	at org.eclipse.core.internal.jobs.Worker.run(Worker.java:63)
2025-04-03 16:14:41,587 [Worker-1: Loading available Gradle versions] INFO  o.e.b.c.i.u.g.PublishedGradleVersions - Gradle version information cache is out-of-date. Trying to update.
2025-04-03 16:14:42,958 [Worker-1: Loading available Gradle versions] ERROR o.e.b.c.i.u.g.PublishedGradleVersions - Cannot write Gradle version information cache file.
java.io.FileNotFoundException: C:\Users\user\.cache\tooling\gradle\versions.json (Acceso denegado)
	at java.base/java.io.FileOutputStream.open0(Native Method)
	at java.base/java.io.FileOutputStream.open(FileOutputStream.java:289)
	at java.base/java.io.FileOutputStream.<init>(FileOutputStream.java:230)
	at com.google.common.io.Files$FileByteSink.openStream(Files.java:197)
	at com.google.common.io.Files$FileByteSink.openStream(Files.java:185)
	at com.google.common.io.ByteSink$AsCharSink.openStream(ByteSink.java:152)
	at com.google.common.io.CharSource$StringCharSource.copyTo(CharSource.java:662)
	at org.eclipse.buildship.core.internal.util.gradle.PublishedGradleVersions.storeCacheVersionsFile(PublishedGradleVersions.java:184)
	at org.eclipse.buildship.core.internal.util.gradle.PublishedGradleVersions.tryToDownloadAndCacheVersions(PublishedGradleVersions.java:150)
	at org.eclipse.buildship.core.internal.util.gradle.PublishedGradleVersions.tryToUpdateOutdatedVersionsFile(PublishedGradleVersions.java:133)
	at org.eclipse.buildship.core.internal.util.gradle.PublishedGradleVersions.create(PublishedGradleVersions.java:117)
	at org.eclipse.buildship.core.internal.util.gradle.PublishedGradleVersionsWrapper$LoadVersionsJob.run(PublishedGradleVersionsWrapper.java:73)
	at org.eclipse.core.internal.jobs.Worker.run(Worker.java:63)
2025-04-03 16:28:25,952 [Worker-23: Building] INFO  o.a.m.s.f.DefaultMavenResourcesFiltering - Copying 1 resource from src\main\resources to target\classes
2025-04-03 16:28:25,971 [Worker-23: Building] INFO  o.a.m.s.f.DefaultMavenResourcesFiltering - Copying 0 resource from src\main\resources to target\classes
2025-04-03 16:28:25,976 [Worker-23: Building] INFO  o.a.m.s.f.DefaultMavenResourcesFiltering - skip non existing resourceDirectory C:\src\proyectobomber\JavaWorskpace\bombero\src\test\resources
2025-04-03 16:29:23,948 [Worker-24: Building] INFO  o.a.m.s.f.DefaultMavenResourcesFiltering - Copying 1 resource from src\main\resources to target\classes
2025-04-03 16:29:23,962 [Worker-24: Building] INFO  o.a.m.s.f.DefaultMavenResourcesFiltering - Copying 0 resource from src\main\resources to target\classes
2025-04-03 16:29:23,965 [Worker-24: Building] INFO  o.a.m.s.f.DefaultMavenResourcesFiltering - skip non existing resourceDirectory C:\src\proyectobomber\JavaWorskpace\bombero\src\test\resources
2025-04-03 16:30:05,082 [Worker-25: Building] INFO  o.a.m.s.f.DefaultMavenResourcesFiltering - Copying 1 resource from src\main\resources to target\classes
2025-04-03 16:30:05,086 [Worker-25: Building] INFO  o.a.m.s.f.DefaultMavenResourcesFiltering - Copying 0 resource from src\main\resources to target\classes
2025-04-03 16:30:05,090 [Worker-25: Building] INFO  o.a.m.s.f.DefaultMavenResourcesFiltering - skip non existing resourceDirectory C:\src\proyectobomber\JavaWorskpace\bombero\src\test\resources
2025-04-03 16:31:12,593 [Worker-26: Building] INFO  o.a.m.s.f.DefaultMavenResourcesFiltering - Copying 1 resource from src\main\resources to target\classes
2025-04-03 16:31:12,598 [Worker-26: Building] INFO  o.a.m.s.f.DefaultMavenResourcesFiltering - Copying 0 resource from src\main\resources to target\classes
2025-04-03 16:31:12,601 [Worker-26: Building] INFO  o.a.m.s.f.DefaultMavenResourcesFiltering - skip non existing resourceDirectory C:\src\proyectobomber\JavaWorskpace\bombero\src\test\resources
2025-04-03 16:32:17,970 [Worker-25: Building] INFO  o.a.m.s.f.DefaultMavenResourcesFiltering - Copying 1 resource from src\main\resources to target\classes
2025-04-03 16:32:17,974 [Worker-25: Building] INFO  o.a.m.s.f.DefaultMavenResourcesFiltering - Copying 0 resource from src\main\resources to target\classes
2025-04-03 16:32:17,976 [Worker-25: Building] INFO  o.a.m.s.f.DefaultMavenResourcesFiltering - skip non existing resourceDirectory C:\src\proyectobomber\JavaWorskpace\bombero\src\test\resources
2025-04-03 16:33:56,639 [Worker-24: Building] INFO  o.a.m.s.f.DefaultMavenResourcesFiltering - Copying 1 resource from src\main\resources to target\classes
2025-04-03 16:33:56,644 [Worker-24: Building] INFO  o.a.m.s.f.DefaultMavenResourcesFiltering - Copying 0 resource from src\main\resources to target\classes
2025-04-03 16:33:56,647 [Worker-24: Building] INFO  o.a.m.s.f.DefaultMavenResourcesFiltering - skip non existing resourceDirectory C:\src\proyectobomber\JavaWorskpace\bombero\src\test\resources
2025-04-03 16:34:16,110 [Worker-23: Building] INFO  o.a.m.s.f.DefaultMavenResourcesFiltering - Copying 1 resource from src\main\resources to target\classes
2025-04-03 16:34:16,115 [Worker-23: Building] INFO  o.a.m.s.f.DefaultMavenResourcesFiltering - Copying 0 resource from src\main\resources to target\classes
2025-04-03 16:34:16,118 [Worker-23: Building] INFO  o.a.m.s.f.DefaultMavenResourcesFiltering - skip non existing resourceDirectory C:\src\proyectobomber\JavaWorskpace\bombero\src\test\resources
2025-04-03 16:35:26,301 [Worker-17: Building] INFO  o.a.m.s.f.DefaultMavenResourcesFiltering - Copying 1 resource from src\main\resources to target\classes
2025-04-03 16:35:26,304 [Worker-17: Building] INFO  o.a.m.s.f.DefaultMavenResourcesFiltering - Copying 0 resource from src\main\resources to target\classes
2025-04-03 16:35:26,307 [Worker-17: Building] INFO  o.a.m.s.f.DefaultMavenResourcesFiltering - skip non existing resourceDirectory C:\src\proyectobomber\JavaWorskpace\bombero\src\test\resources
2025-04-03 16:38:16,975 [Worker-24: Building] INFO  o.a.m.s.f.DefaultMavenResourcesFiltering - Copying 1 resource from src\main\resources to target\classes
2025-04-03 16:38:16,979 [Worker-24: Building] INFO  o.a.m.s.f.DefaultMavenResourcesFiltering - Copying 0 resource from src\main\resources to target\classes
2025-04-03 16:38:16,982 [Worker-24: Building] INFO  o.a.m.s.f.DefaultMavenResourcesFiltering - skip non existing resourceDirectory C:\src\proyectobomber\JavaWorskpace\bombero\src\test\resources
2025-04-03 16:38:50,226 [Worker-28: Building] INFO  o.a.m.s.f.DefaultMavenResourcesFiltering - Copying 1 resource from src\main\resources to target\classes
2025-04-03 16:38:50,229 [Worker-28: Building] INFO  o.a.m.s.f.DefaultMavenResourcesFiltering - Copying 0 resource from src\main\resources to target\classes
2025-04-03 16:38:50,232 [Worker-28: Building] INFO  o.a.m.s.f.DefaultMavenResourcesFiltering - skip non existing resourceDirectory C:\src\proyectobomber\JavaWorskpace\bombero\src\test\resources
2025-04-03 16:39:21,978 [Worker-24: Building] INFO  o.a.m.s.f.DefaultMavenResourcesFiltering - Copying 1 resource from src\main\resources to target\classes
2025-04-03 16:39:21,983 [Worker-24: Building] INFO  o.a.m.s.f.DefaultMavenResourcesFiltering - Copying 0 resource from src\main\resources to target\classes
2025-04-03 16:39:22,003 [Worker-24: Building] INFO  o.a.m.s.f.DefaultMavenResourcesFiltering - skip non existing resourceDirectory C:\src\proyectobomber\JavaWorskpace\bombero\src\test\resources
2025-04-03 16:39:45,037 [Worker-29: Building] INFO  o.a.m.s.f.DefaultMavenResourcesFiltering - Copying 1 resource from src\main\resources to target\classes
2025-04-03 16:39:45,042 [Worker-29: Building] INFO  o.a.m.s.f.DefaultMavenResourcesFiltering - Copying 0 resource from src\main\resources to target\classes
2025-04-03 16:39:45,045 [Worker-29: Building] INFO  o.a.m.s.f.DefaultMavenResourcesFiltering - skip non existing resourceDirectory C:\src\proyectobomber\JavaWorskpace\bombero\src\test\resources
2025-04-03 16:41:31,011 [Worker-31: Building] INFO  o.a.m.s.f.DefaultMavenResourcesFiltering - Copying 1 resource from src\main\resources to target\classes
2025-04-03 16:41:31,014 [Worker-31: Building] INFO  o.a.m.s.f.DefaultMavenResourcesFiltering - Copying 0 resource from src\main\resources to target\classes
2025-04-03 16:41:31,016 [Worker-31: Building] INFO  o.a.m.s.f.DefaultMavenResourcesFiltering - skip non existing resourceDirectory C:\src\proyectobomber\JavaWorskpace\bombero\src\test\resources
2025-04-03 16:42:28,639 [Worker-31: Building] INFO  o.a.m.s.f.DefaultMavenResourcesFiltering - Copying 1 resource from src\main\resources to target\classes
2025-04-03 16:42:28,645 [Worker-31: Building] INFO  o.a.m.s.f.DefaultMavenResourcesFiltering - Copying 0 resource from src\main\resources to target\classes
2025-04-03 16:42:28,647 [Worker-31: Building] INFO  o.a.m.s.f.DefaultMavenResourcesFiltering - skip non existing resourceDirectory C:\src\proyectobomber\JavaWorskpace\bombero\src\test\resources
2025-04-03 16:42:58,471 [Worker-32: Building] INFO  o.a.m.s.f.DefaultMavenResourcesFiltering - Copying 1 resource from src\main\resources to target\classes
2025-04-03 16:42:58,475 [Worker-32: Building] INFO  o.a.m.s.f.DefaultMavenResourcesFiltering - Copying 0 resource from src\main\resources to target\classes
2025-04-03 16:42:58,477 [Worker-32: Building] INFO  o.a.m.s.f.DefaultMavenResourcesFiltering - skip non existing resourceDirectory C:\src\proyectobomber\JavaWorskpace\bombero\src\test\resources
2025-04-03 16:43:24,698 [Worker-28: Building] INFO  o.a.m.s.f.DefaultMavenResourcesFiltering - Copying 1 resource from src\main\resources to target\classes
2025-04-03 16:43:24,701 [Worker-28: Building] INFO  o.a.m.s.f.DefaultMavenResourcesFiltering - Copying 0 resource from src\main\resources to target\classes
2025-04-03 16:43:24,703 [Worker-28: Building] INFO  o.a.m.s.f.DefaultMavenResourcesFiltering - skip non existing resourceDirectory C:\src\proyectobomber\JavaWorskpace\bombero\src\test\resources
2025-04-03 16:43:42,431 [Worker-31: Building] INFO  o.a.m.s.f.DefaultMavenResourcesFiltering - Copying 1 resource from src\main\resources to target\classes
2025-04-03 16:43:42,435 [Worker-31: Building] INFO  o.a.m.s.f.DefaultMavenResourcesFiltering - Copying 0 resource from src\main\resources to target\classes
2025-04-03 16:43:42,438 [Worker-31: Building] INFO  o.a.m.s.f.DefaultMavenResourcesFiltering - skip non existing resourceDirectory C:\src\proyectobomber\JavaWorskpace\bombero\src\test\resources
2025-04-03 16:45:22,512 [Worker-31: Building] INFO  o.a.m.s.f.DefaultMavenResourcesFiltering - Copying 1 resource from src\main\resources to target\classes
2025-04-03 16:45:22,515 [Worker-31: Building] INFO  o.a.m.s.f.DefaultMavenResourcesFiltering - Copying 0 resource from src\main\resources to target\classes
2025-04-03 16:45:22,518 [Worker-31: Building] INFO  o.a.m.s.f.DefaultMavenResourcesFiltering - skip non existing resourceDirectory C:\src\proyectobomber\JavaWorskpace\bombero\src\test\resources
2025-04-03 16:46:50,343 [Worker-22: Building] INFO  o.a.m.s.f.DefaultMavenResourcesFiltering - Copying 1 resource from src\main\resources to target\classes
2025-04-03 16:46:50,359 [Worker-22: Building] INFO  o.a.m.s.f.DefaultMavenResourcesFiltering - Copying 0 resource from src\main\resources to target\classes
2025-04-03 16:46:50,363 [Worker-22: Building] INFO  o.a.m.s.f.DefaultMavenResourcesFiltering - skip non existing resourceDirectory C:\src\proyectobomber\JavaWorskpace\bombero\src\test\resources
2025-04-03 16:47:15,804 [Worker-24: Building] INFO  o.a.m.s.f.DefaultMavenResourcesFiltering - Copying 1 resource from src\main\resources to target\classes
2025-04-03 16:47:15,807 [Worker-24: Building] INFO  o.a.m.s.f.DefaultMavenResourcesFiltering - Copying 0 resource from src\main\resources to target\classes
2025-04-03 16:47:15,810 [Worker-24: Building] INFO  o.a.m.s.f.DefaultMavenResourcesFiltering - skip non existing resourceDirectory C:\src\proyectobomber\JavaWorskpace\bombero\src\test\resources
2025-04-03 16:47:31,614 [Worker-32: Building] INFO  o.a.m.s.f.DefaultMavenResourcesFiltering - Copying 1 resource from src\main\resources to target\classes
2025-04-03 16:47:31,619 [Worker-32: Building] INFO  o.a.m.s.f.DefaultMavenResourcesFiltering - Copying 0 resource from src\main\resources to target\classes
2025-04-03 16:47:31,622 [Worker-32: Building] INFO  o.a.m.s.f.DefaultMavenResourcesFiltering - skip non existing resourceDirectory C:\src\proyectobomber\JavaWorskpace\bombero\src\test\resources
2025-04-03 16:48:01,097 [Worker-29: Building] INFO  o.a.m.s.f.DefaultMavenResourcesFiltering - Copying 1 resource from src\main\resources to target\classes
2025-04-03 16:48:01,100 [Worker-29: Building] INFO  o.a.m.s.f.DefaultMavenResourcesFiltering - Copying 0 resource from src\main\resources to target\classes
2025-04-03 16:48:01,104 [Worker-29: Building] INFO  o.a.m.s.f.DefaultMavenResourcesFiltering - skip non existing resourceDirectory C:\src\proyectobomber\JavaWorskpace\bombero\src\test\resources
2025-04-03 16:48:24,831 [Worker-22: Building] INFO  o.a.m.s.f.DefaultMavenResourcesFiltering - Copying 1 resource from src\main\resources to target\classes
2025-04-03 16:48:24,834 [Worker-22: Building] INFO  o.a.m.s.f.DefaultMavenResourcesFiltering - Copying 0 resource from src\main\resources to target\classes
2025-04-03 16:48:24,836 [Worker-22: Building] INFO  o.a.m.s.f.DefaultMavenResourcesFiltering - skip non existing resourceDirectory C:\src\proyectobomber\JavaWorskpace\bombero\src\test\resources
2025-04-03 16:51:01,496 [Worker-32: Building] INFO  o.a.m.s.f.DefaultMavenResourcesFiltering - Copying 1 resource from src\main\resources to target\classes
2025-04-03 16:51:01,499 [Worker-32: Building] INFO  o.a.m.s.f.DefaultMavenResourcesFiltering - Copying 0 resource from src\main\resources to target\classes
2025-04-03 16:51:01,501 [Worker-32: Building] INFO  o.a.m.s.f.DefaultMavenResourcesFiltering - skip non existing resourceDirectory C:\src\proyectobomber\JavaWorskpace\bombero\src\test\resources
2025-04-03 16:51:19,026 [Worker-29: Building] INFO  o.a.m.s.f.DefaultMavenResourcesFiltering - Copying 1 resource from src\main\resources to target\classes
2025-04-03 16:51:19,029 [Worker-29: Building] INFO  o.a.m.s.f.DefaultMavenResourcesFiltering - Copying 0 resource from src\main\resources to target\classes
2025-04-03 16:51:19,032 [Worker-29: Building] INFO  o.a.m.s.f.DefaultMavenResourcesFiltering - skip non existing resourceDirectory C:\src\proyectobomber\JavaWorskpace\bombero\src\test\resources
2025-04-03 16:52:50,455 [Worker-24: Building] INFO  o.a.m.s.f.DefaultMavenResourcesFiltering - Copying 1 resource from src\main\resources to target\classes
2025-04-03 16:52:50,459 [Worker-24: Building] INFO  o.a.m.s.f.DefaultMavenResourcesFiltering - Copying 0 resource from src\main\resources to target\classes
2025-04-03 16:52:50,461 [Worker-24: Building] INFO  o.a.m.s.f.DefaultMavenResourcesFiltering - skip non existing resourceDirectory C:\src\proyectobomber\JavaWorskpace\bombero\src\test\resources
2025-04-03 16:54:50,768 [Worker-28: Building] INFO  o.a.m.s.f.DefaultMavenResourcesFiltering - Copying 1 resource from src\main\resources to target\classes
2025-04-03 16:54:50,772 [Worker-28: Building] INFO  o.a.m.s.f.DefaultMavenResourcesFiltering - Copying 0 resource from src\main\resources to target\classes
2025-04-03 16:54:50,774 [Worker-28: Building] INFO  o.a.m.s.f.DefaultMavenResourcesFiltering - skip non existing resourceDirectory C:\src\proyectobomber\JavaWorskpace\bombero\src\test\resources
2025-04-03 16:54:58,490 [Worker-24: Building] INFO  o.a.m.s.f.DefaultMavenResourcesFiltering - Copying 1 resource from src\main\resources to target\classes
2025-04-03 16:54:58,493 [Worker-24: Building] INFO  o.a.m.s.f.DefaultMavenResourcesFiltering - Copying 0 resource from src\main\resources to target\classes
2025-04-03 16:54:58,495 [Worker-24: Building] INFO  o.a.m.s.f.DefaultMavenResourcesFiltering - skip non existing resourceDirectory C:\src\proyectobomber\JavaWorskpace\bombero\src\test\resources
2025-04-03 16:55:54,851 [Worker-22: Building] INFO  o.a.m.s.f.DefaultMavenResourcesFiltering - Copying 1 resource from src\main\resources to target\classes
2025-04-03 16:55:54,862 [Worker-22: Building] INFO  o.a.m.s.f.DefaultMavenResourcesFiltering - Copying 0 resource from src\main\resources to target\classes
2025-04-03 16:55:54,867 [Worker-22: Building] INFO  o.a.m.s.f.DefaultMavenResourcesFiltering - skip non existing resourceDirectory C:\src\proyectobomber\JavaWorskpace\bombero\src\test\resources
2025-04-03 16:55:57,974 [Worker-30: Building] INFO  o.a.m.s.f.DefaultMavenResourcesFiltering - Copying 1 resource from src\main\resources to target\classes
2025-04-03 16:55:57,978 [Worker-30: Building] INFO  o.a.m.s.f.DefaultMavenResourcesFiltering - Copying 0 resource from src\main\resources to target\classes
2025-04-03 16:55:57,982 [Worker-30: Building] INFO  o.a.m.s.f.DefaultMavenResourcesFiltering - skip non existing resourceDirectory C:\src\proyectobomber\JavaWorskpace\bombero\src\test\resources
2025-04-03 16:56:50,220 [Worker-29: Building] INFO  o.a.m.s.f.DefaultMavenResourcesFiltering - Copying 1 resource from src\main\resources to target\classes
2025-04-03 16:56:50,223 [Worker-29: Building] INFO  o.a.m.s.f.DefaultMavenResourcesFiltering - Copying 0 resource from src\main\resources to target\classes
2025-04-03 16:56:50,226 [Worker-29: Building] INFO  o.a.m.s.f.DefaultMavenResourcesFiltering - skip non existing resourceDirectory C:\src\proyectobomber\JavaWorskpace\bombero\src\test\resources
2025-04-03 16:58:43,394 [Worker-31: Building] INFO  o.a.m.s.f.DefaultMavenResourcesFiltering - Copying 1 resource from src\main\resources to target\classes
2025-04-03 16:58:43,400 [Worker-31: Building] INFO  o.a.m.s.f.DefaultMavenResourcesFiltering - Copying 0 resource from src\main\resources to target\classes
2025-04-03 16:58:43,402 [Worker-31: Building] INFO  o.a.m.s.f.DefaultMavenResourcesFiltering - skip non existing resourceDirectory C:\src\proyectobomber\JavaWorskpace\bombero\src\test\resources
2025-04-03 17:09:30,308 [Worker-34: Building] INFO  o.a.m.s.f.DefaultMavenResourcesFiltering - Copying 1 resource from src\main\resources to target\classes
2025-04-03 17:09:30,314 [Worker-34: Building] INFO  o.a.m.s.f.DefaultMavenResourcesFiltering - Copying 0 resource from src\main\resources to target\classes
2025-04-03 17:09:30,317 [Worker-34: Building] INFO  o.a.m.s.f.DefaultMavenResourcesFiltering - skip non existing resourceDirectory C:\src\proyectobomber\JavaWorskpace\bombero\src\test\resources
2025-04-03 22:09:39,647 [Worker-2: Loading available Gradle versions] INFO  o.e.b.c.i.u.g.PublishedGradleVersions - Gradle version information cache is out-of-date. Trying to update.
2025-04-03 22:09:42,418 [Worker-2: Loading available Gradle versions] ERROR o.e.b.c.i.u.g.PublishedGradleVersions - Cannot write Gradle version information cache file.
java.io.FileNotFoundException: C:\Users\user\.cache\tooling\gradle\versions.json (Acceso denegado)
	at java.base/java.io.FileOutputStream.open0(Native Method)
	at java.base/java.io.FileOutputStream.open(FileOutputStream.java:289)
	at java.base/java.io.FileOutputStream.<init>(FileOutputStream.java:230)
	at com.google.common.io.Files$FileByteSink.openStream(Files.java:197)
	at com.google.common.io.Files$FileByteSink.openStream(Files.java:185)
	at com.google.common.io.ByteSink$AsCharSink.openStream(ByteSink.java:152)
	at com.google.common.io.CharSource$StringCharSource.copyTo(CharSource.java:662)
	at org.eclipse.buildship.core.internal.util.gradle.PublishedGradleVersions.storeCacheVersionsFile(PublishedGradleVersions.java:184)
	at org.eclipse.buildship.core.internal.util.gradle.PublishedGradleVersions.tryToDownloadAndCacheVersions(PublishedGradleVersions.java:150)
	at org.eclipse.buildship.core.internal.util.gradle.PublishedGradleVersions.tryToUpdateOutdatedVersionsFile(PublishedGradleVersions.java:133)
	at org.eclipse.buildship.core.internal.util.gradle.PublishedGradleVersions.create(PublishedGradleVersions.java:117)
	at org.eclipse.buildship.core.internal.util.gradle.PublishedGradleVersionsWrapper$LoadVersionsJob.run(PublishedGradleVersionsWrapper.java:73)
	at org.eclipse.core.internal.jobs.Worker.run(Worker.java:63)
2025-04-03 22:32:57,578 [Worker-17: Building] INFO  o.a.m.s.f.DefaultMavenResourcesFiltering - Copying 1 resource from src\main\resources to target\classes
2025-04-03 22:32:57,592 [Worker-17: Building] INFO  o.a.m.s.f.DefaultMavenResourcesFiltering - Copying 0 resource from src\main\resources to target\classes
2025-04-03 22:32:57,597 [Worker-17: Building] INFO  o.a.m.s.f.DefaultMavenResourcesFiltering - skip non existing resourceDirectory C:\src\proyectobomber\JavaWorskpace\bombero\src\test\resources
2025-04-03 22:34:17,050 [Worker-13: Building] INFO  o.a.m.s.f.DefaultMavenResourcesFiltering - Copying 1 resource from src\main\resources to target\classes
2025-04-03 22:34:17,057 [Worker-13: Building] INFO  o.a.m.s.f.DefaultMavenResourcesFiltering - Copying 0 resource from src\main\resources to target\classes
2025-04-03 22:34:17,063 [Worker-13: Building] INFO  o.a.m.s.f.DefaultMavenResourcesFiltering - skip non existing resourceDirectory C:\src\proyectobomber\JavaWorskpace\bombero\src\test\resources
2025-04-04 08:32:36,586 [Worker-1: Loading available Gradle versions] INFO  o.e.b.c.i.u.g.PublishedGradleVersions - Gradle version information cache is out-of-date. Trying to update.
2025-04-04 08:32:38,316 [Worker-1: Loading available Gradle versions] ERROR o.e.b.c.i.u.g.PublishedGradleVersions - Cannot write Gradle version information cache file.
java.io.FileNotFoundException: C:\Users\user\.cache\tooling\gradle\versions.json (Acceso denegado)
	at java.base/java.io.FileOutputStream.open0(Native Method)
	at java.base/java.io.FileOutputStream.open(FileOutputStream.java:289)
	at java.base/java.io.FileOutputStream.<init>(FileOutputStream.java:230)
	at com.google.common.io.Files$FileByteSink.openStream(Files.java:197)
	at com.google.common.io.Files$FileByteSink.openStream(Files.java:185)
	at com.google.common.io.ByteSink$AsCharSink.openStream(ByteSink.java:152)
	at com.google.common.io.CharSource$StringCharSource.copyTo(CharSource.java:662)
	at org.eclipse.buildship.core.internal.util.gradle.PublishedGradleVersions.storeCacheVersionsFile(PublishedGradleVersions.java:184)
	at org.eclipse.buildship.core.internal.util.gradle.PublishedGradleVersions.tryToDownloadAndCacheVersions(PublishedGradleVersions.java:150)
	at org.eclipse.buildship.core.internal.util.gradle.PublishedGradleVersions.tryToUpdateOutdatedVersionsFile(PublishedGradleVersions.java:133)
	at org.eclipse.buildship.core.internal.util.gradle.PublishedGradleVersions.create(PublishedGradleVersions.java:117)
	at org.eclipse.buildship.core.internal.util.gradle.PublishedGradleVersionsWrapper$LoadVersionsJob.run(PublishedGradleVersionsWrapper.java:73)
	at org.eclipse.core.internal.jobs.Worker.run(Worker.java:63)
2025-04-04 13:27:42,171 [Worker-13: Building] INFO  o.a.m.s.f.DefaultMavenResourcesFiltering - Copying 1 resource from src\main\resources to target\classes
2025-04-04 13:27:42,186 [Worker-13: Building] INFO  o.a.m.s.f.DefaultMavenResourcesFiltering - Copying 0 resource from src\main\resources to target\classes
2025-04-04 13:27:42,190 [Worker-13: Building] INFO  o.a.m.s.f.DefaultMavenResourcesFiltering - skip non existing resourceDirectory C:\src\proyectobomber\JavaWorskpace\bombero\src\test\resources
2025-04-04 13:28:30,581 [Worker-13: Building] INFO  o.a.m.s.f.DefaultMavenResourcesFiltering - Copying 1 resource from src\main\resources to target\classes
2025-04-04 13:28:30,594 [Worker-13: Building] INFO  o.a.m.s.f.DefaultMavenResourcesFiltering - Copying 0 resource from src\main\resources to target\classes
2025-04-04 13:28:30,598 [Worker-13: Building] INFO  o.a.m.s.f.DefaultMavenResourcesFiltering - skip non existing resourceDirectory C:\src\proyectobomber\JavaWorskpace\bombero\src\test\resources
2025-04-04 13:29:12,875 [Worker-11: Building] INFO  o.a.m.s.f.DefaultMavenResourcesFiltering - Copying 1 resource from src\main\resources to target\classes
2025-04-04 13:29:12,880 [Worker-11: Building] INFO  o.a.m.s.f.DefaultMavenResourcesFiltering - Copying 0 resource from src\main\resources to target\classes
2025-04-04 13:29:12,883 [Worker-11: Building] INFO  o.a.m.s.f.DefaultMavenResourcesFiltering - skip non existing resourceDirectory C:\src\proyectobomber\JavaWorskpace\bombero\src\test\resources
2025-04-04 13:29:43,408 [Worker-15: Building] INFO  o.a.m.s.f.DefaultMavenResourcesFiltering - Copying 1 resource from src\main\resources to target\classes
2025-04-04 13:29:43,412 [Worker-15: Building] INFO  o.a.m.s.f.DefaultMavenResourcesFiltering - Copying 0 resource from src\main\resources to target\classes
2025-04-04 13:29:43,415 [Worker-15: Building] INFO  o.a.m.s.f.DefaultMavenResourcesFiltering - skip non existing resourceDirectory C:\src\proyectobomber\JavaWorskpace\bombero\src\test\resources
2025-04-04 13:30:42,558 [Worker-14: Building] INFO  o.a.m.s.f.DefaultMavenResourcesFiltering - Copying 1 resource from src\main\resources to target\classes
2025-04-04 13:30:42,562 [Worker-14: Building] INFO  o.a.m.s.f.DefaultMavenResourcesFiltering - Copying 0 resource from src\main\resources to target\classes
2025-04-04 13:30:42,566 [Worker-14: Building] INFO  o.a.m.s.f.DefaultMavenResourcesFiltering - skip non existing resourceDirectory C:\src\proyectobomber\JavaWorskpace\bombero\src\test\resources
2025-04-04 13:35:18,099 [Worker-15: Building] INFO  o.a.m.s.f.DefaultMavenResourcesFiltering - Copying 1 resource from src\main\resources to target\classes
2025-04-04 13:35:18,104 [Worker-15: Building] INFO  o.a.m.s.f.DefaultMavenResourcesFiltering - Copying 0 resource from src\main\resources to target\classes
2025-04-04 13:35:18,107 [Worker-15: Building] INFO  o.a.m.s.f.DefaultMavenResourcesFiltering - skip non existing resourceDirectory C:\src\proyectobomber\JavaWorskpace\bombero\src\test\resources
2025-04-04 13:35:49,404 [Worker-15: Building] INFO  o.a.m.s.f.DefaultMavenResourcesFiltering - Copying 1 resource from src\main\resources to target\classes
2025-04-04 13:35:49,408 [Worker-15: Building] INFO  o.a.m.s.f.DefaultMavenResourcesFiltering - Copying 0 resource from src\main\resources to target\classes
2025-04-04 13:35:49,412 [Worker-15: Building] INFO  o.a.m.s.f.DefaultMavenResourcesFiltering - skip non existing resourceDirectory C:\src\proyectobomber\JavaWorskpace\bombero\src\test\resources
2025-04-04 13:36:30,573 [Worker-17: Building] INFO  o.a.m.s.f.DefaultMavenResourcesFiltering - Copying 1 resource from src\main\resources to target\classes
2025-04-04 13:36:30,576 [Worker-17: Building] INFO  o.a.m.s.f.DefaultMavenResourcesFiltering - Copying 0 resource from src\main\resources to target\classes
2025-04-04 13:36:30,579 [Worker-17: Building] INFO  o.a.m.s.f.DefaultMavenResourcesFiltering - skip non existing resourceDirectory C:\src\proyectobomber\JavaWorskpace\bombero\src\test\resources
2025-04-04 13:38:20,059 [Worker-23: Building] INFO  o.a.m.s.f.DefaultMavenResourcesFiltering - Copying 1 resource from src\main\resources to target\classes
2025-04-04 13:38:20,067 [Worker-23: Building] INFO  o.a.m.s.f.DefaultMavenResourcesFiltering - Copying 0 resource from src\main\resources to target\classes
2025-04-04 13:38:20,071 [Worker-23: Building] INFO  o.a.m.s.f.DefaultMavenResourcesFiltering - skip non existing resourceDirectory C:\src\proyectobomber\JavaWorskpace\bombero\src\test\resources
2025-04-04 13:38:27,334 [Worker-19: Building] INFO  o.a.m.s.f.DefaultMavenResourcesFiltering - Copying 1 resource from src\main\resources to target\classes
2025-04-04 13:38:27,340 [Worker-19: Building] INFO  o.a.m.s.f.DefaultMavenResourcesFiltering - Copying 0 resource from src\main\resources to target\classes
2025-04-04 13:38:27,342 [Worker-19: Building] INFO  o.a.m.s.f.DefaultMavenResourcesFiltering - skip non existing resourceDirectory C:\src\proyectobomber\JavaWorskpace\bombero\src\test\resources
2025-04-04 13:39:22,342 [Worker-25: Building] INFO  o.a.m.s.f.DefaultMavenResourcesFiltering - Copying 1 resource from src\main\resources to target\classes
2025-04-04 13:39:22,347 [Worker-25: Building] INFO  o.a.m.s.f.DefaultMavenResourcesFiltering - Copying 0 resource from src\main\resources to target\classes
2025-04-04 13:39:22,351 [Worker-25: Building] INFO  o.a.m.s.f.DefaultMavenResourcesFiltering - skip non existing resourceDirectory C:\src\proyectobomber\JavaWorskpace\bombero\src\test\resources
2025-04-04 13:40:03,293 [Worker-24: Building] INFO  o.a.m.s.f.DefaultMavenResourcesFiltering - Copying 1 resource from src\main\resources to target\classes
2025-04-04 13:40:03,297 [Worker-24: Building] INFO  o.a.m.s.f.DefaultMavenResourcesFiltering - Copying 0 resource from src\main\resources to target\classes
2025-04-04 13:40:03,299 [Worker-24: Building] INFO  o.a.m.s.f.DefaultMavenResourcesFiltering - skip non existing resourceDirectory C:\src\proyectobomber\JavaWorskpace\bombero\src\test\resources
2025-04-04 13:41:51,950 [Worker-24: Building] INFO  o.a.m.s.f.DefaultMavenResourcesFiltering - Copying 1 resource from src\main\resources to target\classes
2025-04-04 13:41:51,954 [Worker-24: Building] INFO  o.a.m.s.f.DefaultMavenResourcesFiltering - Copying 0 resource from src\main\resources to target\classes
2025-04-04 13:41:51,957 [Worker-24: Building] INFO  o.a.m.s.f.DefaultMavenResourcesFiltering - skip non existing resourceDirectory C:\src\proyectobomber\JavaWorskpace\bombero\src\test\resources
2025-04-04 13:47:22,569 [Worker-26: Building] INFO  o.a.m.s.f.DefaultMavenResourcesFiltering - Copying 1 resource from src\main\resources to target\classes
2025-04-04 13:47:22,574 [Worker-26: Building] INFO  o.a.m.s.f.DefaultMavenResourcesFiltering - Copying 0 resource from src\main\resources to target\classes
2025-04-04 13:47:22,578 [Worker-26: Building] INFO  o.a.m.s.f.DefaultMavenResourcesFiltering - skip non existing resourceDirectory C:\src\proyectobomber\JavaWorskpace\bombero\src\test\resources
2025-04-04 13:48:40,030 [Worker-27: Building] INFO  o.a.m.s.f.DefaultMavenResourcesFiltering - Copying 1 resource from src\main\resources to target\classes
2025-04-04 13:48:40,036 [Worker-27: Building] INFO  o.a.m.s.f.DefaultMavenResourcesFiltering - Copying 0 resource from src\main\resources to target\classes
2025-04-04 13:48:40,038 [Worker-27: Building] INFO  o.a.m.s.f.DefaultMavenResourcesFiltering - skip non existing resourceDirectory C:\src\proyectobomber\JavaWorskpace\bombero\src\test\resources
2025-04-04 13:48:48,431 [Worker-28: Building] INFO  o.a.m.s.f.DefaultMavenResourcesFiltering - Copying 1 resource from src\main\resources to target\classes
2025-04-04 13:48:48,435 [Worker-28: Building] INFO  o.a.m.s.f.DefaultMavenResourcesFiltering - Copying 0 resource from src\main\resources to target\classes
2025-04-04 13:48:48,438 [Worker-28: Building] INFO  o.a.m.s.f.DefaultMavenResourcesFiltering - skip non existing resourceDirectory C:\src\proyectobomber\JavaWorskpace\bombero\src\test\resources
2025-04-04 13:49:05,382 [Worker-27: Building] INFO  o.a.m.s.f.DefaultMavenResourcesFiltering - Copying 1 resource from src\main\resources to target\classes
2025-04-04 13:49:05,386 [Worker-27: Building] INFO  o.a.m.s.f.DefaultMavenResourcesFiltering - Copying 0 resource from src\main\resources to target\classes
2025-04-04 13:49:05,389 [Worker-27: Building] INFO  o.a.m.s.f.DefaultMavenResourcesFiltering - skip non existing resourceDirectory C:\src\proyectobomber\JavaWorskpace\bombero\src\test\resources
2025-04-04 13:49:11,660 [Worker-29: Building] INFO  o.a.m.s.f.DefaultMavenResourcesFiltering - Copying 1 resource from src\main\resources to target\classes
2025-04-04 13:49:11,668 [Worker-29: Building] INFO  o.a.m.s.f.DefaultMavenResourcesFiltering - Copying 0 resource from src\main\resources to target\classes
2025-04-04 13:49:11,670 [Worker-29: Building] INFO  o.a.m.s.f.DefaultMavenResourcesFiltering - skip non existing resourceDirectory C:\src\proyectobomber\JavaWorskpace\bombero\src\test\resources
2025-04-04 13:49:49,356 [Worker-28: Building] INFO  o.a.m.s.f.DefaultMavenResourcesFiltering - Copying 1 resource from src\main\resources to target\classes
2025-04-04 13:49:49,360 [Worker-28: Building] INFO  o.a.m.s.f.DefaultMavenResourcesFiltering - Copying 0 resource from src\main\resources to target\classes
2025-04-04 13:49:49,364 [Worker-28: Building] INFO  o.a.m.s.f.DefaultMavenResourcesFiltering - skip non existing resourceDirectory C:\src\proyectobomber\JavaWorskpace\bombero\src\test\resources
2025-04-04 13:49:58,435 [Worker-27: Building] INFO  o.a.m.s.f.DefaultMavenResourcesFiltering - Copying 1 resource from src\main\resources to target\classes
2025-04-04 13:49:58,440 [Worker-27: Building] INFO  o.a.m.s.f.DefaultMavenResourcesFiltering - Copying 0 resource from src\main\resources to target\classes
2025-04-04 13:49:58,443 [Worker-27: Building] INFO  o.a.m.s.f.DefaultMavenResourcesFiltering - skip non existing resourceDirectory C:\src\proyectobomber\JavaWorskpace\bombero\src\test\resources
2025-04-04 13:50:27,249 [Worker-31: Building] INFO  o.a.m.s.f.DefaultMavenResourcesFiltering - Copying 1 resource from src\main\resources to target\classes
2025-04-04 13:50:27,252 [Worker-31: Building] INFO  o.a.m.s.f.DefaultMavenResourcesFiltering - Copying 0 resource from src\main\resources to target\classes
2025-04-04 13:50:27,254 [Worker-31: Building] INFO  o.a.m.s.f.DefaultMavenResourcesFiltering - skip non existing resourceDirectory C:\src\proyectobomber\JavaWorskpace\bombero\src\test\resources
2025-04-04 13:54:57,570 [Worker-33: Building] INFO  o.a.m.s.f.DefaultMavenResourcesFiltering - Copying 1 resource from src\main\resources to target\classes
2025-04-04 13:54:57,577 [Worker-33: Building] INFO  o.a.m.s.f.DefaultMavenResourcesFiltering - Copying 0 resource from src\main\resources to target\classes
2025-04-04 13:54:57,579 [Worker-33: Building] INFO  o.a.m.s.f.DefaultMavenResourcesFiltering - skip non existing resourceDirectory C:\src\proyectobomber\JavaWorskpace\bombero\src\test\resources
2025-04-04 13:55:07,159 [Worker-32: Building] INFO  o.a.m.s.f.DefaultMavenResourcesFiltering - Copying 1 resource from src\main\resources to target\classes
2025-04-04 13:55:07,165 [Worker-32: Building] INFO  o.a.m.s.f.DefaultMavenResourcesFiltering - Copying 0 resource from src\main\resources to target\classes
2025-04-04 13:55:07,168 [Worker-32: Building] INFO  o.a.m.s.f.DefaultMavenResourcesFiltering - skip non existing resourceDirectory C:\src\proyectobomber\JavaWorskpace\bombero\src\test\resources
2025-04-04 13:55:37,364 [Worker-27: Building] INFO  o.a.m.s.f.DefaultMavenResourcesFiltering - Copying 1 resource from src\main\resources to target\classes
2025-04-04 13:55:37,369 [Worker-27: Building] INFO  o.a.m.s.f.DefaultMavenResourcesFiltering - Copying 0 resource from src\main\resources to target\classes
2025-04-04 13:55:37,374 [Worker-27: Building] INFO  o.a.m.s.f.DefaultMavenResourcesFiltering - skip non existing resourceDirectory C:\src\proyectobomber\JavaWorskpace\bombero\src\test\resources
2025-04-04 14:51:04,122 [Worker-33: Building] INFO  o.a.m.s.f.DefaultMavenResourcesFiltering - Copying 1 resource from src\main\resources to target\classes
2025-04-04 14:51:04,130 [Worker-33: Building] INFO  o.a.m.s.f.DefaultMavenResourcesFiltering - Copying 0 resource from src\main\resources to target\classes
2025-04-04 14:51:04,134 [Worker-33: Building] INFO  o.a.m.s.f.DefaultMavenResourcesFiltering - skip non existing resourceDirectory C:\src\proyectobomber\JavaWorskpace\bombero\src\test\resources
2025-04-04 14:51:13,115 [Worker-40: Building] INFO  o.a.m.s.f.DefaultMavenResourcesFiltering - Copying 1 resource from src\main\resources to target\classes
2025-04-04 14:51:13,120 [Worker-40: Building] INFO  o.a.m.s.f.DefaultMavenResourcesFiltering - Copying 0 resource from src\main\resources to target\classes
2025-04-04 14:51:13,123 [Worker-40: Building] INFO  o.a.m.s.f.DefaultMavenResourcesFiltering - skip non existing resourceDirectory C:\src\proyectobomber\JavaWorskpace\bombero\src\test\resources
2025-04-04 14:59:08,728 [Worker-50: Building] INFO  o.a.m.s.f.DefaultMavenResourcesFiltering - Copying 1 resource from src\main\resources to target\classes
2025-04-04 14:59:08,736 [Worker-50: Building] INFO  o.a.m.s.f.DefaultMavenResourcesFiltering - Copying 0 resource from src\main\resources to target\classes
2025-04-04 14:59:08,740 [Worker-50: Building] INFO  o.a.m.s.f.DefaultMavenResourcesFiltering - skip non existing resourceDirectory C:\src\proyectobomber\JavaWorskpace\bombero\src\test\resources
2025-04-04 15:24:50,534 [Worker-64: Building] INFO  o.a.m.s.f.DefaultMavenResourcesFiltering - Copying 1 resource from src\main\resources to target\classes
2025-04-04 15:24:50,559 [Worker-64: Building] INFO  o.a.m.s.f.DefaultMavenResourcesFiltering - Copying 0 resource from src\main\resources to target\classes
2025-04-04 15:24:50,564 [Worker-64: Building] INFO  o.a.m.s.f.DefaultMavenResourcesFiltering - skip non existing resourceDirectory C:\src\proyectobomber\JavaWorskpace\bombero\src\test\resources
2025-04-04 15:27:33,615 [Worker-69: Building] INFO  o.a.m.s.f.DefaultMavenResourcesFiltering - Copying 1 resource from src\main\resources to target\classes
2025-04-04 15:27:33,621 [Worker-69: Building] INFO  o.a.m.s.f.DefaultMavenResourcesFiltering - Copying 0 resource from src\main\resources to target\classes
2025-04-04 15:27:33,625 [Worker-69: Building] INFO  o.a.m.s.f.DefaultMavenResourcesFiltering - skip non existing resourceDirectory C:\src\proyectobomber\JavaWorskpace\bombero\src\test\resources
2025-04-04 15:28:46,097 [Worker-65: Building] INFO  o.a.m.s.f.DefaultMavenResourcesFiltering - Copying 1 resource from src\main\resources to target\classes
2025-04-04 15:28:46,103 [Worker-65: Building] INFO  o.a.m.s.f.DefaultMavenResourcesFiltering - Copying 0 resource from src\main\resources to target\classes
2025-04-04 15:28:46,106 [Worker-65: Building] INFO  o.a.m.s.f.DefaultMavenResourcesFiltering - skip non existing resourceDirectory C:\src\proyectobomber\JavaWorskpace\bombero\src\test\resources
2025-04-04 15:31:27,164 [Worker-68: Building] INFO  o.a.m.s.f.DefaultMavenResourcesFiltering - Copying 1 resource from src\main\resources to target\classes
2025-04-04 15:31:27,169 [Worker-68: Building] INFO  o.a.m.s.f.DefaultMavenResourcesFiltering - Copying 0 resource from src\main\resources to target\classes
2025-04-04 15:31:27,173 [Worker-68: Building] INFO  o.a.m.s.f.DefaultMavenResourcesFiltering - skip non existing resourceDirectory C:\src\proyectobomber\JavaWorskpace\bombero\src\test\resources
2025-04-04 15:40:16,116 [Worker-78: Building] INFO  o.a.m.s.f.DefaultMavenResourcesFiltering - Copying 1 resource from src\main\resources to target\classes
2025-04-04 15:40:16,125 [Worker-78: Building] INFO  o.a.m.s.f.DefaultMavenResourcesFiltering - Copying 0 resource from src\main\resources to target\classes
2025-04-04 15:40:16,129 [Worker-78: Building] INFO  o.a.m.s.f.DefaultMavenResourcesFiltering - skip non existing resourceDirectory C:\src\proyectobomber\JavaWorskpace\bombero\src\test\resources
2025-04-04 16:02:56,822 [Worker-86: Building] INFO  o.a.m.s.f.DefaultMavenResourcesFiltering - Copying 1 resource from src\main\resources to target\classes
2025-04-04 16:02:56,833 [Worker-86: Building] INFO  o.a.m.s.f.DefaultMavenResourcesFiltering - Copying 0 resource from src\main\resources to target\classes
2025-04-04 16:02:56,837 [Worker-86: Building] INFO  o.a.m.s.f.DefaultMavenResourcesFiltering - skip non existing resourceDirectory C:\src\proyectobomber\JavaWorskpace\bombero\src\test\resources
2025-04-06 21:20:51,790 [Worker-1: Loading available Gradle versions] INFO  o.e.b.c.i.u.g.PublishedGradleVersions - Gradle version information cache is out-of-date. Trying to update.
2025-04-06 21:20:53,975 [Worker-1: Loading available Gradle versions] ERROR o.e.b.c.i.u.g.PublishedGradleVersions - Cannot write Gradle version information cache file.
java.io.FileNotFoundException: C:\Users\user\.cache\tooling\gradle\versions.json (Acceso denegado)
	at java.base/java.io.FileOutputStream.open0(Native Method)
	at java.base/java.io.FileOutputStream.open(FileOutputStream.java:289)
	at java.base/java.io.FileOutputStream.<init>(FileOutputStream.java:230)
	at com.google.common.io.Files$FileByteSink.openStream(Files.java:197)
	at com.google.common.io.Files$FileByteSink.openStream(Files.java:185)
	at com.google.common.io.ByteSink$AsCharSink.openStream(ByteSink.java:152)
	at com.google.common.io.CharSource$StringCharSource.copyTo(CharSource.java:662)
	at org.eclipse.buildship.core.internal.util.gradle.PublishedGradleVersions.storeCacheVersionsFile(PublishedGradleVersions.java:184)
	at org.eclipse.buildship.core.internal.util.gradle.PublishedGradleVersions.tryToDownloadAndCacheVersions(PublishedGradleVersions.java:150)
	at org.eclipse.buildship.core.internal.util.gradle.PublishedGradleVersions.tryToUpdateOutdatedVersionsFile(PublishedGradleVersions.java:133)
	at org.eclipse.buildship.core.internal.util.gradle.PublishedGradleVersions.create(PublishedGradleVersions.java:117)
	at org.eclipse.buildship.core.internal.util.gradle.PublishedGradleVersionsWrapper$LoadVersionsJob.run(PublishedGradleVersionsWrapper.java:73)
	at org.eclipse.core.internal.jobs.Worker.run(Worker.java:63)
2025-04-06 21:43:05,130 [Worker-22: Building] INFO  o.a.m.s.f.DefaultMavenResourcesFiltering - Copying 1 resource from src\main\resources to target\classes
2025-04-06 21:43:05,165 [Worker-22: Building] INFO  o.a.m.s.f.DefaultMavenResourcesFiltering - Copying 0 resource from src\main\resources to target\classes
2025-04-06 21:43:05,171 [Worker-22: Building] INFO  o.a.m.s.f.DefaultMavenResourcesFiltering - skip non existing resourceDirectory C:\src\proyectobomber\JavaWorskpace\bombero\src\test\resources
2025-04-06 21:43:14,272 [Worker-26: Building] INFO  o.a.m.s.f.DefaultMavenResourcesFiltering - Copying 1 resource from src\main\resources to target\classes
2025-04-06 21:43:14,278 [Worker-26: Building] INFO  o.a.m.s.f.DefaultMavenResourcesFiltering - Copying 0 resource from src\main\resources to target\classes
2025-04-06 21:43:14,284 [Worker-26: Building] INFO  o.a.m.s.f.DefaultMavenResourcesFiltering - skip non existing resourceDirectory C:\src\proyectobomber\JavaWorskpace\bombero\src\test\resources
2025-04-06 21:44:02,542 [Worker-22: Building] INFO  o.a.m.s.f.DefaultMavenResourcesFiltering - Copying 1 resource from src\main\resources to target\classes
2025-04-06 21:44:02,549 [Worker-22: Building] INFO  o.a.m.s.f.DefaultMavenResourcesFiltering - Copying 0 resource from src\main\resources to target\classes
2025-04-06 21:44:02,554 [Worker-22: Building] INFO  o.a.m.s.f.DefaultMavenResourcesFiltering - skip non existing resourceDirectory C:\src\proyectobomber\JavaWorskpace\bombero\src\test\resources
2025-04-06 22:35:11,397 [Worker-25: Building] INFO  o.a.m.s.f.DefaultMavenResourcesFiltering - Copying 1 resource from src\main\resources to target\classes
2025-04-06 22:35:11,406 [Worker-25: Building] INFO  o.a.m.s.f.DefaultMavenResourcesFiltering - Copying 0 resource from src\main\resources to target\classes
2025-04-06 22:35:11,412 [Worker-25: Building] INFO  o.a.m.s.f.DefaultMavenResourcesFiltering - skip non existing resourceDirectory C:\src\proyectobomber\JavaWorskpace\bombero\src\test\resources
2025-04-06 22:42:24,792 [Worker-40: Building] INFO  o.a.m.s.f.DefaultMavenResourcesFiltering - Copying 1 resource from src\main\resources to target\classes
2025-04-06 22:42:24,797 [Worker-40: Building] INFO  o.a.m.s.f.DefaultMavenResourcesFiltering - Copying 0 resource from src\main\resources to target\classes
2025-04-06 22:42:24,800 [Worker-40: Building] INFO  o.a.m.s.f.DefaultMavenResourcesFiltering - skip non existing resourceDirectory C:\src\proyectobomber\JavaWorskpace\bombero\src\test\resources
2025-04-06 22:44:06,356 [Worker-34: Building] INFO  o.a.m.s.f.DefaultMavenResourcesFiltering - Copying 1 resource from src\main\resources to target\classes
2025-04-06 22:44:06,370 [Worker-34: Building] INFO  o.a.m.s.f.DefaultMavenResourcesFiltering - Copying 0 resource from src\main\resources to target\classes
2025-04-06 22:44:06,377 [Worker-34: Building] INFO  o.a.m.s.f.DefaultMavenResourcesFiltering - skip non existing resourceDirectory C:\src\proyectobomber\JavaWorskpace\bombero\src\test\resources
2025-04-06 22:49:26,169 [Worker-48: Building] INFO  o.a.m.s.f.DefaultMavenResourcesFiltering - Copying 1 resource from src\main\resources to target\classes
2025-04-06 22:49:26,177 [Worker-48: Building] INFO  o.a.m.s.f.DefaultMavenResourcesFiltering - Copying 0 resource from src\main\resources to target\classes
2025-04-06 22:49:26,180 [Worker-48: Building] INFO  o.a.m.s.f.DefaultMavenResourcesFiltering - skip non existing resourceDirectory C:\src\proyectobomber\JavaWorskpace\bombero\src\test\resources
2025-04-06 22:49:37,265 [Worker-48: Building] INFO  o.a.m.s.f.DefaultMavenResourcesFiltering - Copying 1 resource from src\main\resources to target\classes
2025-04-06 22:49:37,269 [Worker-48: Building] INFO  o.a.m.s.f.DefaultMavenResourcesFiltering - Copying 0 resource from src\main\resources to target\classes
2025-04-06 22:49:37,272 [Worker-48: Building] INFO  o.a.m.s.f.DefaultMavenResourcesFiltering - skip non existing resourceDirectory C:\src\proyectobomber\JavaWorskpace\bombero\src\test\resources
2025-04-06 22:50:25,506 [Worker-51: Building] INFO  o.a.m.s.f.DefaultMavenResourcesFiltering - Copying 1 resource from src\main\resources to target\classes
2025-04-06 22:50:25,509 [Worker-51: Building] INFO  o.a.m.s.f.DefaultMavenResourcesFiltering - Copying 0 resource from src\main\resources to target\classes
2025-04-06 22:50:25,512 [Worker-51: Building] INFO  o.a.m.s.f.DefaultMavenResourcesFiltering - skip non existing resourceDirectory C:\src\proyectobomber\JavaWorskpace\bombero\src\test\resources
2025-04-06 22:51:35,066 [Worker-50: Building] INFO  o.a.m.s.f.DefaultMavenResourcesFiltering - Copying 1 resource from src\main\resources to target\classes
2025-04-06 22:51:35,070 [Worker-50: Building] INFO  o.a.m.s.f.DefaultMavenResourcesFiltering - Copying 0 resource from src\main\resources to target\classes
2025-04-06 22:51:35,072 [Worker-50: Building] INFO  o.a.m.s.f.DefaultMavenResourcesFiltering - skip non existing resourceDirectory C:\src\proyectobomber\JavaWorskpace\bombero\src\test\resources
2025-04-06 22:52:05,309 [Worker-51: Building] INFO  o.a.m.s.f.DefaultMavenResourcesFiltering - Copying 1 resource from src\main\resources to target\classes
2025-04-06 22:52:05,314 [Worker-51: Building] INFO  o.a.m.s.f.DefaultMavenResourcesFiltering - Copying 0 resource from src\main\resources to target\classes
2025-04-06 22:52:05,317 [Worker-51: Building] INFO  o.a.m.s.f.DefaultMavenResourcesFiltering - skip non existing resourceDirectory C:\src\proyectobomber\JavaWorskpace\bombero\src\test\resources
2025-04-06 22:52:29,652 [Worker-43: Building] INFO  o.a.m.s.f.DefaultMavenResourcesFiltering - Copying 1 resource from src\main\resources to target\classes
2025-04-06 22:52:29,657 [Worker-43: Building] INFO  o.a.m.s.f.DefaultMavenResourcesFiltering - Copying 0 resource from src\main\resources to target\classes
2025-04-06 22:52:29,659 [Worker-43: Building] INFO  o.a.m.s.f.DefaultMavenResourcesFiltering - skip non existing resourceDirectory C:\src\proyectobomber\JavaWorskpace\bombero\src\test\resources
2025-04-06 22:59:02,901 [Worker-56: Building] INFO  o.a.m.s.f.DefaultMavenResourcesFiltering - Copying 1 resource from src\main\resources to target\classes
2025-04-06 22:59:02,907 [Worker-56: Building] INFO  o.a.m.s.f.DefaultMavenResourcesFiltering - Copying 0 resource from src\main\resources to target\classes
2025-04-06 22:59:02,910 [Worker-56: Building] INFO  o.a.m.s.f.DefaultMavenResourcesFiltering - skip non existing resourceDirectory C:\src\proyectobomber\JavaWorskpace\bombero\src\test\resources
2025-04-06 22:59:26,606 [Worker-51: Building] INFO  o.a.m.s.f.DefaultMavenResourcesFiltering - Copying 1 resource from src\main\resources to target\classes
2025-04-06 22:59:26,609 [Worker-51: Building] INFO  o.a.m.s.f.DefaultMavenResourcesFiltering - Copying 0 resource from src\main\resources to target\classes
2025-04-06 22:59:26,611 [Worker-51: Building] INFO  o.a.m.s.f.DefaultMavenResourcesFiltering - skip non existing resourceDirectory C:\src\proyectobomber\JavaWorskpace\bombero\src\test\resources
2025-04-06 22:59:32,867 [Worker-57: Building] INFO  o.a.m.s.f.DefaultMavenResourcesFiltering - Copying 1 resource from src\main\resources to target\classes
2025-04-06 22:59:32,872 [Worker-57: Building] INFO  o.a.m.s.f.DefaultMavenResourcesFiltering - Copying 0 resource from src\main\resources to target\classes
2025-04-06 22:59:32,875 [Worker-57: Building] INFO  o.a.m.s.f.DefaultMavenResourcesFiltering - skip non existing resourceDirectory C:\src\proyectobomber\JavaWorskpace\bombero\src\test\resources
2025-04-06 23:01:25,295 [Worker-59: Building] INFO  o.a.m.s.f.DefaultMavenResourcesFiltering - Copying 1 resource from src\main\resources to target\classes
2025-04-06 23:01:25,299 [Worker-59: Building] INFO  o.a.m.s.f.DefaultMavenResourcesFiltering - Copying 0 resource from src\main\resources to target\classes
2025-04-06 23:01:25,303 [Worker-59: Building] INFO  o.a.m.s.f.DefaultMavenResourcesFiltering - skip non existing resourceDirectory C:\src\proyectobomber\JavaWorskpace\bombero\src\test\resources
2025-04-06 23:02:07,820 [Worker-60: Building] INFO  o.a.m.s.f.DefaultMavenResourcesFiltering - Copying 1 resource from src\main\resources to target\classes
2025-04-06 23:02:07,832 [Worker-60: Building] INFO  o.a.m.s.f.DefaultMavenResourcesFiltering - Copying 0 resource from src\main\resources to target\classes
2025-04-06 23:02:07,837 [Worker-60: Building] INFO  o.a.m.s.f.DefaultMavenResourcesFiltering - skip non existing resourceDirectory C:\src\proyectobomber\JavaWorskpace\bombero\src\test\resources
2025-04-06 23:02:25,577 [Worker-60: Building] INFO  o.a.m.s.f.DefaultMavenResourcesFiltering - Copying 1 resource from src\main\resources to target\classes
2025-04-06 23:02:25,582 [Worker-60: Building] INFO  o.a.m.s.f.DefaultMavenResourcesFiltering - Copying 0 resource from src\main\resources to target\classes
2025-04-06 23:02:25,584 [Worker-60: Building] INFO  o.a.m.s.f.DefaultMavenResourcesFiltering - skip non existing resourceDirectory C:\src\proyectobomber\JavaWorskpace\bombero\src\test\resources
2025-04-06 23:03:50,302 [Worker-61: Building] INFO  o.a.m.s.f.DefaultMavenResourcesFiltering - Copying 1 resource from src\main\resources to target\classes
2025-04-06 23:03:50,307 [Worker-61: Building] INFO  o.a.m.s.f.DefaultMavenResourcesFiltering - Copying 0 resource from src\main\resources to target\classes
2025-04-06 23:03:50,309 [Worker-61: Building] INFO  o.a.m.s.f.DefaultMavenResourcesFiltering - skip non existing resourceDirectory C:\src\proyectobomber\JavaWorskpace\bombero\src\test\resources
2025-04-06 23:04:52,169 [Worker-44: Building] INFO  o.a.m.s.f.DefaultMavenResourcesFiltering - Copying 1 resource from src\main\resources to target\classes
2025-04-06 23:04:52,174 [Worker-44: Building] INFO  o.a.m.s.f.DefaultMavenResourcesFiltering - Copying 0 resource from src\main\resources to target\classes
2025-04-06 23:04:52,176 [Worker-44: Building] INFO  o.a.m.s.f.DefaultMavenResourcesFiltering - skip non existing resourceDirectory C:\src\proyectobomber\JavaWorskpace\bombero\src\test\resources
2025-04-06 23:05:53,699 [Worker-61: Building] INFO  o.a.m.s.f.DefaultMavenResourcesFiltering - Copying 1 resource from src\main\resources to target\classes
2025-04-06 23:05:53,702 [Worker-61: Building] INFO  o.a.m.s.f.DefaultMavenResourcesFiltering - Copying 0 resource from src\main\resources to target\classes
2025-04-06 23:05:53,705 [Worker-61: Building] INFO  o.a.m.s.f.DefaultMavenResourcesFiltering - skip non existing resourceDirectory C:\src\proyectobomber\JavaWorskpace\bombero\src\test\resources
2025-04-06 23:07:19,823 [Worker-58: Building] INFO  o.a.m.s.f.DefaultMavenResourcesFiltering - Copying 1 resource from src\main\resources to target\classes
2025-04-06 23:07:19,829 [Worker-58: Building] INFO  o.a.m.s.f.DefaultMavenResourcesFiltering - Copying 0 resource from src\main\resources to target\classes
2025-04-06 23:07:19,833 [Worker-58: Building] INFO  o.a.m.s.f.DefaultMavenResourcesFiltering - skip non existing resourceDirectory C:\src\proyectobomber\JavaWorskpace\bombero\src\test\resources
2025-04-07 09:14:29,062 [Worker-6: Loading available Gradle versions] INFO  o.e.b.c.i.u.g.PublishedGradleVersions - Gradle version information cache is out-of-date. Trying to update.
2025-04-07 09:14:30,217 [Worker-6: Loading available Gradle versions] ERROR o.e.b.c.i.u.g.PublishedGradleVersions - Cannot write Gradle version information cache file.
java.io.FileNotFoundException: C:\Users\user\.cache\tooling\gradle\versions.json (Acceso denegado)
	at java.base/java.io.FileOutputStream.open0(Native Method)
	at java.base/java.io.FileOutputStream.open(FileOutputStream.java:289)
	at java.base/java.io.FileOutputStream.<init>(FileOutputStream.java:230)
	at com.google.common.io.Files$FileByteSink.openStream(Files.java:197)
	at com.google.common.io.Files$FileByteSink.openStream(Files.java:185)
	at com.google.common.io.ByteSink$AsCharSink.openStream(ByteSink.java:152)
	at com.google.common.io.CharSource$StringCharSource.copyTo(CharSource.java:662)
	at org.eclipse.buildship.core.internal.util.gradle.PublishedGradleVersions.storeCacheVersionsFile(PublishedGradleVersions.java:184)
	at org.eclipse.buildship.core.internal.util.gradle.PublishedGradleVersions.tryToDownloadAndCacheVersions(PublishedGradleVersions.java:150)
	at org.eclipse.buildship.core.internal.util.gradle.PublishedGradleVersions.tryToUpdateOutdatedVersionsFile(PublishedGradleVersions.java:133)
	at org.eclipse.buildship.core.internal.util.gradle.PublishedGradleVersions.create(PublishedGradleVersions.java:117)
	at org.eclipse.buildship.core.internal.util.gradle.PublishedGradleVersionsWrapper$LoadVersionsJob.run(PublishedGradleVersionsWrapper.java:73)
	at org.eclipse.core.internal.jobs.Worker.run(Worker.java:63)
2025-04-07 11:00:30,152 [Worker-31: Building] INFO  o.a.m.s.f.DefaultMavenResourcesFiltering - Copying 1 resource from src\main\resources to target\classes
2025-04-07 11:00:30,180 [Worker-31: Building] INFO  o.a.m.s.f.DefaultMavenResourcesFiltering - Copying 0 resource from src\main\resources to target\classes
2025-04-07 11:00:30,189 [Worker-31: Building] INFO  o.a.m.s.f.DefaultMavenResourcesFiltering - skip non existing resourceDirectory C:\src\proyectobomber\JavaWorskpace\bombero\src\test\resources
2025-04-07 11:00:57,048 [Worker-33: Building] INFO  o.a.m.s.f.DefaultMavenResourcesFiltering - Copying 1 resource from src\main\resources to target\classes
2025-04-07 11:00:57,053 [Worker-33: Building] INFO  o.a.m.s.f.DefaultMavenResourcesFiltering - Copying 0 resource from src\main\resources to target\classes
2025-04-07 11:00:57,056 [Worker-33: Building] INFO  o.a.m.s.f.DefaultMavenResourcesFiltering - skip non existing resourceDirectory C:\src\proyectobomber\JavaWorskpace\bombero\src\test\resources
2025-04-07 11:01:30,925 [Worker-30: Building] INFO  o.a.m.s.f.DefaultMavenResourcesFiltering - Copying 1 resource from src\main\resources to target\classes
2025-04-07 11:01:30,931 [Worker-30: Building] INFO  o.a.m.s.f.DefaultMavenResourcesFiltering - Copying 0 resource from src\main\resources to target\classes
2025-04-07 11:01:30,936 [Worker-30: Building] INFO  o.a.m.s.f.DefaultMavenResourcesFiltering - skip non existing resourceDirectory C:\src\proyectobomber\JavaWorskpace\bombero\src\test\resources
2025-04-07 11:02:12,081 [Worker-29: Building] INFO  o.a.m.s.f.DefaultMavenResourcesFiltering - Copying 1 resource from src\main\resources to target\classes
2025-04-07 11:02:12,085 [Worker-29: Building] INFO  o.a.m.s.f.DefaultMavenResourcesFiltering - Copying 0 resource from src\main\resources to target\classes
2025-04-07 11:02:12,088 [Worker-29: Building] INFO  o.a.m.s.f.DefaultMavenResourcesFiltering - skip non existing resourceDirectory C:\src\proyectobomber\JavaWorskpace\bombero\src\test\resources
2025-04-07 11:02:36,878 [Worker-26: Building] INFO  o.a.m.s.f.DefaultMavenResourcesFiltering - Copying 1 resource from src\main\resources to target\classes
2025-04-07 11:02:36,882 [Worker-26: Building] INFO  o.a.m.s.f.DefaultMavenResourcesFiltering - Copying 0 resource from src\main\resources to target\classes
2025-04-07 11:02:36,886 [Worker-26: Building] INFO  o.a.m.s.f.DefaultMavenResourcesFiltering - skip non existing resourceDirectory C:\src\proyectobomber\JavaWorskpace\bombero\src\test\resources
2025-04-07 11:03:09,543 [Worker-32: Building] INFO  o.a.m.s.f.DefaultMavenResourcesFiltering - Copying 1 resource from src\main\resources to target\classes
2025-04-07 11:03:09,546 [Worker-32: Building] INFO  o.a.m.s.f.DefaultMavenResourcesFiltering - Copying 0 resource from src\main\resources to target\classes
2025-04-07 11:03:09,549 [Worker-32: Building] INFO  o.a.m.s.f.DefaultMavenResourcesFiltering - skip non existing resourceDirectory C:\src\proyectobomber\JavaWorskpace\bombero\src\test\resources
2025-04-07 11:04:33,710 [Worker-26: Building] INFO  o.a.m.s.f.DefaultMavenResourcesFiltering - Copying 1 resource from src\main\resources to target\classes
2025-04-07 11:04:33,714 [Worker-26: Building] INFO  o.a.m.s.f.DefaultMavenResourcesFiltering - Copying 0 resource from src\main\resources to target\classes
2025-04-07 11:04:33,717 [Worker-26: Building] INFO  o.a.m.s.f.DefaultMavenResourcesFiltering - skip non existing resourceDirectory C:\src\proyectobomber\JavaWorskpace\bombero\src\test\resources
2025-04-07 11:05:01,238 [Worker-29: Building] INFO  o.a.m.s.f.DefaultMavenResourcesFiltering - Copying 1 resource from src\main\resources to target\classes
2025-04-07 11:05:01,241 [Worker-29: Building] INFO  o.a.m.s.f.DefaultMavenResourcesFiltering - Copying 0 resource from src\main\resources to target\classes
2025-04-07 11:05:01,244 [Worker-29: Building] INFO  o.a.m.s.f.DefaultMavenResourcesFiltering - skip non existing resourceDirectory C:\src\proyectobomber\JavaWorskpace\bombero\src\test\resources
2025-04-07 11:05:16,190 [Worker-20: Building] INFO  o.a.m.s.f.DefaultMavenResourcesFiltering - Copying 1 resource from src\main\resources to target\classes
2025-04-07 11:05:16,193 [Worker-20: Building] INFO  o.a.m.s.f.DefaultMavenResourcesFiltering - Copying 0 resource from src\main\resources to target\classes
2025-04-07 11:05:16,197 [Worker-20: Building] INFO  o.a.m.s.f.DefaultMavenResourcesFiltering - skip non existing resourceDirectory C:\src\proyectobomber\JavaWorskpace\bombero\src\test\resources
2025-04-07 11:06:57,389 [Worker-31: Building] INFO  o.a.m.s.f.DefaultMavenResourcesFiltering - Copying 1 resource from src\main\resources to target\classes
2025-04-07 11:06:57,393 [Worker-31: Building] INFO  o.a.m.s.f.DefaultMavenResourcesFiltering - Copying 0 resource from src\main\resources to target\classes
2025-04-07 11:06:57,396 [Worker-31: Building] INFO  o.a.m.s.f.DefaultMavenResourcesFiltering - skip non existing resourceDirectory C:\src\proyectobomber\JavaWorskpace\bombero\src\test\resources
2025-04-07 12:52:09,982 [Worker-2: Loading available Gradle versions] INFO  o.e.b.c.i.u.g.PublishedGradleVersions - Gradle version information cache is out-of-date. Trying to update.
2025-04-07 12:52:11,574 [Worker-2: Loading available Gradle versions] ERROR o.e.b.c.i.u.g.PublishedGradleVersions - Cannot write Gradle version information cache file.
java.io.FileNotFoundException: C:\Users\user\.cache\tooling\gradle\versions.json (Acceso denegado)
	at java.base/java.io.FileOutputStream.open0(Native Method)
	at java.base/java.io.FileOutputStream.open(FileOutputStream.java:289)
	at java.base/java.io.FileOutputStream.<init>(FileOutputStream.java:230)
	at com.google.common.io.Files$FileByteSink.openStream(Files.java:197)
	at com.google.common.io.Files$FileByteSink.openStream(Files.java:185)
	at com.google.common.io.ByteSink$AsCharSink.openStream(ByteSink.java:152)
	at com.google.common.io.CharSource$StringCharSource.copyTo(CharSource.java:662)
	at org.eclipse.buildship.core.internal.util.gradle.PublishedGradleVersions.storeCacheVersionsFile(PublishedGradleVersions.java:184)
	at org.eclipse.buildship.core.internal.util.gradle.PublishedGradleVersions.tryToDownloadAndCacheVersions(PublishedGradleVersions.java:150)
	at org.eclipse.buildship.core.internal.util.gradle.PublishedGradleVersions.tryToUpdateOutdatedVersionsFile(PublishedGradleVersions.java:133)
	at org.eclipse.buildship.core.internal.util.gradle.PublishedGradleVersions.create(PublishedGradleVersions.java:117)
	at org.eclipse.buildship.core.internal.util.gradle.PublishedGradleVersionsWrapper$LoadVersionsJob.run(PublishedGradleVersionsWrapper.java:73)
	at org.eclipse.core.internal.jobs.Worker.run(Worker.java:63)
2025-04-07 13:06:26,154 [Worker-15: Building] INFO  o.a.m.s.f.DefaultMavenResourcesFiltering - Copying 1 resource from src\main\resources to target\classes
2025-04-07 13:06:26,178 [Worker-15: Building] INFO  o.a.m.s.f.DefaultMavenResourcesFiltering - Copying 0 resource from src\main\resources to target\classes
2025-04-07 13:06:26,183 [Worker-15: Building] INFO  o.a.m.s.f.DefaultMavenResourcesFiltering - skip non existing resourceDirectory C:\src\proyectobomber\JavaWorskpace\bombero\src\test\resources
2025-04-07 13:08:49,733 [Worker-16: Building] INFO  o.a.m.s.f.DefaultMavenResourcesFiltering - Copying 1 resource from src\main\resources to target\classes
2025-04-07 13:08:49,741 [Worker-16: Building] INFO  o.a.m.s.f.DefaultMavenResourcesFiltering - Copying 0 resource from src\main\resources to target\classes
2025-04-07 13:08:49,745 [Worker-16: Building] INFO  o.a.m.s.f.DefaultMavenResourcesFiltering - skip non existing resourceDirectory C:\src\proyectobomber\JavaWorskpace\bombero\src\test\resources
2025-04-07 13:09:20,942 [Worker-16: Building] INFO  o.a.m.s.f.DefaultMavenResourcesFiltering - Copying 1 resource from src\main\resources to target\classes
2025-04-07 13:09:20,950 [Worker-16: Building] INFO  o.a.m.s.f.DefaultMavenResourcesFiltering - Copying 0 resource from src\main\resources to target\classes
2025-04-07 13:09:20,959 [Worker-16: Building] INFO  o.a.m.s.f.DefaultMavenResourcesFiltering - skip non existing resourceDirectory C:\src\proyectobomber\JavaWorskpace\bombero\src\test\resources
2025-04-07 13:09:53,073 [Worker-16: Building] INFO  o.a.m.s.f.DefaultMavenResourcesFiltering - Copying 1 resource from src\main\resources to target\classes
2025-04-07 13:09:53,079 [Worker-16: Building] INFO  o.a.m.s.f.DefaultMavenResourcesFiltering - Copying 0 resource from src\main\resources to target\classes
2025-04-07 13:09:53,083 [Worker-16: Building] INFO  o.a.m.s.f.DefaultMavenResourcesFiltering - skip non existing resourceDirectory C:\src\proyectobomber\JavaWorskpace\bombero\src\test\resources
2025-04-07 13:10:04,844 [Worker-15: Building] INFO  o.a.m.s.f.DefaultMavenResourcesFiltering - Copying 1 resource from src\main\resources to target\classes
2025-04-07 13:10:04,848 [Worker-15: Building] INFO  o.a.m.s.f.DefaultMavenResourcesFiltering - Copying 0 resource from src\main\resources to target\classes
2025-04-07 13:10:04,851 [Worker-15: Building] INFO  o.a.m.s.f.DefaultMavenResourcesFiltering - skip non existing resourceDirectory C:\src\proyectobomber\JavaWorskpace\bombero\src\test\resources
2025-04-07 13:10:31,272 [Worker-4: Building] INFO  o.a.m.s.f.DefaultMavenResourcesFiltering - Copying 1 resource from src\main\resources to target\classes
2025-04-07 13:10:31,277 [Worker-4: Building] INFO  o.a.m.s.f.DefaultMavenResourcesFiltering - Copying 0 resource from src\main\resources to target\classes
2025-04-07 13:10:31,283 [Worker-4: Building] INFO  o.a.m.s.f.DefaultMavenResourcesFiltering - skip non existing resourceDirectory C:\src\proyectobomber\JavaWorskpace\bombero\src\test\resources
2025-04-07 13:10:57,086 [Worker-14: Building] INFO  o.a.m.s.f.DefaultMavenResourcesFiltering - Copying 1 resource from src\main\resources to target\classes
2025-04-07 13:10:57,090 [Worker-14: Building] INFO  o.a.m.s.f.DefaultMavenResourcesFiltering - Copying 0 resource from src\main\resources to target\classes
2025-04-07 13:10:57,095 [Worker-14: Building] INFO  o.a.m.s.f.DefaultMavenResourcesFiltering - skip non existing resourceDirectory C:\src\proyectobomber\JavaWorskpace\bombero\src\test\resources
2025-04-07 13:11:04,067 [Worker-4: Building] INFO  o.a.m.s.f.DefaultMavenResourcesFiltering - Copying 1 resource from src\main\resources to target\classes
2025-04-07 13:11:04,070 [Worker-4: Building] INFO  o.a.m.s.f.DefaultMavenResourcesFiltering - Copying 0 resource from src\main\resources to target\classes
2025-04-07 13:11:04,073 [Worker-4: Building] INFO  o.a.m.s.f.DefaultMavenResourcesFiltering - skip non existing resourceDirectory C:\src\proyectobomber\JavaWorskpace\bombero\src\test\resources
2025-04-07 13:23:54,142 [Worker-17: Building] INFO  o.a.m.s.f.DefaultMavenResourcesFiltering - Copying 1 resource from src\main\resources to target\classes
2025-04-07 13:23:54,147 [Worker-17: Building] INFO  o.a.m.s.f.DefaultMavenResourcesFiltering - Copying 0 resource from src\main\resources to target\classes
2025-04-07 13:23:54,150 [Worker-17: Building] INFO  o.a.m.s.f.DefaultMavenResourcesFiltering - skip non existing resourceDirectory C:\src\proyectobomber\JavaWorskpace\bombero\src\test\resources
2025-04-07 13:24:49,746 [Worker-17: Building] INFO  o.a.m.s.f.DefaultMavenResourcesFiltering - Copying 1 resource from src\main\resources to target\classes
2025-04-07 13:24:49,751 [Worker-17: Building] INFO  o.a.m.s.f.DefaultMavenResourcesFiltering - Copying 0 resource from src\main\resources to target\classes
2025-04-07 13:24:49,754 [Worker-17: Building] INFO  o.a.m.s.f.DefaultMavenResourcesFiltering - skip non existing resourceDirectory C:\src\proyectobomber\JavaWorskpace\bombero\src\test\resources
2025-04-07 13:26:15,548 [Worker-23: Building] INFO  o.a.m.s.f.DefaultMavenResourcesFiltering - Copying 1 resource from src\main\resources to target\classes
2025-04-07 13:26:15,556 [Worker-23: Building] INFO  o.a.m.s.f.DefaultMavenResourcesFiltering - Copying 0 resource from src\main\resources to target\classes
2025-04-07 13:26:15,560 [Worker-23: Building] INFO  o.a.m.s.f.DefaultMavenResourcesFiltering - skip non existing resourceDirectory C:\src\proyectobomber\JavaWorskpace\bombero\src\test\resources
2025-04-07 13:26:25,185 [Worker-20: Building] INFO  o.a.m.s.f.DefaultMavenResourcesFiltering - Copying 1 resource from src\main\resources to target\classes
2025-04-07 13:26:25,189 [Worker-20: Building] INFO  o.a.m.s.f.DefaultMavenResourcesFiltering - Copying 0 resource from src\main\resources to target\classes
2025-04-07 13:26:25,193 [Worker-20: Building] INFO  o.a.m.s.f.DefaultMavenResourcesFiltering - skip non existing resourceDirectory C:\src\proyectobomber\JavaWorskpace\bombero\src\test\resources
2025-04-07 13:27:12,303 [Worker-17: Building] INFO  o.a.m.s.f.DefaultMavenResourcesFiltering - Copying 1 resource from src\main\resources to target\classes
2025-04-07 13:27:12,307 [Worker-17: Building] INFO  o.a.m.s.f.DefaultMavenResourcesFiltering - Copying 0 resource from src\main\resources to target\classes
2025-04-07 13:27:12,311 [Worker-17: Building] INFO  o.a.m.s.f.DefaultMavenResourcesFiltering - skip non existing resourceDirectory C:\src\proyectobomber\JavaWorskpace\bombero\src\test\resources
2025-04-07 13:27:33,215 [Worker-18: Building] INFO  o.a.m.s.f.DefaultMavenResourcesFiltering - Copying 1 resource from src\main\resources to target\classes
2025-04-07 13:27:33,219 [Worker-18: Building] INFO  o.a.m.s.f.DefaultMavenResourcesFiltering - Copying 0 resource from src\main\resources to target\classes
2025-04-07 13:27:33,222 [Worker-18: Building] INFO  o.a.m.s.f.DefaultMavenResourcesFiltering - skip non existing resourceDirectory C:\src\proyectobomber\JavaWorskpace\bombero\src\test\resources
2025-04-07 13:28:54,592 [Worker-22: Building] INFO  o.a.m.s.f.DefaultMavenResourcesFiltering - Copying 1 resource from src\main\resources to target\classes
2025-04-07 13:28:54,595 [Worker-22: Building] INFO  o.a.m.s.f.DefaultMavenResourcesFiltering - Copying 0 resource from src\main\resources to target\classes
2025-04-07 13:28:54,598 [Worker-22: Building] INFO  o.a.m.s.f.DefaultMavenResourcesFiltering - skip non existing resourceDirectory C:\src\proyectobomber\JavaWorskpace\bombero\src\test\resources
2025-04-07 13:29:06,233 [Worker-19: Building] INFO  o.a.m.s.f.DefaultMavenResourcesFiltering - Copying 1 resource from src\main\resources to target\classes
2025-04-07 13:29:06,239 [Worker-19: Building] INFO  o.a.m.s.f.DefaultMavenResourcesFiltering - Copying 0 resource from src\main\resources to target\classes
2025-04-07 13:29:06,242 [Worker-19: Building] INFO  o.a.m.s.f.DefaultMavenResourcesFiltering - skip non existing resourceDirectory C:\src\proyectobomber\JavaWorskpace\bombero\src\test\resources
2025-04-07 13:33:45,468 [Worker-18: Building] INFO  o.a.m.s.f.DefaultMavenResourcesFiltering - Copying 1 resource from src\main\resources to target\classes
2025-04-07 13:33:45,474 [Worker-18: Building] INFO  o.a.m.s.f.DefaultMavenResourcesFiltering - Copying 0 resource from src\main\resources to target\classes
2025-04-07 13:33:45,477 [Worker-18: Building] INFO  o.a.m.s.f.DefaultMavenResourcesFiltering - skip non existing resourceDirectory C:\src\proyectobomber\JavaWorskpace\bombero\src\test\resources
2025-04-07 13:37:55,217 [Worker-29: Building] INFO  o.a.m.s.f.DefaultMavenResourcesFiltering - Copying 1 resource from src\main\resources to target\classes
2025-04-07 13:37:55,223 [Worker-29: Building] INFO  o.a.m.s.f.DefaultMavenResourcesFiltering - Copying 0 resource from src\main\resources to target\classes
2025-04-07 13:37:55,227 [Worker-29: Building] INFO  o.a.m.s.f.DefaultMavenResourcesFiltering - skip non existing resourceDirectory C:\src\proyectobomber\JavaWorskpace\bombero\src\test\resources
2025-04-07 13:40:23,508 [Worker-31: Building] INFO  o.a.m.s.f.DefaultMavenResourcesFiltering - Copying 1 resource from src\main\resources to target\classes
2025-04-07 13:40:23,514 [Worker-31: Building] INFO  o.a.m.s.f.DefaultMavenResourcesFiltering - Copying 0 resource from src\main\resources to target\classes
2025-04-07 13:40:23,517 [Worker-31: Building] INFO  o.a.m.s.f.DefaultMavenResourcesFiltering - skip non existing resourceDirectory C:\src\proyectobomber\JavaWorskpace\bombero\src\test\resources
2025-04-07 13:44:27,816 [Worker-32: Building] INFO  o.a.m.s.f.DefaultMavenResourcesFiltering - Copying 1 resource from src\main\resources to target\classes
2025-04-07 13:44:27,823 [Worker-32: Building] INFO  o.a.m.s.f.DefaultMavenResourcesFiltering - Copying 0 resource from src\main\resources to target\classes
2025-04-07 13:44:27,828 [Worker-32: Building] INFO  o.a.m.s.f.DefaultMavenResourcesFiltering - skip non existing resourceDirectory C:\src\proyectobomber\JavaWorskpace\bombero\src\test\resources
2025-04-07 13:46:23,770 [Worker-34: Building] INFO  o.a.m.s.f.DefaultMavenResourcesFiltering - Copying 1 resource from src\main\resources to target\classes
2025-04-07 13:46:23,774 [Worker-34: Building] INFO  o.a.m.s.f.DefaultMavenResourcesFiltering - Copying 0 resource from src\main\resources to target\classes
2025-04-07 13:46:23,776 [Worker-34: Building] INFO  o.a.m.s.f.DefaultMavenResourcesFiltering - skip non existing resourceDirectory C:\src\proyectobomber\JavaWorskpace\bombero\src\test\resources
2025-04-07 13:54:15,815 [Worker-40: Building] INFO  o.a.m.s.f.DefaultMavenResourcesFiltering - Copying 1 resource from src\main\resources to target\classes
2025-04-07 13:54:15,822 [Worker-40: Building] INFO  o.a.m.s.f.DefaultMavenResourcesFiltering - Copying 0 resource from src\main\resources to target\classes
2025-04-07 13:54:15,825 [Worker-40: Building] INFO  o.a.m.s.f.DefaultMavenResourcesFiltering - skip non existing resourceDirectory C:\src\proyectobomber\JavaWorskpace\bombero\src\test\resources
2025-04-07 13:58:28,989 [Worker-40: Building] INFO  o.a.m.s.f.DefaultMavenResourcesFiltering - Copying 1 resource from src\main\resources to target\classes
2025-04-07 13:58:28,993 [Worker-40: Building] INFO  o.a.m.s.f.DefaultMavenResourcesFiltering - Copying 0 resource from src\main\resources to target\classes
2025-04-07 13:58:28,996 [Worker-40: Building] INFO  o.a.m.s.f.DefaultMavenResourcesFiltering - skip non existing resourceDirectory C:\src\proyectobomber\JavaWorskpace\bombero\src\test\resources
2025-04-07 13:59:05,496 [Worker-40: Building] INFO  o.a.m.s.f.DefaultMavenResourcesFiltering - Copying 1 resource from src\main\resources to target\classes
2025-04-07 13:59:05,501 [Worker-40: Building] INFO  o.a.m.s.f.DefaultMavenResourcesFiltering - Copying 0 resource from src\main\resources to target\classes
2025-04-07 13:59:05,504 [Worker-40: Building] INFO  o.a.m.s.f.DefaultMavenResourcesFiltering - skip non existing resourceDirectory C:\src\proyectobomber\JavaWorskpace\bombero\src\test\resources
2025-04-07 14:09:21,962 [Worker-46: Building] INFO  o.a.m.s.f.DefaultMavenResourcesFiltering - Copying 1 resource from src\main\resources to target\classes
2025-04-07 14:09:21,970 [Worker-46: Building] INFO  o.a.m.s.f.DefaultMavenResourcesFiltering - Copying 0 resource from src\main\resources to target\classes
2025-04-07 14:09:21,975 [Worker-46: Building] INFO  o.a.m.s.f.DefaultMavenResourcesFiltering - skip non existing resourceDirectory C:\src\proyectobomber\JavaWorskpace\bombero\src\test\resources
2025-04-07 14:11:31,418 [Worker-46: Building] INFO  o.a.m.s.f.DefaultMavenResourcesFiltering - Copying 1 resource from src\main\resources to target\classes
2025-04-07 14:11:31,423 [Worker-46: Building] INFO  o.a.m.s.f.DefaultMavenResourcesFiltering - Copying 0 resource from src\main\resources to target\classes
2025-04-07 14:11:31,425 [Worker-46: Building] INFO  o.a.m.s.f.DefaultMavenResourcesFiltering - skip non existing resourceDirectory C:\src\proyectobomber\JavaWorskpace\bombero\src\test\resources
2025-04-07 14:31:32,666 [Worker-48: Building] INFO  o.a.m.s.f.DefaultMavenResourcesFiltering - Copying 1 resource from src\main\resources to target\classes
2025-04-07 14:31:32,675 [Worker-48: Building] INFO  o.a.m.s.f.DefaultMavenResourcesFiltering - Copying 0 resource from src\main\resources to target\classes
2025-04-07 14:31:32,677 [Worker-48: Building] INFO  o.a.m.s.f.DefaultMavenResourcesFiltering - skip non existing resourceDirectory C:\src\proyectobomber\JavaWorskpace\bombero\src\test\resources
2025-04-07 14:49:53,495 [Worker-54: Building] INFO  o.a.m.s.f.DefaultMavenResourcesFiltering - Copying 1 resource from src\main\resources to target\classes
2025-04-07 14:49:53,502 [Worker-54: Building] INFO  o.a.m.s.f.DefaultMavenResourcesFiltering - Copying 0 resource from src\main\resources to target\classes
2025-04-07 14:49:53,504 [Worker-54: Building] INFO  o.a.m.s.f.DefaultMavenResourcesFiltering - skip non existing resourceDirectory C:\src\proyectobomber\JavaWorskpace\bombero\src\test\resources
2025-04-07 14:50:10,332 [Worker-54: Building] INFO  o.a.m.s.f.DefaultMavenResourcesFiltering - Copying 1 resource from src\main\resources to target\classes
2025-04-07 14:50:10,338 [Worker-54: Building] INFO  o.a.m.s.f.DefaultMavenResourcesFiltering - Copying 0 resource from src\main\resources to target\classes
2025-04-07 14:50:10,340 [Worker-54: Building] INFO  o.a.m.s.f.DefaultMavenResourcesFiltering - skip non existing resourceDirectory C:\src\proyectobomber\JavaWorskpace\bombero\src\test\resources
2025-04-07 14:50:28,452 [Worker-56: Building] INFO  o.a.m.s.f.DefaultMavenResourcesFiltering - Copying 1 resource from src\main\resources to target\classes
2025-04-07 14:50:28,457 [Worker-56: Building] INFO  o.a.m.s.f.DefaultMavenResourcesFiltering - Copying 0 resource from src\main\resources to target\classes
2025-04-07 14:50:28,460 [Worker-56: Building] INFO  o.a.m.s.f.DefaultMavenResourcesFiltering - skip non existing resourceDirectory C:\src\proyectobomber\JavaWorskpace\bombero\src\test\resources
2025-04-07 14:52:03,064 [Worker-56: Building] INFO  o.a.m.s.f.DefaultMavenResourcesFiltering - Copying 1 resource from src\main\resources to target\classes
2025-04-07 14:52:03,068 [Worker-56: Building] INFO  o.a.m.s.f.DefaultMavenResourcesFiltering - Copying 0 resource from src\main\resources to target\classes
2025-04-07 14:52:03,071 [Worker-56: Building] INFO  o.a.m.s.f.DefaultMavenResourcesFiltering - skip non existing resourceDirectory C:\src\proyectobomber\JavaWorskpace\bombero\src\test\resources
2025-04-07 14:53:46,752 [Worker-58: Building] INFO  o.a.m.s.f.DefaultMavenResourcesFiltering - Copying 1 resource from src\main\resources to target\classes
2025-04-07 14:53:46,758 [Worker-58: Building] INFO  o.a.m.s.f.DefaultMavenResourcesFiltering - Copying 0 resource from src\main\resources to target\classes
2025-04-07 14:53:46,761 [Worker-58: Building] INFO  o.a.m.s.f.DefaultMavenResourcesFiltering - skip non existing resourceDirectory C:\src\proyectobomber\JavaWorskpace\bombero\src\test\resources
2025-04-07 14:53:55,354 [Worker-44: Building] INFO  o.a.m.s.f.DefaultMavenResourcesFiltering - Copying 1 resource from src\main\resources to target\classes
2025-04-07 14:53:55,360 [Worker-44: Building] INFO  o.a.m.s.f.DefaultMavenResourcesFiltering - Copying 0 resource from src\main\resources to target\classes
2025-04-07 14:53:55,363 [Worker-44: Building] INFO  o.a.m.s.f.DefaultMavenResourcesFiltering - skip non existing resourceDirectory C:\src\proyectobomber\JavaWorskpace\bombero\src\test\resources
2025-04-07 14:54:13,742 [Worker-44: Building] INFO  o.a.m.s.f.DefaultMavenResourcesFiltering - Copying 1 resource from src\main\resources to target\classes
2025-04-07 14:54:13,746 [Worker-44: Building] INFO  o.a.m.s.f.DefaultMavenResourcesFiltering - Copying 0 resource from src\main\resources to target\classes
2025-04-07 14:54:13,749 [Worker-44: Building] INFO  o.a.m.s.f.DefaultMavenResourcesFiltering - skip non existing resourceDirectory C:\src\proyectobomber\JavaWorskpace\bombero\src\test\resources
2025-04-07 14:58:59,429 [Worker-57: Building] INFO  o.a.m.s.f.DefaultMavenResourcesFiltering - Copying 1 resource from src\main\resources to target\classes
2025-04-07 14:58:59,433 [Worker-57: Building] INFO  o.a.m.s.f.DefaultMavenResourcesFiltering - Copying 0 resource from src\main\resources to target\classes
2025-04-07 14:58:59,435 [Worker-57: Building] INFO  o.a.m.s.f.DefaultMavenResourcesFiltering - skip non existing resourceDirectory C:\src\proyectobomber\JavaWorskpace\bombero\src\test\resources
2025-04-07 14:59:29,895 [Worker-60: Building] INFO  o.a.m.s.f.DefaultMavenResourcesFiltering - Copying 1 resource from src\main\resources to target\classes
2025-04-07 14:59:29,900 [Worker-60: Building] INFO  o.a.m.s.f.DefaultMavenResourcesFiltering - Copying 0 resource from src\main\resources to target\classes
2025-04-07 14:59:29,902 [Worker-60: Building] INFO  o.a.m.s.f.DefaultMavenResourcesFiltering - skip non existing resourceDirectory C:\src\proyectobomber\JavaWorskpace\bombero\src\test\resources
2025-04-07 15:03:56,209 [Worker-62: Building] INFO  o.a.m.s.f.DefaultMavenResourcesFiltering - Copying 1 resource from src\main\resources to target\classes
2025-04-07 15:03:56,213 [Worker-62: Building] INFO  o.a.m.s.f.DefaultMavenResourcesFiltering - Copying 0 resource from src\main\resources to target\classes
2025-04-07 15:03:56,217 [Worker-62: Building] INFO  o.a.m.s.f.DefaultMavenResourcesFiltering - skip non existing resourceDirectory C:\src\proyectobomber\JavaWorskpace\bombero\src\test\resources
2025-04-07 15:05:39,454 [Worker-64: Building] INFO  o.a.m.s.f.DefaultMavenResourcesFiltering - Copying 1 resource from src\main\resources to target\classes
2025-04-07 15:05:39,458 [Worker-64: Building] INFO  o.a.m.s.f.DefaultMavenResourcesFiltering - Copying 0 resource from src\main\resources to target\classes
2025-04-07 15:05:39,460 [Worker-64: Building] INFO  o.a.m.s.f.DefaultMavenResourcesFiltering - skip non existing resourceDirectory C:\src\proyectobomber\JavaWorskpace\bombero\src\test\resources
2025-04-07 15:07:43,601 [Worker-56: Building] INFO  o.a.m.s.f.DefaultMavenResourcesFiltering - Copying 1 resource from src\main\resources to target\classes
2025-04-07 15:07:43,605 [Worker-56: Building] INFO  o.a.m.s.f.DefaultMavenResourcesFiltering - Copying 0 resource from src\main\resources to target\classes
2025-04-07 15:07:43,607 [Worker-56: Building] INFO  o.a.m.s.f.DefaultMavenResourcesFiltering - skip non existing resourceDirectory C:\src\proyectobomber\JavaWorskpace\bombero\src\test\resources
2025-04-07 15:08:22,234 [Worker-63: Building] INFO  o.a.m.s.f.DefaultMavenResourcesFiltering - Copying 1 resource from src\main\resources to target\classes
2025-04-07 15:08:22,237 [Worker-63: Building] INFO  o.a.m.s.f.DefaultMavenResourcesFiltering - Copying 0 resource from src\main\resources to target\classes
2025-04-07 15:08:22,239 [Worker-63: Building] INFO  o.a.m.s.f.DefaultMavenResourcesFiltering - skip non existing resourceDirectory C:\src\proyectobomber\JavaWorskpace\bombero\src\test\resources
2025-04-07 15:08:36,172 [Worker-60: Building] INFO  o.a.m.s.f.DefaultMavenResourcesFiltering - Copying 1 resource from src\main\resources to target\classes
2025-04-07 15:08:36,176 [Worker-60: Building] INFO  o.a.m.s.f.DefaultMavenResourcesFiltering - Copying 0 resource from src\main\resources to target\classes
2025-04-07 15:08:36,178 [Worker-60: Building] INFO  o.a.m.s.f.DefaultMavenResourcesFiltering - skip non existing resourceDirectory C:\src\proyectobomber\JavaWorskpace\bombero\src\test\resources
2025-04-07 15:10:22,984 [Worker-60: Building] INFO  o.a.m.s.f.DefaultMavenResourcesFiltering - Copying 1 resource from src\main\resources to target\classes
2025-04-07 15:10:22,990 [Worker-60: Building] INFO  o.a.m.s.f.DefaultMavenResourcesFiltering - Copying 0 resource from src\main\resources to target\classes
2025-04-07 15:10:22,993 [Worker-60: Building] INFO  o.a.m.s.f.DefaultMavenResourcesFiltering - skip non existing resourceDirectory C:\src\proyectobomber\JavaWorskpace\bombero\src\test\resources
2025-04-07 15:10:57,955 [Worker-64: Building] INFO  o.a.m.s.f.DefaultMavenResourcesFiltering - Copying 1 resource from src\main\resources to target\classes
2025-04-07 15:10:57,960 [Worker-64: Building] INFO  o.a.m.s.f.DefaultMavenResourcesFiltering - Copying 0 resource from src\main\resources to target\classes
2025-04-07 15:10:57,964 [Worker-64: Building] INFO  o.a.m.s.f.DefaultMavenResourcesFiltering - skip non existing resourceDirectory C:\src\proyectobomber\JavaWorskpace\bombero\src\test\resources
2025-04-07 15:11:25,952 [Worker-63: Building] INFO  o.a.m.s.f.DefaultMavenResourcesFiltering - Copying 1 resource from src\main\resources to target\classes
2025-04-07 15:11:25,961 [Worker-63: Building] INFO  o.a.m.s.f.DefaultMavenResourcesFiltering - Copying 0 resource from src\main\resources to target\classes
2025-04-07 15:11:25,966 [Worker-63: Building] INFO  o.a.m.s.f.DefaultMavenResourcesFiltering - skip non existing resourceDirectory C:\src\proyectobomber\JavaWorskpace\bombero\src\test\resources
2025-04-07 15:11:52,104 [Worker-65: Building] INFO  o.a.m.s.f.DefaultMavenResourcesFiltering - Copying 1 resource from src\main\resources to target\classes
2025-04-07 15:11:52,107 [Worker-65: Building] INFO  o.a.m.s.f.DefaultMavenResourcesFiltering - Copying 0 resource from src\main\resources to target\classes
2025-04-07 15:11:52,109 [Worker-65: Building] INFO  o.a.m.s.f.DefaultMavenResourcesFiltering - skip non existing resourceDirectory C:\src\proyectobomber\JavaWorskpace\bombero\src\test\resources
2025-04-07 15:12:24,764 [Worker-64: Building] INFO  o.a.m.s.f.DefaultMavenResourcesFiltering - Copying 1 resource from src\main\resources to target\classes
2025-04-07 15:12:24,768 [Worker-64: Building] INFO  o.a.m.s.f.DefaultMavenResourcesFiltering - Copying 0 resource from src\main\resources to target\classes
2025-04-07 15:12:24,770 [Worker-64: Building] INFO  o.a.m.s.f.DefaultMavenResourcesFiltering - skip non existing resourceDirectory C:\src\proyectobomber\JavaWorskpace\bombero\src\test\resources
2025-04-07 15:12:49,346 [Worker-64: Building] INFO  o.a.m.s.f.DefaultMavenResourcesFiltering - Copying 1 resource from src\main\resources to target\classes
2025-04-07 15:12:49,353 [Worker-64: Building] INFO  o.a.m.s.f.DefaultMavenResourcesFiltering - Copying 0 resource from src\main\resources to target\classes
2025-04-07 15:12:49,355 [Worker-64: Building] INFO  o.a.m.s.f.DefaultMavenResourcesFiltering - skip non existing resourceDirectory C:\src\proyectobomber\JavaWorskpace\bombero\src\test\resources
2025-04-07 15:13:18,179 [Worker-64: Building] INFO  o.a.m.s.f.DefaultMavenResourcesFiltering - Copying 1 resource from src\main\resources to target\classes
2025-04-07 15:13:18,182 [Worker-64: Building] INFO  o.a.m.s.f.DefaultMavenResourcesFiltering - Copying 0 resource from src\main\resources to target\classes
2025-04-07 15:13:18,185 [Worker-64: Building] INFO  o.a.m.s.f.DefaultMavenResourcesFiltering - skip non existing resourceDirectory C:\src\proyectobomber\JavaWorskpace\bombero\src\test\resources
2025-04-07 15:30:49,036 [Worker-63: Building] INFO  o.a.m.s.f.DefaultMavenResourcesFiltering - Copying 1 resource from src\main\resources to target\classes
2025-04-07 15:30:49,049 [Worker-63: Building] INFO  o.a.m.s.f.DefaultMavenResourcesFiltering - Copying 0 resource from src\main\resources to target\classes
2025-04-07 15:30:49,051 [Worker-63: Building] INFO  o.a.m.s.f.DefaultMavenResourcesFiltering - skip non existing resourceDirectory C:\src\proyectobomber\JavaWorskpace\bombero\src\test\resources
2025-04-07 15:34:21,176 [Worker-70: Building] INFO  o.a.m.s.f.DefaultMavenResourcesFiltering - Copying 1 resource from src\main\resources to target\classes
2025-04-07 15:34:21,181 [Worker-70: Building] INFO  o.a.m.s.f.DefaultMavenResourcesFiltering - Copying 0 resource from src\main\resources to target\classes
2025-04-07 15:34:21,183 [Worker-70: Building] INFO  o.a.m.s.f.DefaultMavenResourcesFiltering - skip non existing resourceDirectory C:\src\proyectobomber\JavaWorskpace\bombero\src\test\resources
2025-04-07 15:41:22,599 [Worker-63: Building] INFO  o.a.m.s.f.DefaultMavenResourcesFiltering - Copying 1 resource from src\main\resources to target\classes
2025-04-07 15:41:22,609 [Worker-63: Building] INFO  o.a.m.s.f.DefaultMavenResourcesFiltering - Copying 0 resource from src\main\resources to target\classes
2025-04-07 15:41:22,612 [Worker-63: Building] INFO  o.a.m.s.f.DefaultMavenResourcesFiltering - skip non existing resourceDirectory C:\src\proyectobomber\JavaWorskpace\bombero\src\test\resources
2025-04-07 15:41:32,472 [Worker-71: Building] INFO  o.a.m.s.f.DefaultMavenResourcesFiltering - Copying 1 resource from src\main\resources to target\classes
2025-04-07 15:41:32,476 [Worker-71: Building] INFO  o.a.m.s.f.DefaultMavenResourcesFiltering - Copying 0 resource from src\main\resources to target\classes
2025-04-07 15:41:32,478 [Worker-71: Building] INFO  o.a.m.s.f.DefaultMavenResourcesFiltering - skip non existing resourceDirectory C:\src\proyectobomber\JavaWorskpace\bombero\src\test\resources
2025-04-07 15:41:49,358 [Worker-73: Building] INFO  o.a.m.s.f.DefaultMavenResourcesFiltering - Copying 1 resource from src\main\resources to target\classes
2025-04-07 15:41:49,362 [Worker-73: Building] INFO  o.a.m.s.f.DefaultMavenResourcesFiltering - Copying 0 resource from src\main\resources to target\classes
2025-04-07 15:41:49,364 [Worker-73: Building] INFO  o.a.m.s.f.DefaultMavenResourcesFiltering - skip non existing resourceDirectory C:\src\proyectobomber\JavaWorskpace\bombero\src\test\resources
2025-04-07 15:42:51,046 [Worker-71: Building] INFO  o.a.m.s.f.DefaultMavenResourcesFiltering - Copying 1 resource from src\main\resources to target\classes
2025-04-07 15:42:51,049 [Worker-71: Building] INFO  o.a.m.s.f.DefaultMavenResourcesFiltering - Copying 0 resource from src\main\resources to target\classes
2025-04-07 15:42:51,052 [Worker-71: Building] INFO  o.a.m.s.f.DefaultMavenResourcesFiltering - skip non existing resourceDirectory C:\src\proyectobomber\JavaWorskpace\bombero\src\test\resources
2025-04-07 15:54:56,243 [Worker-77: Building] INFO  o.a.m.s.f.DefaultMavenResourcesFiltering - Copying 1 resource from src\main\resources to target\classes
2025-04-07 15:54:56,249 [Worker-77: Building] INFO  o.a.m.s.f.DefaultMavenResourcesFiltering - Copying 0 resource from src\main\resources to target\classes
2025-04-07 15:54:56,250 [Worker-77: Building] INFO  o.a.m.s.f.DefaultMavenResourcesFiltering - skip non existing resourceDirectory C:\src\proyectobomber\JavaWorskpace\bombero\src\test\resources
2025-04-07 15:54:59,050 [Worker-78: Building] INFO  o.a.m.s.f.DefaultMavenResourcesFiltering - Copying 1 resource from src\main\resources to target\classes
2025-04-07 15:54:59,056 [Worker-78: Building] INFO  o.a.m.s.f.DefaultMavenResourcesFiltering - Copying 0 resource from src\main\resources to target\classes
2025-04-07 15:54:59,058 [Worker-78: Building] INFO  o.a.m.s.f.DefaultMavenResourcesFiltering - skip non existing resourceDirectory C:\src\proyectobomber\JavaWorskpace\bombero\src\test\resources
2025-04-07 15:55:45,884 [Worker-80: Building] INFO  o.a.m.s.f.DefaultMavenResourcesFiltering - Copying 1 resource from src\main\resources to target\classes
2025-04-07 15:55:45,889 [Worker-80: Building] INFO  o.a.m.s.f.DefaultMavenResourcesFiltering - Copying 0 resource from src\main\resources to target\classes
2025-04-07 15:55:45,891 [Worker-80: Building] INFO  o.a.m.s.f.DefaultMavenResourcesFiltering - skip non existing resourceDirectory C:\src\proyectobomber\JavaWorskpace\bombero\src\test\resources
2025-04-07 15:55:52,208 [Worker-80: Building] INFO  o.a.m.s.f.DefaultMavenResourcesFiltering - Copying 1 resource from src\main\resources to target\classes
2025-04-07 15:55:52,212 [Worker-80: Building] INFO  o.a.m.s.f.DefaultMavenResourcesFiltering - Copying 0 resource from src\main\resources to target\classes
2025-04-07 15:55:52,214 [Worker-80: Building] INFO  o.a.m.s.f.DefaultMavenResourcesFiltering - skip non existing resourceDirectory C:\src\proyectobomber\JavaWorskpace\bombero\src\test\resources
2025-04-07 20:31:24,017 [Worker-6: Loading available Gradle versions] INFO  o.e.b.c.i.u.g.PublishedGradleVersions - Gradle version information cache is out-of-date. Trying to update.
2025-04-07 20:31:25,118 [Worker-6: Loading available Gradle versions] ERROR o.e.b.c.i.u.g.PublishedGradleVersions - Cannot write Gradle version information cache file.
java.io.FileNotFoundException: C:\Users\user\.cache\tooling\gradle\versions.json (Acceso denegado)
	at java.base/java.io.FileOutputStream.open0(Native Method)
	at java.base/java.io.FileOutputStream.open(FileOutputStream.java:289)
	at java.base/java.io.FileOutputStream.<init>(FileOutputStream.java:230)
	at com.google.common.io.Files$FileByteSink.openStream(Files.java:197)
	at com.google.common.io.Files$FileByteSink.openStream(Files.java:185)
	at com.google.common.io.ByteSink$AsCharSink.openStream(ByteSink.java:152)
	at com.google.common.io.CharSource$StringCharSource.copyTo(CharSource.java:662)
	at org.eclipse.buildship.core.internal.util.gradle.PublishedGradleVersions.storeCacheVersionsFile(PublishedGradleVersions.java:184)
	at org.eclipse.buildship.core.internal.util.gradle.PublishedGradleVersions.tryToDownloadAndCacheVersions(PublishedGradleVersions.java:150)
	at org.eclipse.buildship.core.internal.util.gradle.PublishedGradleVersions.tryToUpdateOutdatedVersionsFile(PublishedGradleVersions.java:133)
	at org.eclipse.buildship.core.internal.util.gradle.PublishedGradleVersions.create(PublishedGradleVersions.java:117)
	at org.eclipse.buildship.core.internal.util.gradle.PublishedGradleVersionsWrapper$LoadVersionsJob.run(PublishedGradleVersionsWrapper.java:73)
	at org.eclipse.core.internal.jobs.Worker.run(Worker.java:63)
2025-04-07 20:42:10,312 [Worker-24: Building] INFO  o.a.m.s.f.DefaultMavenResourcesFiltering - Copying 1 resource from src\main\resources to target\classes
2025-04-07 20:42:10,330 [Worker-24: Building] INFO  o.a.m.s.f.DefaultMavenResourcesFiltering - Copying 0 resource from src\main\resources to target\classes
2025-04-07 20:42:10,335 [Worker-24: Building] INFO  o.a.m.s.f.DefaultMavenResourcesFiltering - skip non existing resourceDirectory C:\src\proyectobomber\JavaWorskpace\bombero\src\test\resources
2025-04-07 20:42:18,280 [Worker-24: Building] INFO  o.a.m.s.f.DefaultMavenResourcesFiltering - Copying 1 resource from src\main\resources to target\classes
2025-04-07 20:42:18,285 [Worker-24: Building] INFO  o.a.m.s.f.DefaultMavenResourcesFiltering - Copying 0 resource from src\main\resources to target\classes
2025-04-07 20:42:18,289 [Worker-24: Building] INFO  o.a.m.s.f.DefaultMavenResourcesFiltering - skip non existing resourceDirectory C:\src\proyectobomber\JavaWorskpace\bombero\src\test\resources
2025-04-07 20:43:38,358 [Worker-27: Building] INFO  o.a.m.s.f.DefaultMavenResourcesFiltering - Copying 1 resource from src\main\resources to target\classes
2025-04-07 20:43:38,362 [Worker-27: Building] INFO  o.a.m.s.f.DefaultMavenResourcesFiltering - Copying 0 resource from src\main\resources to target\classes
2025-04-07 20:43:38,365 [Worker-27: Building] INFO  o.a.m.s.f.DefaultMavenResourcesFiltering - skip non existing resourceDirectory C:\src\proyectobomber\JavaWorskpace\bombero\src\test\resources
2025-04-07 20:50:33,992 [Worker-30: Building] INFO  o.a.m.s.f.DefaultMavenResourcesFiltering - Copying 1 resource from src\main\resources to target\classes
2025-04-07 20:50:33,998 [Worker-30: Building] INFO  o.a.m.s.f.DefaultMavenResourcesFiltering - Copying 0 resource from src\main\resources to target\classes
2025-04-07 20:50:34,001 [Worker-30: Building] INFO  o.a.m.s.f.DefaultMavenResourcesFiltering - skip non existing resourceDirectory C:\src\proyectobomber\JavaWorskpace\bombero\src\test\resources
2025-04-07 20:51:04,166 [Worker-33: Building] INFO  o.a.m.s.f.DefaultMavenResourcesFiltering - Copying 1 resource from src\main\resources to target\classes
2025-04-07 20:51:04,171 [Worker-33: Building] INFO  o.a.m.s.f.DefaultMavenResourcesFiltering - Copying 0 resource from src\main\resources to target\classes
2025-04-07 20:51:04,176 [Worker-33: Building] INFO  o.a.m.s.f.DefaultMavenResourcesFiltering - skip non existing resourceDirectory C:\src\proyectobomber\JavaWorskpace\bombero\src\test\resources
2025-04-07 20:51:14,452 [Worker-32: Building] INFO  o.a.m.s.f.DefaultMavenResourcesFiltering - Copying 1 resource from src\main\resources to target\classes
2025-04-07 20:51:14,457 [Worker-32: Building] INFO  o.a.m.s.f.DefaultMavenResourcesFiltering - Copying 0 resource from src\main\resources to target\classes
2025-04-07 20:51:14,460 [Worker-32: Building] INFO  o.a.m.s.f.DefaultMavenResourcesFiltering - skip non existing resourceDirectory C:\src\proyectobomber\JavaWorskpace\bombero\src\test\resources
2025-04-07 20:54:36,300 [Worker-36: Building] INFO  o.a.m.s.f.DefaultMavenResourcesFiltering - Copying 1 resource from src\main\resources to target\classes
2025-04-07 20:54:36,304 [Worker-36: Building] INFO  o.a.m.s.f.DefaultMavenResourcesFiltering - Copying 0 resource from src\main\resources to target\classes
2025-04-07 20:54:36,306 [Worker-36: Building] INFO  o.a.m.s.f.DefaultMavenResourcesFiltering - skip non existing resourceDirectory C:\src\proyectobomber\JavaWorskpace\bombero\src\test\resources
2025-04-07 21:44:53,875 [Worker-40: Building] INFO  o.a.m.s.f.DefaultMavenResourcesFiltering - Copying 1 resource from src\main\resources to target\classes
2025-04-07 21:44:53,883 [Worker-40: Building] INFO  o.a.m.s.f.DefaultMavenResourcesFiltering - Copying 0 resource from src\main\resources to target\classes
2025-04-07 21:44:53,886 [Worker-40: Building] INFO  o.a.m.s.f.DefaultMavenResourcesFiltering - skip non existing resourceDirectory C:\src\proyectobomber\JavaWorskpace\bombero\src\test\resources
2025-04-07 21:45:15,440 [Worker-42: Building] INFO  o.a.m.s.f.DefaultMavenResourcesFiltering - Copying 1 resource from src\main\resources to target\classes
2025-04-07 21:45:15,444 [Worker-42: Building] INFO  o.a.m.s.f.DefaultMavenResourcesFiltering - Copying 0 resource from src\main\resources to target\classes
2025-04-07 21:45:15,446 [Worker-42: Building] INFO  o.a.m.s.f.DefaultMavenResourcesFiltering - skip non existing resourceDirectory C:\src\proyectobomber\JavaWorskpace\bombero\src\test\resources
2025-04-07 21:45:32,927 [Worker-41: Building] INFO  o.a.m.s.f.DefaultMavenResourcesFiltering - Copying 1 resource from src\main\resources to target\classes
2025-04-07 21:45:32,931 [Worker-41: Building] INFO  o.a.m.s.f.DefaultMavenResourcesFiltering - Copying 0 resource from src\main\resources to target\classes
2025-04-07 21:45:32,934 [Worker-41: Building] INFO  o.a.m.s.f.DefaultMavenResourcesFiltering - skip non existing resourceDirectory C:\src\proyectobomber\JavaWorskpace\bombero\src\test\resources
2025-04-07 21:47:08,629 [Worker-40: Building] INFO  o.a.m.s.f.DefaultMavenResourcesFiltering - Copying 1 resource from src\main\resources to target\classes
2025-04-07 21:47:08,634 [Worker-40: Building] INFO  o.a.m.s.f.DefaultMavenResourcesFiltering - Copying 0 resource from src\main\resources to target\classes
2025-04-07 21:47:08,637 [Worker-40: Building] INFO  o.a.m.s.f.DefaultMavenResourcesFiltering - skip non existing resourceDirectory C:\src\proyectobomber\JavaWorskpace\bombero\src\test\resources
2025-04-07 21:47:58,896 [Worker-44: Building] INFO  o.a.m.s.f.DefaultMavenResourcesFiltering - Copying 1 resource from src\main\resources to target\classes
2025-04-07 21:47:58,900 [Worker-44: Building] INFO  o.a.m.s.f.DefaultMavenResourcesFiltering - Copying 0 resource from src\main\resources to target\classes
2025-04-07 21:47:58,903 [Worker-44: Building] INFO  o.a.m.s.f.DefaultMavenResourcesFiltering - skip non existing resourceDirectory C:\src\proyectobomber\JavaWorskpace\bombero\src\test\resources
2025-04-07 21:48:34,429 [Worker-47: Building] INFO  o.a.m.s.f.DefaultMavenResourcesFiltering - Copying 1 resource from src\main\resources to target\classes
2025-04-07 21:48:34,433 [Worker-47: Building] INFO  o.a.m.s.f.DefaultMavenResourcesFiltering - Copying 0 resource from src\main\resources to target\classes
2025-04-07 21:48:34,435 [Worker-47: Building] INFO  o.a.m.s.f.DefaultMavenResourcesFiltering - skip non existing resourceDirectory C:\src\proyectobomber\JavaWorskpace\bombero\src\test\resources
2025-04-07 21:48:49,182 [Worker-46: Building] INFO  o.a.m.s.f.DefaultMavenResourcesFiltering - Copying 1 resource from src\main\resources to target\classes
2025-04-07 21:48:49,186 [Worker-46: Building] INFO  o.a.m.s.f.DefaultMavenResourcesFiltering - Copying 0 resource from src\main\resources to target\classes
2025-04-07 21:48:49,189 [Worker-46: Building] INFO  o.a.m.s.f.DefaultMavenResourcesFiltering - skip non existing resourceDirectory C:\src\proyectobomber\JavaWorskpace\bombero\src\test\resources
2025-04-07 21:49:18,100 [Worker-46: Building] INFO  o.a.m.s.f.DefaultMavenResourcesFiltering - Copying 1 resource from src\main\resources to target\classes
2025-04-07 21:49:18,106 [Worker-46: Building] INFO  o.a.m.s.f.DefaultMavenResourcesFiltering - Copying 0 resource from src\main\resources to target\classes
2025-04-07 21:49:18,109 [Worker-46: Building] INFO  o.a.m.s.f.DefaultMavenResourcesFiltering - skip non existing resourceDirectory C:\src\proyectobomber\JavaWorskpace\bombero\src\test\resources
2025-04-07 21:49:40,623 [Worker-47: Building] INFO  o.a.m.s.f.DefaultMavenResourcesFiltering - Copying 1 resource from src\main\resources to target\classes
2025-04-07 21:49:40,629 [Worker-47: Building] INFO  o.a.m.s.f.DefaultMavenResourcesFiltering - Copying 0 resource from src\main\resources to target\classes
2025-04-07 21:49:40,631 [Worker-47: Building] INFO  o.a.m.s.f.DefaultMavenResourcesFiltering - skip non existing resourceDirectory C:\src\proyectobomber\JavaWorskpace\bombero\src\test\resources
2025-04-07 21:50:13,458 [Worker-48: Building] INFO  o.a.m.s.f.DefaultMavenResourcesFiltering - Copying 1 resource from src\main\resources to target\classes
2025-04-07 21:50:13,461 [Worker-48: Building] INFO  o.a.m.s.f.DefaultMavenResourcesFiltering - Copying 0 resource from src\main\resources to target\classes
2025-04-07 21:50:13,464 [Worker-48: Building] INFO  o.a.m.s.f.DefaultMavenResourcesFiltering - skip non existing resourceDirectory C:\src\proyectobomber\JavaWorskpace\bombero\src\test\resources
2025-04-07 21:50:17,783 [Worker-47: Building] INFO  o.a.m.s.f.DefaultMavenResourcesFiltering - Copying 1 resource from src\main\resources to target\classes
2025-04-07 21:50:17,786 [Worker-47: Building] INFO  o.a.m.s.f.DefaultMavenResourcesFiltering - Copying 0 resource from src\main\resources to target\classes
2025-04-07 21:50:17,788 [Worker-47: Building] INFO  o.a.m.s.f.DefaultMavenResourcesFiltering - skip non existing resourceDirectory C:\src\proyectobomber\JavaWorskpace\bombero\src\test\resources
2025-04-07 21:50:24,243 [Worker-45: Building] INFO  o.a.m.s.f.DefaultMavenResourcesFiltering - Copying 1 resource from src\main\resources to target\classes
2025-04-07 21:50:24,247 [Worker-45: Building] INFO  o.a.m.s.f.DefaultMavenResourcesFiltering - Copying 0 resource from src\main\resources to target\classes
2025-04-07 21:50:24,249 [Worker-45: Building] INFO  o.a.m.s.f.DefaultMavenResourcesFiltering - skip non existing resourceDirectory C:\src\proyectobomber\JavaWorskpace\bombero\src\test\resources
2025-04-07 21:50:30,232 [Worker-44: Building] INFO  o.a.m.s.f.DefaultMavenResourcesFiltering - Copying 1 resource from src\main\resources to target\classes
2025-04-07 21:50:30,235 [Worker-44: Building] INFO  o.a.m.s.f.DefaultMavenResourcesFiltering - Copying 0 resource from src\main\resources to target\classes
2025-04-07 21:50:30,238 [Worker-44: Building] INFO  o.a.m.s.f.DefaultMavenResourcesFiltering - skip non existing resourceDirectory C:\src\proyectobomber\JavaWorskpace\bombero\src\test\resources
2025-04-07 22:11:03,735 [Worker-46: Building] INFO  o.a.m.s.f.DefaultMavenResourcesFiltering - Copying 1 resource from src\main\resources to target\classes
2025-04-07 22:11:03,749 [Worker-46: Building] INFO  o.a.m.s.f.DefaultMavenResourcesFiltering - Copying 0 resource from src\main\resources to target\classes
2025-04-07 22:11:03,757 [Worker-46: Building] INFO  o.a.m.s.f.DefaultMavenResourcesFiltering - skip non existing resourceDirectory C:\src\proyectobomber\JavaWorskpace\bombero\src\test\resources
2025-04-07 22:11:28,783 [Worker-46: Building] INFO  o.a.m.s.f.DefaultMavenResourcesFiltering - Copying 1 resource from src\main\resources to target\classes
2025-04-07 22:11:28,788 [Worker-46: Building] INFO  o.a.m.s.f.DefaultMavenResourcesFiltering - Copying 0 resource from src\main\resources to target\classes
2025-04-07 22:11:28,791 [Worker-46: Building] INFO  o.a.m.s.f.DefaultMavenResourcesFiltering - skip non existing resourceDirectory C:\src\proyectobomber\JavaWorskpace\bombero\src\test\resources
2025-04-07 22:11:38,655 [Worker-51: Building] INFO  o.a.m.s.f.DefaultMavenResourcesFiltering - Copying 1 resource from src\main\resources to target\classes
2025-04-07 22:11:38,658 [Worker-51: Building] INFO  o.a.m.s.f.DefaultMavenResourcesFiltering - Copying 0 resource from src\main\resources to target\classes
2025-04-07 22:11:38,660 [Worker-51: Building] INFO  o.a.m.s.f.DefaultMavenResourcesFiltering - skip non existing resourceDirectory C:\src\proyectobomber\JavaWorskpace\bombero\src\test\resources
2025-04-07 22:18:34,893 [Worker-8: Building] INFO  o.a.m.s.f.DefaultMavenResourcesFiltering - Copying 1 resource from src\main\resources to target\classes
2025-04-07 22:18:34,898 [Worker-8: Building] INFO  o.a.m.s.f.DefaultMavenResourcesFiltering - Copying 0 resource from src\main\resources to target\classes
2025-04-07 22:18:34,900 [Worker-8: Building] INFO  o.a.m.s.f.DefaultMavenResourcesFiltering - skip non existing resourceDirectory C:\src\proyectobomber\JavaWorskpace\bombero\src\test\resources
2025-04-07 22:23:17,605 [Worker-61: Building] INFO  o.a.m.s.f.DefaultMavenResourcesFiltering - Copying 1 resource from src\main\resources to target\classes
2025-04-07 22:23:17,610 [Worker-61: Building] INFO  o.a.m.s.f.DefaultMavenResourcesFiltering - Copying 0 resource from src\main\resources to target\classes
2025-04-07 22:23:17,612 [Worker-61: Building] INFO  o.a.m.s.f.DefaultMavenResourcesFiltering - skip non existing resourceDirectory C:\src\proyectobomber\JavaWorskpace\bombero\src\test\resources
2025-04-07 22:23:47,532 [Worker-60: Building] INFO  o.a.m.s.f.DefaultMavenResourcesFiltering - Copying 1 resource from src\main\resources to target\classes
2025-04-07 22:23:47,536 [Worker-60: Building] INFO  o.a.m.s.f.DefaultMavenResourcesFiltering - Copying 0 resource from src\main\resources to target\classes
2025-04-07 22:23:47,539 [Worker-60: Building] INFO  o.a.m.s.f.DefaultMavenResourcesFiltering - skip non existing resourceDirectory C:\src\proyectobomber\JavaWorskpace\bombero\src\test\resources
2025-04-07 22:24:03,594 [Worker-57: Building] INFO  o.a.m.s.f.DefaultMavenResourcesFiltering - Copying 1 resource from src\main\resources to target\classes
2025-04-07 22:24:03,597 [Worker-57: Building] INFO  o.a.m.s.f.DefaultMavenResourcesFiltering - Copying 0 resource from src\main\resources to target\classes
2025-04-07 22:24:03,600 [Worker-57: Building] INFO  o.a.m.s.f.DefaultMavenResourcesFiltering - skip non existing resourceDirectory C:\src\proyectobomber\JavaWorskpace\bombero\src\test\resources
2025-04-07 22:24:12,278 [Worker-57: Building] INFO  o.a.m.s.f.DefaultMavenResourcesFiltering - Copying 1 resource from src\main\resources to target\classes
2025-04-07 22:24:12,281 [Worker-57: Building] INFO  o.a.m.s.f.DefaultMavenResourcesFiltering - Copying 0 resource from src\main\resources to target\classes
2025-04-07 22:24:12,283 [Worker-57: Building] INFO  o.a.m.s.f.DefaultMavenResourcesFiltering - skip non existing resourceDirectory C:\src\proyectobomber\JavaWorskpace\bombero\src\test\resources
2025-04-08 07:09:47,693 [Worker-7: Loading available Gradle versions] INFO  o.e.b.c.i.u.g.PublishedGradleVersions - Gradle version information cache is out-of-date. Trying to update.
2025-04-08 07:09:48,673 [Worker-7: Loading available Gradle versions] ERROR o.e.b.c.i.u.g.PublishedGradleVersions - Cannot write Gradle version information cache file.
java.io.FileNotFoundException: C:\Users\user\.cache\tooling\gradle\versions.json (Acceso denegado)
	at java.base/java.io.FileOutputStream.open0(Native Method)
	at java.base/java.io.FileOutputStream.open(FileOutputStream.java:289)
	at java.base/java.io.FileOutputStream.<init>(FileOutputStream.java:230)
	at com.google.common.io.Files$FileByteSink.openStream(Files.java:197)
	at com.google.common.io.Files$FileByteSink.openStream(Files.java:185)
	at com.google.common.io.ByteSink$AsCharSink.openStream(ByteSink.java:152)
	at com.google.common.io.CharSource$StringCharSource.copyTo(CharSource.java:662)
	at org.eclipse.buildship.core.internal.util.gradle.PublishedGradleVersions.storeCacheVersionsFile(PublishedGradleVersions.java:184)
	at org.eclipse.buildship.core.internal.util.gradle.PublishedGradleVersions.tryToDownloadAndCacheVersions(PublishedGradleVersions.java:150)
	at org.eclipse.buildship.core.internal.util.gradle.PublishedGradleVersions.tryToUpdateOutdatedVersionsFile(PublishedGradleVersions.java:133)
	at org.eclipse.buildship.core.internal.util.gradle.PublishedGradleVersions.create(PublishedGradleVersions.java:117)
	at org.eclipse.buildship.core.internal.util.gradle.PublishedGradleVersionsWrapper$LoadVersionsJob.run(PublishedGradleVersionsWrapper.java:73)
	at org.eclipse.core.internal.jobs.Worker.run(Worker.java:63)
2025-04-08 07:21:21,553 [Worker-6: Building] INFO  o.a.m.s.f.DefaultMavenResourcesFiltering - Copying 1 resource from src\main\resources to target\classes
2025-04-08 07:21:21,576 [Worker-6: Building] INFO  o.a.m.s.f.DefaultMavenResourcesFiltering - Copying 0 resource from src\main\resources to target\classes
2025-04-08 07:21:21,585 [Worker-6: Building] INFO  o.a.m.s.f.DefaultMavenResourcesFiltering - skip non existing resourceDirectory C:\src\proyectobomber\JavaWorskpace\bombero\src\test\resources
2025-04-08 07:58:41,476 [Worker-26: Building] INFO  o.a.m.s.f.DefaultMavenResourcesFiltering - Copying 1 resource from src\main\resources to target\classes
2025-04-08 07:58:41,486 [Worker-26: Building] INFO  o.a.m.s.f.DefaultMavenResourcesFiltering - Copying 0 resource from src\main\resources to target\classes
2025-04-08 07:58:41,495 [Worker-26: Building] INFO  o.a.m.s.f.DefaultMavenResourcesFiltering - skip non existing resourceDirectory C:\src\proyectobomber\JavaWorskpace\bombero\src\test\resources
2025-04-08 08:02:16,982 [Worker-6: Building] INFO  o.a.m.s.f.DefaultMavenResourcesFiltering - Copying 1 resource from src\main\resources to target\classes
2025-04-08 08:02:16,990 [Worker-6: Building] INFO  o.a.m.s.f.DefaultMavenResourcesFiltering - Copying 0 resource from src\main\resources to target\classes
2025-04-08 08:02:17,001 [Worker-6: Building] INFO  o.a.m.s.f.DefaultMavenResourcesFiltering - skip non existing resourceDirectory C:\src\proyectobomber\JavaWorskpace\bombero\src\test\resources
2025-04-08 09:18:01,686 [Worker-36: Building] INFO  o.a.m.s.f.DefaultMavenResourcesFiltering - Copying 1 resource from src\main\resources to target\classes
2025-04-08 09:18:01,695 [Worker-36: Building] INFO  o.a.m.s.f.DefaultMavenResourcesFiltering - Copying 0 resource from src\main\resources to target\classes
2025-04-08 09:18:01,701 [Worker-36: Building] INFO  o.a.m.s.f.DefaultMavenResourcesFiltering - skip non existing resourceDirectory C:\src\proyectobomber\JavaWorskpace\bombero\src\test\resources
2025-04-08 09:18:13,145 [Worker-34: Building] INFO  o.a.m.s.f.DefaultMavenResourcesFiltering - Copying 1 resource from src\main\resources to target\classes
2025-04-08 09:18:13,150 [Worker-34: Building] INFO  o.a.m.s.f.DefaultMavenResourcesFiltering - Copying 0 resource from src\main\resources to target\classes
2025-04-08 09:18:13,156 [Worker-34: Building] INFO  o.a.m.s.f.DefaultMavenResourcesFiltering - skip non existing resourceDirectory C:\src\proyectobomber\JavaWorskpace\bombero\src\test\resources
2025-04-08 09:22:02,915 [Worker-40: Building] INFO  o.a.m.s.f.DefaultMavenResourcesFiltering - Copying 1 resource from src\main\resources to target\classes
2025-04-08 09:22:02,926 [Worker-40: Building] INFO  o.a.m.s.f.DefaultMavenResourcesFiltering - Copying 0 resource from src\main\resources to target\classes
2025-04-08 09:22:02,934 [Worker-40: Building] INFO  o.a.m.s.f.DefaultMavenResourcesFiltering - skip non existing resourceDirectory C:\src\proyectobomber\JavaWorskpace\bombero\src\test\resources
2025-04-08 09:25:35,808 [Worker-36: Building] INFO  o.a.m.s.f.DefaultMavenResourcesFiltering - Copying 1 resource from src\main\resources to target\classes
2025-04-08 09:25:35,814 [Worker-36: Building] INFO  o.a.m.s.f.DefaultMavenResourcesFiltering - Copying 0 resource from src\main\resources to target\classes
2025-04-08 09:25:35,818 [Worker-36: Building] INFO  o.a.m.s.f.DefaultMavenResourcesFiltering - skip non existing resourceDirectory C:\src\proyectobomber\JavaWorskpace\bombero\src\test\resources
2025-04-08 09:44:04,067 [Worker-43: Building] INFO  o.a.m.s.f.DefaultMavenResourcesFiltering - Copying 1 resource from src\main\resources to target\classes
2025-04-08 09:44:04,073 [Worker-43: Building] INFO  o.a.m.s.f.DefaultMavenResourcesFiltering - Copying 0 resource from src\main\resources to target\classes
2025-04-08 09:44:04,078 [Worker-43: Building] INFO  o.a.m.s.f.DefaultMavenResourcesFiltering - skip non existing resourceDirectory C:\src\proyectobomber\JavaWorskpace\bombero\src\test\resources
2025-04-08 09:46:11,819 [Worker-49: Building] INFO  o.a.m.s.f.DefaultMavenResourcesFiltering - Copying 1 resource from src\main\resources to target\classes
2025-04-08 09:46:11,826 [Worker-49: Building] INFO  o.a.m.s.f.DefaultMavenResourcesFiltering - Copying 0 resource from src\main\resources to target\classes
2025-04-08 09:46:11,831 [Worker-49: Building] INFO  o.a.m.s.f.DefaultMavenResourcesFiltering - skip non existing resourceDirectory C:\src\proyectobomber\JavaWorskpace\bombero\src\test\resources
2025-04-08 09:46:15,895 [Worker-47: Building] INFO  o.a.m.s.f.DefaultMavenResourcesFiltering - Copying 1 resource from src\main\resources to target\classes
2025-04-08 09:46:15,899 [Worker-47: Building] INFO  o.a.m.s.f.DefaultMavenResourcesFiltering - Copying 0 resource from src\main\resources to target\classes
2025-04-08 09:46:15,902 [Worker-47: Building] INFO  o.a.m.s.f.DefaultMavenResourcesFiltering - skip non existing resourceDirectory C:\src\proyectobomber\JavaWorskpace\bombero\src\test\resources
2025-04-08 09:46:37,676 [Worker-49: Building] INFO  o.a.m.s.f.DefaultMavenResourcesFiltering - Copying 1 resource from src\main\resources to target\classes
2025-04-08 09:46:37,679 [Worker-49: Building] INFO  o.a.m.s.f.DefaultMavenResourcesFiltering - Copying 0 resource from src\main\resources to target\classes
2025-04-08 09:46:37,683 [Worker-49: Building] INFO  o.a.m.s.f.DefaultMavenResourcesFiltering - skip non existing resourceDirectory C:\src\proyectobomber\JavaWorskpace\bombero\src\test\resources
2025-04-08 09:46:55,973 [Worker-51: Building] INFO  o.a.m.s.f.DefaultMavenResourcesFiltering - Copying 1 resource from src\main\resources to target\classes
2025-04-08 09:46:55,976 [Worker-51: Building] INFO  o.a.m.s.f.DefaultMavenResourcesFiltering - Copying 0 resource from src\main\resources to target\classes
2025-04-08 09:46:55,979 [Worker-51: Building] INFO  o.a.m.s.f.DefaultMavenResourcesFiltering - skip non existing resourceDirectory C:\src\proyectobomber\JavaWorskpace\bombero\src\test\resources
2025-04-08 09:47:06,796 [Worker-45: Building] INFO  o.a.m.s.f.DefaultMavenResourcesFiltering - Copying 1 resource from src\main\resources to target\classes
2025-04-08 09:47:06,801 [Worker-45: Building] INFO  o.a.m.s.f.DefaultMavenResourcesFiltering - Copying 0 resource from src\main\resources to target\classes
2025-04-08 09:47:06,805 [Worker-45: Building] INFO  o.a.m.s.f.DefaultMavenResourcesFiltering - skip non existing resourceDirectory C:\src\proyectobomber\JavaWorskpace\bombero\src\test\resources
2025-04-08 09:47:16,707 [Worker-48: Building] INFO  o.a.m.s.f.DefaultMavenResourcesFiltering - Copying 1 resource from src\main\resources to target\classes
2025-04-08 09:47:16,710 [Worker-48: Building] INFO  o.a.m.s.f.DefaultMavenResourcesFiltering - Copying 0 resource from src\main\resources to target\classes
2025-04-08 09:47:16,715 [Worker-48: Building] INFO  o.a.m.s.f.DefaultMavenResourcesFiltering - skip non existing resourceDirectory C:\src\proyectobomber\JavaWorskpace\bombero\src\test\resources
2025-04-08 09:47:24,035 [Worker-48: Building] INFO  o.a.m.s.f.DefaultMavenResourcesFiltering - Copying 1 resource from src\main\resources to target\classes
2025-04-08 09:47:24,040 [Worker-48: Building] INFO  o.a.m.s.f.DefaultMavenResourcesFiltering - Copying 0 resource from src\main\resources to target\classes
2025-04-08 09:47:24,045 [Worker-48: Building] INFO  o.a.m.s.f.DefaultMavenResourcesFiltering - skip non existing resourceDirectory C:\src\proyectobomber\JavaWorskpace\bombero\src\test\resources
2025-04-08 09:47:58,730 [Worker-45: Building] INFO  o.a.m.s.f.DefaultMavenResourcesFiltering - Copying 1 resource from src\main\resources to target\classes
2025-04-08 09:47:58,735 [Worker-45: Building] INFO  o.a.m.s.f.DefaultMavenResourcesFiltering - Copying 0 resource from src\main\resources to target\classes
2025-04-08 09:47:58,741 [Worker-45: Building] INFO  o.a.m.s.f.DefaultMavenResourcesFiltering - skip non existing resourceDirectory C:\src\proyectobomber\JavaWorskpace\bombero\src\test\resources
2025-04-08 09:48:54,406 [Worker-51: Building] INFO  o.a.m.s.f.DefaultMavenResourcesFiltering - Copying 1 resource from src\main\resources to target\classes
2025-04-08 09:48:54,410 [Worker-51: Building] INFO  o.a.m.s.f.DefaultMavenResourcesFiltering - Copying 0 resource from src\main\resources to target\classes
2025-04-08 09:48:54,413 [Worker-51: Building] INFO  o.a.m.s.f.DefaultMavenResourcesFiltering - skip non existing resourceDirectory C:\src\proyectobomber\JavaWorskpace\bombero\src\test\resources
2025-04-08 09:49:05,795 [Worker-47: Building] INFO  o.a.m.s.f.DefaultMavenResourcesFiltering - Copying 1 resource from src\main\resources to target\classes
2025-04-08 09:49:05,799 [Worker-47: Building] INFO  o.a.m.s.f.DefaultMavenResourcesFiltering - Copying 0 resource from src\main\resources to target\classes
2025-04-08 09:49:05,802 [Worker-47: Building] INFO  o.a.m.s.f.DefaultMavenResourcesFiltering - skip non existing resourceDirectory C:\src\proyectobomber\JavaWorskpace\bombero\src\test\resources
2025-04-08 09:49:50,396 [Worker-47: Building] INFO  o.a.m.s.f.DefaultMavenResourcesFiltering - Copying 1 resource from src\main\resources to target\classes
2025-04-08 09:49:50,399 [Worker-47: Building] INFO  o.a.m.s.f.DefaultMavenResourcesFiltering - Copying 0 resource from src\main\resources to target\classes
2025-04-08 09:49:50,402 [Worker-47: Building] INFO  o.a.m.s.f.DefaultMavenResourcesFiltering - skip non existing resourceDirectory C:\src\proyectobomber\JavaWorskpace\bombero\src\test\resources
2025-04-08 09:49:52,514 [Worker-47: Building] INFO  o.a.m.s.f.DefaultMavenResourcesFiltering - Copying 1 resource from src\main\resources to target\classes
2025-04-08 09:49:52,517 [Worker-47: Building] INFO  o.a.m.s.f.DefaultMavenResourcesFiltering - Copying 0 resource from src\main\resources to target\classes
2025-04-08 09:49:52,519 [Worker-47: Building] INFO  o.a.m.s.f.DefaultMavenResourcesFiltering - skip non existing resourceDirectory C:\src\proyectobomber\JavaWorskpace\bombero\src\test\resources
2025-04-08 09:55:18,079 [Worker-48: Building] INFO  o.a.m.s.f.DefaultMavenResourcesFiltering - Copying 1 resource from src\main\resources to target\classes
2025-04-08 09:55:18,084 [Worker-48: Building] INFO  o.a.m.s.f.DefaultMavenResourcesFiltering - Copying 0 resource from src\main\resources to target\classes
2025-04-08 09:55:18,086 [Worker-48: Building] INFO  o.a.m.s.f.DefaultMavenResourcesFiltering - skip non existing resourceDirectory C:\src\proyectobomber\JavaWorskpace\bombero\src\test\resources
2025-04-08 10:52:09,234 [Worker-60: Building] INFO  o.a.m.s.f.DefaultMavenResourcesFiltering - Copying 1 resource from src\main\resources to target\classes
2025-04-08 10:52:09,267 [Worker-60: Building] INFO  o.a.m.s.f.DefaultMavenResourcesFiltering - Copying 0 resource from src\main\resources to target\classes
2025-04-08 10:52:09,272 [Worker-60: Building] INFO  o.a.m.s.f.DefaultMavenResourcesFiltering - skip non existing resourceDirectory C:\src\proyectobomber\JavaWorskpace\bombero\src\test\resources
2025-04-08 10:52:14,852 [Worker-48: Building] INFO  o.a.m.s.f.DefaultMavenResourcesFiltering - Copying 1 resource from src\main\resources to target\classes
2025-04-08 10:52:14,856 [Worker-48: Building] INFO  o.a.m.s.f.DefaultMavenResourcesFiltering - Copying 0 resource from src\main\resources to target\classes
2025-04-08 10:52:14,859 [Worker-48: Building] INFO  o.a.m.s.f.DefaultMavenResourcesFiltering - skip non existing resourceDirectory C:\src\proyectobomber\JavaWorskpace\bombero\src\test\resources
2025-04-08 13:55:22,850 [Worker-67: Building] INFO  o.a.m.s.f.DefaultMavenResourcesFiltering - Copying 1 resource from src\main\resources to target\classes
2025-04-08 13:55:22,869 [Worker-67: Building] INFO  o.a.m.s.f.DefaultMavenResourcesFiltering - Copying 0 resource from src\main\resources to target\classes
2025-04-08 13:55:22,873 [Worker-67: Building] INFO  o.a.m.s.f.DefaultMavenResourcesFiltering - skip non existing resourceDirectory C:\src\proyectobomber\JavaWorskpace\bombero\src\test\resources
2025-04-08 14:28:53,616 [Worker-74: Building] INFO  o.a.m.s.f.DefaultMavenResourcesFiltering - Copying 1 resource from src\main\resources to target\classes
2025-04-08 14:28:53,623 [Worker-74: Building] INFO  o.a.m.s.f.DefaultMavenResourcesFiltering - Copying 0 resource from src\main\resources to target\classes
2025-04-08 14:28:53,627 [Worker-74: Building] INFO  o.a.m.s.f.DefaultMavenResourcesFiltering - skip non existing resourceDirectory C:\src\proyectobomber\JavaWorskpace\bombero\src\test\resources
2025-04-08 14:30:47,639 [Worker-74: Building] INFO  o.a.m.s.f.DefaultMavenResourcesFiltering - Copying 1 resource from src\main\resources to target\classes
2025-04-08 14:30:47,641 [Worker-74: Building] INFO  o.a.m.s.f.DefaultMavenResourcesFiltering - Copying 0 resource from src\main\resources to target\classes
2025-04-08 14:30:47,644 [Worker-74: Building] INFO  o.a.m.s.f.DefaultMavenResourcesFiltering - skip non existing resourceDirectory C:\src\proyectobomber\JavaWorskpace\bombero\src\test\resources
2025-04-08 14:32:02,026 [Worker-69: Building] INFO  o.a.m.s.f.DefaultMavenResourcesFiltering - Copying 1 resource from src\main\resources to target\classes
2025-04-08 14:32:02,029 [Worker-69: Building] INFO  o.a.m.s.f.DefaultMavenResourcesFiltering - Copying 0 resource from src\main\resources to target\classes
2025-04-08 14:32:02,032 [Worker-69: Building] INFO  o.a.m.s.f.DefaultMavenResourcesFiltering - skip non existing resourceDirectory C:\src\proyectobomber\JavaWorskpace\bombero\src\test\resources
2025-04-08 14:32:08,313 [Worker-74: Building] INFO  o.a.m.s.f.DefaultMavenResourcesFiltering - Copying 1 resource from src\main\resources to target\classes
2025-04-08 14:32:08,316 [Worker-74: Building] INFO  o.a.m.s.f.DefaultMavenResourcesFiltering - Copying 0 resource from src\main\resources to target\classes
2025-04-08 14:32:08,318 [Worker-74: Building] INFO  o.a.m.s.f.DefaultMavenResourcesFiltering - skip non existing resourceDirectory C:\src\proyectobomber\JavaWorskpace\bombero\src\test\resources
2025-04-08 14:32:12,607 [Worker-77: Building] INFO  o.a.m.s.f.DefaultMavenResourcesFiltering - Copying 1 resource from src\main\resources to target\classes
2025-04-08 14:32:12,610 [Worker-77: Building] INFO  o.a.m.s.f.DefaultMavenResourcesFiltering - Copying 0 resource from src\main\resources to target\classes
2025-04-08 14:32:12,612 [Worker-77: Building] INFO  o.a.m.s.f.DefaultMavenResourcesFiltering - skip non existing resourceDirectory C:\src\proyectobomber\JavaWorskpace\bombero\src\test\resources
2025-04-08 14:33:07,722 [Worker-77: Building] INFO  o.a.m.s.f.DefaultMavenResourcesFiltering - Copying 1 resource from src\main\resources to target\classes
2025-04-08 14:33:07,726 [Worker-77: Building] INFO  o.a.m.s.f.DefaultMavenResourcesFiltering - Copying 0 resource from src\main\resources to target\classes
2025-04-08 14:33:07,728 [Worker-77: Building] INFO  o.a.m.s.f.DefaultMavenResourcesFiltering - skip non existing resourceDirectory C:\src\proyectobomber\JavaWorskpace\bombero\src\test\resources
2025-04-08 14:35:58,536 [Worker-69: Building] INFO  o.a.m.s.f.DefaultMavenResourcesFiltering - Copying 1 resource from src\main\resources to target\classes
2025-04-08 14:35:58,552 [Worker-69: Building] INFO  o.a.m.s.f.DefaultMavenResourcesFiltering - Copying 0 resource from src\main\resources to target\classes
2025-04-08 14:35:58,557 [Worker-69: Building] INFO  o.a.m.s.f.DefaultMavenResourcesFiltering - skip non existing resourceDirectory C:\src\proyectobomber\JavaWorskpace\bombero\src\test\resources
2025-04-08 14:36:41,162 [Worker-74: Building] INFO  o.a.m.s.f.DefaultMavenResourcesFiltering - Copying 1 resource from src\main\resources to target\classes
2025-04-08 14:36:41,165 [Worker-74: Building] INFO  o.a.m.s.f.DefaultMavenResourcesFiltering - Copying 0 resource from src\main\resources to target\classes
2025-04-08 14:36:41,168 [Worker-74: Building] INFO  o.a.m.s.f.DefaultMavenResourcesFiltering - skip non existing resourceDirectory C:\src\proyectobomber\JavaWorskpace\bombero\src\test\resources
2025-04-08 14:38:09,033 [Worker-79: Building] INFO  o.a.m.s.f.DefaultMavenResourcesFiltering - Copying 1 resource from src\main\resources to target\classes
2025-04-08 14:38:09,061 [Worker-79: Building] INFO  o.a.m.s.f.DefaultMavenResourcesFiltering - Copying 0 resource from src\main\resources to target\classes
2025-04-08 14:38:09,066 [Worker-79: Building] INFO  o.a.m.s.f.DefaultMavenResourcesFiltering - skip non existing resourceDirectory C:\src\proyectobomber\JavaWorskpace\bombero\src\test\resources
2025-04-08 14:41:02,383 [Worker-83: Building] INFO  o.a.m.s.f.DefaultMavenResourcesFiltering - Copying 1 resource from src\main\resources to target\classes
2025-04-08 14:41:02,390 [Worker-83: Building] INFO  o.a.m.s.f.DefaultMavenResourcesFiltering - Copying 0 resource from src\main\resources to target\classes
2025-04-08 14:41:02,393 [Worker-83: Building] INFO  o.a.m.s.f.DefaultMavenResourcesFiltering - skip non existing resourceDirectory C:\src\proyectobomber\JavaWorskpace\bombero\src\test\resources
2025-04-08 14:41:21,392 [Worker-79: Building] INFO  o.a.m.s.f.DefaultMavenResourcesFiltering - Copying 1 resource from src\main\resources to target\classes
2025-04-08 14:41:21,397 [Worker-79: Building] INFO  o.a.m.s.f.DefaultMavenResourcesFiltering - Copying 0 resource from src\main\resources to target\classes
2025-04-08 14:41:21,416 [Worker-79: Building] INFO  o.a.m.s.f.DefaultMavenResourcesFiltering - skip non existing resourceDirectory C:\src\proyectobomber\JavaWorskpace\bombero\src\test\resources
2025-04-08 14:46:38,297 [Worker-88: Building] INFO  o.a.m.s.f.DefaultMavenResourcesFiltering - Copying 1 resource from src\main\resources to target\classes
2025-04-08 14:46:38,305 [Worker-88: Building] INFO  o.a.m.s.f.DefaultMavenResourcesFiltering - Copying 0 resource from src\main\resources to target\classes
2025-04-08 14:46:38,308 [Worker-88: Building] INFO  o.a.m.s.f.DefaultMavenResourcesFiltering - skip non existing resourceDirectory C:\src\proyectobomber\JavaWorskpace\bombero\src\test\resources
2025-04-08 17:31:31,750 [Worker-3: Loading available Gradle versions] INFO  o.e.b.c.i.u.g.PublishedGradleVersions - Gradle version information cache is out-of-date. Trying to update.
2025-04-08 17:31:33,902 [Worker-3: Loading available Gradle versions] ERROR o.e.b.c.i.u.g.PublishedGradleVersions - Cannot write Gradle version information cache file.
java.io.FileNotFoundException: C:\Users\user\.cache\tooling\gradle\versions.json (Acceso denegado)
	at java.base/java.io.FileOutputStream.open0(Native Method)
	at java.base/java.io.FileOutputStream.open(FileOutputStream.java:289)
	at java.base/java.io.FileOutputStream.<init>(FileOutputStream.java:230)
	at com.google.common.io.Files$FileByteSink.openStream(Files.java:197)
	at com.google.common.io.Files$FileByteSink.openStream(Files.java:185)
	at com.google.common.io.ByteSink$AsCharSink.openStream(ByteSink.java:152)
	at com.google.common.io.CharSource$StringCharSource.copyTo(CharSource.java:662)
	at org.eclipse.buildship.core.internal.util.gradle.PublishedGradleVersions.storeCacheVersionsFile(PublishedGradleVersions.java:184)
	at org.eclipse.buildship.core.internal.util.gradle.PublishedGradleVersions.tryToDownloadAndCacheVersions(PublishedGradleVersions.java:150)
	at org.eclipse.buildship.core.internal.util.gradle.PublishedGradleVersions.tryToUpdateOutdatedVersionsFile(PublishedGradleVersions.java:133)
	at org.eclipse.buildship.core.internal.util.gradle.PublishedGradleVersions.create(PublishedGradleVersions.java:117)
	at org.eclipse.buildship.core.internal.util.gradle.PublishedGradleVersionsWrapper$LoadVersionsJob.run(PublishedGradleVersionsWrapper.java:73)
	at org.eclipse.core.internal.jobs.Worker.run(Worker.java:63)
2025-04-08 17:32:56,013 [Worker-10: Building] INFO  o.a.m.s.f.DefaultMavenResourcesFiltering - Copying 1 resource from src\main\resources to target\classes
2025-04-08 17:32:56,047 [Worker-10: Building] INFO  o.a.m.s.f.DefaultMavenResourcesFiltering - Copying 0 resource from src\main\resources to target\classes
2025-04-08 17:32:56,059 [Worker-10: Building] INFO  o.a.m.s.f.DefaultMavenResourcesFiltering - skip non existing resourceDirectory C:\src\proyectobomber\JavaWorskpace\bombero\src\test\resources
2025-04-09 16:55:26,852 [Worker-6: Loading available Gradle versions] INFO  o.e.b.c.i.u.g.PublishedGradleVersions - Gradle version information cache is out-of-date. Trying to update.
2025-04-09 16:55:28,174 [Worker-6: Loading available Gradle versions] ERROR o.e.b.c.i.u.g.PublishedGradleVersions - Cannot write Gradle version information cache file.
java.io.FileNotFoundException: C:\Users\user\.cache\tooling\gradle\versions.json (Acceso denegado)
	at java.base/java.io.FileOutputStream.open0(Native Method)
	at java.base/java.io.FileOutputStream.open(FileOutputStream.java:289)
	at java.base/java.io.FileOutputStream.<init>(FileOutputStream.java:230)
	at com.google.common.io.Files$FileByteSink.openStream(Files.java:197)
	at com.google.common.io.Files$FileByteSink.openStream(Files.java:185)
	at com.google.common.io.ByteSink$AsCharSink.openStream(ByteSink.java:152)
	at com.google.common.io.CharSource$StringCharSource.copyTo(CharSource.java:662)
	at org.eclipse.buildship.core.internal.util.gradle.PublishedGradleVersions.storeCacheVersionsFile(PublishedGradleVersions.java:184)
	at org.eclipse.buildship.core.internal.util.gradle.PublishedGradleVersions.tryToDownloadAndCacheVersions(PublishedGradleVersions.java:150)
	at org.eclipse.buildship.core.internal.util.gradle.PublishedGradleVersions.tryToUpdateOutdatedVersionsFile(PublishedGradleVersions.java:133)
	at org.eclipse.buildship.core.internal.util.gradle.PublishedGradleVersions.create(PublishedGradleVersions.java:117)
	at org.eclipse.buildship.core.internal.util.gradle.PublishedGradleVersionsWrapper$LoadVersionsJob.run(PublishedGradleVersionsWrapper.java:73)
	at org.eclipse.core.internal.jobs.Worker.run(Worker.java:63)
2025-04-09 16:55:38,613 [Worker-11: Building] INFO  o.a.m.s.f.DefaultMavenResourcesFiltering - Copying 1 resource from src\main\resources to target\classes
2025-04-09 16:55:38,630 [Worker-11: Building] INFO  o.a.m.s.f.DefaultMavenResourcesFiltering - Copying 0 resource from src\main\resources to target\classes
2025-04-09 16:55:38,634 [Worker-11: Building] INFO  o.a.m.s.f.DefaultMavenResourcesFiltering - skip non existing resourceDirectory C:\src\proyectobomber\JavaWorskpace\bombero\src\test\resources
2025-04-09 17:02:32,950 [Worker-17: Building] INFO  o.a.m.s.f.DefaultMavenResourcesFiltering - Copying 1 resource from src\main\resources to target\classes
2025-04-09 17:02:32,958 [Worker-17: Building] INFO  o.a.m.s.f.DefaultMavenResourcesFiltering - Copying 0 resource from src\main\resources to target\classes
2025-04-09 17:02:32,962 [Worker-17: Building] INFO  o.a.m.s.f.DefaultMavenResourcesFiltering - skip non existing resourceDirectory C:\src\proyectobomber\JavaWorskpace\bombero\src\test\resources
2025-04-09 19:32:06,432 [Worker-4: Loading available Gradle versions] INFO  o.e.b.c.i.u.g.PublishedGradleVersions - Gradle version information cache is out-of-date. Trying to update.
2025-04-09 19:32:07,909 [Worker-4: Loading available Gradle versions] ERROR o.e.b.c.i.u.g.PublishedGradleVersions - Cannot write Gradle version information cache file.
java.io.FileNotFoundException: C:\Users\user\.cache\tooling\gradle\versions.json (Acceso denegado)
	at java.base/java.io.FileOutputStream.open0(Native Method)
	at java.base/java.io.FileOutputStream.open(FileOutputStream.java:289)
	at java.base/java.io.FileOutputStream.<init>(FileOutputStream.java:230)
	at com.google.common.io.Files$FileByteSink.openStream(Files.java:197)
	at com.google.common.io.Files$FileByteSink.openStream(Files.java:185)
	at com.google.common.io.ByteSink$AsCharSink.openStream(ByteSink.java:152)
	at com.google.common.io.CharSource$StringCharSource.copyTo(CharSource.java:662)
	at org.eclipse.buildship.core.internal.util.gradle.PublishedGradleVersions.storeCacheVersionsFile(PublishedGradleVersions.java:184)
	at org.eclipse.buildship.core.internal.util.gradle.PublishedGradleVersions.tryToDownloadAndCacheVersions(PublishedGradleVersions.java:150)
	at org.eclipse.buildship.core.internal.util.gradle.PublishedGradleVersions.tryToUpdateOutdatedVersionsFile(PublishedGradleVersions.java:133)
	at org.eclipse.buildship.core.internal.util.gradle.PublishedGradleVersions.create(PublishedGradleVersions.java:117)
	at org.eclipse.buildship.core.internal.util.gradle.PublishedGradleVersionsWrapper$LoadVersionsJob.run(PublishedGradleVersionsWrapper.java:73)
	at org.eclipse.core.internal.jobs.Worker.run(Worker.java:63)
2025-04-11 08:09:09,576 [Worker-7: Loading available Gradle versions] INFO  o.e.b.c.i.u.g.PublishedGradleVersions - Gradle version information cache is out-of-date. Trying to update.
2025-04-11 08:09:10,722 [Worker-7: Loading available Gradle versions] ERROR o.e.b.c.i.u.g.PublishedGradleVersions - Cannot write Gradle version information cache file.
java.io.FileNotFoundException: C:\Users\user\.cache\tooling\gradle\versions.json (Acceso denegado)
	at java.base/java.io.FileOutputStream.open0(Native Method)
	at java.base/java.io.FileOutputStream.open(FileOutputStream.java:289)
	at java.base/java.io.FileOutputStream.<init>(FileOutputStream.java:230)
	at com.google.common.io.Files$FileByteSink.openStream(Files.java:197)
	at com.google.common.io.Files$FileByteSink.openStream(Files.java:185)
	at com.google.common.io.ByteSink$AsCharSink.openStream(ByteSink.java:152)
	at com.google.common.io.CharSource$StringCharSource.copyTo(CharSource.java:662)
	at org.eclipse.buildship.core.internal.util.gradle.PublishedGradleVersions.storeCacheVersionsFile(PublishedGradleVersions.java:184)
	at org.eclipse.buildship.core.internal.util.gradle.PublishedGradleVersions.tryToDownloadAndCacheVersions(PublishedGradleVersions.java:150)
	at org.eclipse.buildship.core.internal.util.gradle.PublishedGradleVersions.tryToUpdateOutdatedVersionsFile(PublishedGradleVersions.java:133)
	at org.eclipse.buildship.core.internal.util.gradle.PublishedGradleVersions.create(PublishedGradleVersions.java:117)
	at org.eclipse.buildship.core.internal.util.gradle.PublishedGradleVersionsWrapper$LoadVersionsJob.run(PublishedGradleVersionsWrapper.java:73)
	at org.eclipse.core.internal.jobs.Worker.run(Worker.java:63)
2025-04-11 09:08:50,683 [Worker-4: Building] INFO  o.a.m.s.f.DefaultMavenResourcesFiltering - Copying 1 resource from src\main\resources to target\classes
2025-04-11 09:08:50,707 [Worker-4: Building] INFO  o.a.m.s.f.DefaultMavenResourcesFiltering - Copying 0 resource from src\main\resources to target\classes
2025-04-11 09:08:50,714 [Worker-4: Building] INFO  o.a.m.s.f.DefaultMavenResourcesFiltering - skip non existing resourceDirectory C:\src\proyectobomber\JavaWorskpace\bombero\src\test\resources
2025-04-11 13:29:32,484 [Worker-1: Loading available Gradle versions] INFO  o.e.b.c.i.u.g.PublishedGradleVersions - Gradle version information cache is out-of-date. Trying to update.
2025-04-11 13:29:33,578 [Worker-1: Loading available Gradle versions] ERROR o.e.b.c.i.u.g.PublishedGradleVersions - Cannot write Gradle version information cache file.
java.io.FileNotFoundException: C:\Users\user\.cache\tooling\gradle\versions.json (Acceso denegado)
	at java.base/java.io.FileOutputStream.open0(Native Method)
	at java.base/java.io.FileOutputStream.open(FileOutputStream.java:289)
	at java.base/java.io.FileOutputStream.<init>(FileOutputStream.java:230)
	at com.google.common.io.Files$FileByteSink.openStream(Files.java:197)
	at com.google.common.io.Files$FileByteSink.openStream(Files.java:185)
	at com.google.common.io.ByteSink$AsCharSink.openStream(ByteSink.java:152)
	at com.google.common.io.CharSource$StringCharSource.copyTo(CharSource.java:662)
	at org.eclipse.buildship.core.internal.util.gradle.PublishedGradleVersions.storeCacheVersionsFile(PublishedGradleVersions.java:184)
	at org.eclipse.buildship.core.internal.util.gradle.PublishedGradleVersions.tryToDownloadAndCacheVersions(PublishedGradleVersions.java:150)
	at org.eclipse.buildship.core.internal.util.gradle.PublishedGradleVersions.tryToUpdateOutdatedVersionsFile(PublishedGradleVersions.java:133)
	at org.eclipse.buildship.core.internal.util.gradle.PublishedGradleVersions.create(PublishedGradleVersions.java:117)
	at org.eclipse.buildship.core.internal.util.gradle.PublishedGradleVersionsWrapper$LoadVersionsJob.run(PublishedGradleVersionsWrapper.java:73)
	at org.eclipse.core.internal.jobs.Worker.run(Worker.java:63)
2025-04-15 08:12:05,341 [Worker-1: Loading available Gradle versions] INFO  o.e.b.c.i.u.g.PublishedGradleVersions - Gradle version information cache is out-of-date. Trying to update.
2025-04-15 08:12:06,522 [Worker-1: Loading available Gradle versions] ERROR o.e.b.c.i.u.g.PublishedGradleVersions - Cannot write Gradle version information cache file.
java.io.FileNotFoundException: C:\Users\user\.cache\tooling\gradle\versions.json (Acceso denegado)
	at java.base/java.io.FileOutputStream.open0(Native Method)
	at java.base/java.io.FileOutputStream.open(FileOutputStream.java:289)
	at java.base/java.io.FileOutputStream.<init>(FileOutputStream.java:230)
	at com.google.common.io.Files$FileByteSink.openStream(Files.java:197)
	at com.google.common.io.Files$FileByteSink.openStream(Files.java:185)
	at com.google.common.io.ByteSink$AsCharSink.openStream(ByteSink.java:152)
	at com.google.common.io.CharSource$StringCharSource.copyTo(CharSource.java:662)
	at org.eclipse.buildship.core.internal.util.gradle.PublishedGradleVersions.storeCacheVersionsFile(PublishedGradleVersions.java:184)
	at org.eclipse.buildship.core.internal.util.gradle.PublishedGradleVersions.tryToDownloadAndCacheVersions(PublishedGradleVersions.java:150)
	at org.eclipse.buildship.core.internal.util.gradle.PublishedGradleVersions.tryToUpdateOutdatedVersionsFile(PublishedGradleVersions.java:133)
	at org.eclipse.buildship.core.internal.util.gradle.PublishedGradleVersions.create(PublishedGradleVersions.java:117)
	at org.eclipse.buildship.core.internal.util.gradle.PublishedGradleVersionsWrapper$LoadVersionsJob.run(PublishedGradleVersionsWrapper.java:73)
	at org.eclipse.core.internal.jobs.Worker.run(Worker.java:63)
2025-04-15 08:28:51,742 [Worker-22: Building] INFO  o.a.m.s.f.DefaultMavenResourcesFiltering - Copying 1 resource from src\main\resources to target\classes
2025-04-15 08:28:51,757 [Worker-22: Building] INFO  o.a.m.s.f.DefaultMavenResourcesFiltering - Copying 0 resource from src\main\resources to target\classes
2025-04-15 08:28:51,762 [Worker-22: Building] INFO  o.a.m.s.f.DefaultMavenResourcesFiltering - skip non existing resourceDirectory C:\src\proyectobomber\JavaWorskpace\bombero\src\test\resources
2025-04-15 08:53:03,658 [Worker-26: Building] INFO  o.a.m.s.f.DefaultMavenResourcesFiltering - Copying 1 resource from src\main\resources to target\classes
2025-04-15 08:53:03,664 [Worker-26: Building] INFO  o.a.m.s.f.DefaultMavenResourcesFiltering - Copying 0 resource from src\main\resources to target\classes
2025-04-15 08:53:03,667 [Worker-26: Building] INFO  o.a.m.s.f.DefaultMavenResourcesFiltering - skip non existing resourceDirectory C:\src\proyectobomber\JavaWorskpace\bombero\src\test\resources
2025-04-15 08:58:30,021 [Worker-28: Building] INFO  o.a.m.s.f.DefaultMavenResourcesFiltering - Copying 1 resource from src\main\resources to target\classes
2025-04-15 08:58:30,027 [Worker-28: Building] INFO  o.a.m.s.f.DefaultMavenResourcesFiltering - Copying 0 resource from src\main\resources to target\classes
2025-04-15 08:58:30,030 [Worker-28: Building] INFO  o.a.m.s.f.DefaultMavenResourcesFiltering - skip non existing resourceDirectory C:\src\proyectobomber\JavaWorskpace\bombero\src\test\resources
2025-04-15 08:59:20,067 [Worker-27: Building] INFO  o.a.m.s.f.DefaultMavenResourcesFiltering - Copying 1 resource from src\main\resources to target\classes
2025-04-15 08:59:20,071 [Worker-27: Building] INFO  o.a.m.s.f.DefaultMavenResourcesFiltering - Copying 0 resource from src\main\resources to target\classes
2025-04-15 08:59:20,074 [Worker-27: Building] INFO  o.a.m.s.f.DefaultMavenResourcesFiltering - skip non existing resourceDirectory C:\src\proyectobomber\JavaWorskpace\bombero\src\test\resources
2025-04-15 13:03:40,277 [Worker-0: Loading available Gradle versions] INFO  o.e.b.c.i.u.g.PublishedGradleVersions - Gradle version information cache is out-of-date. Trying to update.
2025-04-15 13:03:41,647 [Worker-0: Loading available Gradle versions] ERROR o.e.b.c.i.u.g.PublishedGradleVersions - Cannot write Gradle version information cache file.
java.io.FileNotFoundException: C:\Users\user\.cache\tooling\gradle\versions.json (Acceso denegado)
	at java.base/java.io.FileOutputStream.open0(Native Method)
	at java.base/java.io.FileOutputStream.open(FileOutputStream.java:289)
	at java.base/java.io.FileOutputStream.<init>(FileOutputStream.java:230)
	at com.google.common.io.Files$FileByteSink.openStream(Files.java:197)
	at com.google.common.io.Files$FileByteSink.openStream(Files.java:185)
	at com.google.common.io.ByteSink$AsCharSink.openStream(ByteSink.java:152)
	at com.google.common.io.CharSource$StringCharSource.copyTo(CharSource.java:662)
	at org.eclipse.buildship.core.internal.util.gradle.PublishedGradleVersions.storeCacheVersionsFile(PublishedGradleVersions.java:184)
	at org.eclipse.buildship.core.internal.util.gradle.PublishedGradleVersions.tryToDownloadAndCacheVersions(PublishedGradleVersions.java:150)
	at org.eclipse.buildship.core.internal.util.gradle.PublishedGradleVersions.tryToUpdateOutdatedVersionsFile(PublishedGradleVersions.java:133)
	at org.eclipse.buildship.core.internal.util.gradle.PublishedGradleVersions.create(PublishedGradleVersions.java:117)
	at org.eclipse.buildship.core.internal.util.gradle.PublishedGradleVersionsWrapper$LoadVersionsJob.run(PublishedGradleVersionsWrapper.java:73)
	at org.eclipse.core.internal.jobs.Worker.run(Worker.java:63)
2025-04-15 14:58:47,125 [Worker-12: Building] INFO  o.a.m.s.f.DefaultMavenResourcesFiltering - Copying 1 resource from src\main\resources to target\classes
2025-04-15 14:58:47,145 [Worker-12: Building] INFO  o.a.m.s.f.DefaultMavenResourcesFiltering - Copying 0 resource from src\main\resources to target\classes
2025-04-15 14:58:47,149 [Worker-12: Building] INFO  o.a.m.s.f.DefaultMavenResourcesFiltering - skip non existing resourceDirectory C:\src\proyectobomber\JavaWorskpace\bombero\src\test\resources
2025-04-15 15:35:52,133 [Worker-25: Building] INFO  o.a.m.s.f.DefaultMavenResourcesFiltering - Copying 1 resource from src\main\resources to target\classes
2025-04-15 15:35:52,138 [Worker-25: Building] INFO  o.a.m.s.f.DefaultMavenResourcesFiltering - Copying 0 resource from src\main\resources to target\classes
2025-04-15 15:35:52,142 [Worker-25: Building] INFO  o.a.m.s.f.DefaultMavenResourcesFiltering - skip non existing resourceDirectory C:\src\proyectobomber\JavaWorskpace\bombero\src\test\resources
2025-04-15 15:36:02,237 [Worker-22: Building] INFO  o.a.m.s.f.DefaultMavenResourcesFiltering - Copying 1 resource from src\main\resources to target\classes
2025-04-15 15:36:02,244 [Worker-22: Building] INFO  o.a.m.s.f.DefaultMavenResourcesFiltering - Copying 0 resource from src\main\resources to target\classes
2025-04-15 15:36:02,248 [Worker-22: Building] INFO  o.a.m.s.f.DefaultMavenResourcesFiltering - skip non existing resourceDirectory C:\src\proyectobomber\JavaWorskpace\bombero\src\test\resources
2025-04-16 13:10:25,409 [Worker-2: Loading available Gradle versions] INFO  o.e.b.c.i.u.g.PublishedGradleVersions - Gradle version information cache is out-of-date. Trying to update.
2025-04-16 13:10:27,422 [Worker-2: Loading available Gradle versions] ERROR o.e.b.c.i.u.g.PublishedGradleVersions - Cannot write Gradle version information cache file.
java.io.FileNotFoundException: C:\Users\user\.cache\tooling\gradle\versions.json (Acceso denegado)
	at java.base/java.io.FileOutputStream.open0(Native Method)
	at java.base/java.io.FileOutputStream.open(FileOutputStream.java:289)
	at java.base/java.io.FileOutputStream.<init>(FileOutputStream.java:230)
	at com.google.common.io.Files$FileByteSink.openStream(Files.java:197)
	at com.google.common.io.Files$FileByteSink.openStream(Files.java:185)
	at com.google.common.io.ByteSink$AsCharSink.openStream(ByteSink.java:152)
	at com.google.common.io.CharSource$StringCharSource.copyTo(CharSource.java:662)
	at org.eclipse.buildship.core.internal.util.gradle.PublishedGradleVersions.storeCacheVersionsFile(PublishedGradleVersions.java:184)
	at org.eclipse.buildship.core.internal.util.gradle.PublishedGradleVersions.tryToDownloadAndCacheVersions(PublishedGradleVersions.java:150)
	at org.eclipse.buildship.core.internal.util.gradle.PublishedGradleVersions.tryToUpdateOutdatedVersionsFile(PublishedGradleVersions.java:133)
	at org.eclipse.buildship.core.internal.util.gradle.PublishedGradleVersions.create(PublishedGradleVersions.java:117)
	at org.eclipse.buildship.core.internal.util.gradle.PublishedGradleVersionsWrapper$LoadVersionsJob.run(PublishedGradleVersionsWrapper.java:73)
	at org.eclipse.core.internal.jobs.Worker.run(Worker.java:63)
2025-04-16 13:43:10,200 [Worker-18: Building] INFO  o.a.m.s.f.DefaultMavenResourcesFiltering - Copying 1 resource from src\main\resources to target\classes
2025-04-16 13:43:10,220 [Worker-18: Building] INFO  o.a.m.s.f.DefaultMavenResourcesFiltering - Copying 0 resource from src\main\resources to target\classes
2025-04-16 13:43:10,224 [Worker-18: Building] INFO  o.a.m.s.f.DefaultMavenResourcesFiltering - skip non existing resourceDirectory C:\src\proyectobomber\JavaWorskpace\bombero\src\test\resources
2025-04-16 13:43:48,342 [Worker-17: Building] INFO  o.a.m.s.f.DefaultMavenResourcesFiltering - Copying 1 resource from src\main\resources to target\classes
2025-04-16 13:43:48,347 [Worker-17: Building] INFO  o.a.m.s.f.DefaultMavenResourcesFiltering - Copying 0 resource from src\main\resources to target\classes
2025-04-16 13:43:48,352 [Worker-17: Building] INFO  o.a.m.s.f.DefaultMavenResourcesFiltering - skip non existing resourceDirectory C:\src\proyectobomber\JavaWorskpace\bombero\src\test\resources
2025-04-16 13:44:30,392 [Worker-18: Building] INFO  o.a.m.s.f.DefaultMavenResourcesFiltering - Copying 1 resource from src\main\resources to target\classes
2025-04-16 13:44:30,398 [Worker-18: Building] INFO  o.a.m.s.f.DefaultMavenResourcesFiltering - Copying 0 resource from src\main\resources to target\classes
2025-04-16 13:44:30,402 [Worker-18: Building] INFO  o.a.m.s.f.DefaultMavenResourcesFiltering - skip non existing resourceDirectory C:\src\proyectobomber\JavaWorskpace\bombero\src\test\resources
2025-04-16 13:44:58,659 [Worker-18: Building] INFO  o.a.m.s.f.DefaultMavenResourcesFiltering - Copying 1 resource from src\main\resources to target\classes
2025-04-16 13:44:58,666 [Worker-18: Building] INFO  o.a.m.s.f.DefaultMavenResourcesFiltering - Copying 0 resource from src\main\resources to target\classes
2025-04-16 13:44:58,671 [Worker-18: Building] INFO  o.a.m.s.f.DefaultMavenResourcesFiltering - skip non existing resourceDirectory C:\src\proyectobomber\JavaWorskpace\bombero\src\test\resources
2025-04-16 13:45:24,292 [Worker-11: Building] INFO  o.a.m.s.f.DefaultMavenResourcesFiltering - Copying 1 resource from src\main\resources to target\classes
2025-04-16 13:45:24,297 [Worker-11: Building] INFO  o.a.m.s.f.DefaultMavenResourcesFiltering - Copying 0 resource from src\main\resources to target\classes
2025-04-16 13:45:24,303 [Worker-11: Building] INFO  o.a.m.s.f.DefaultMavenResourcesFiltering - skip non existing resourceDirectory C:\src\proyectobomber\JavaWorskpace\bombero\src\test\resources
2025-04-16 13:45:34,043 [Worker-18: Building] INFO  o.a.m.s.f.DefaultMavenResourcesFiltering - Copying 1 resource from src\main\resources to target\classes
2025-04-16 13:45:34,046 [Worker-18: Building] INFO  o.a.m.s.f.DefaultMavenResourcesFiltering - Copying 0 resource from src\main\resources to target\classes
2025-04-16 13:45:34,048 [Worker-18: Building] INFO  o.a.m.s.f.DefaultMavenResourcesFiltering - skip non existing resourceDirectory C:\src\proyectobomber\JavaWorskpace\bombero\src\test\resources
2025-04-16 23:06:52,430 [Worker-6: Loading available Gradle versions] INFO  o.e.b.c.i.u.g.PublishedGradleVersions - Gradle version information cache is out-of-date. Trying to update.
2025-04-16 23:06:53,765 [Worker-6: Loading available Gradle versions] ERROR o.e.b.c.i.u.g.PublishedGradleVersions - Cannot write Gradle version information cache file.
java.io.FileNotFoundException: C:\Users\user\.cache\tooling\gradle\versions.json (Acceso denegado)
	at java.base/java.io.FileOutputStream.open0(Native Method)
	at java.base/java.io.FileOutputStream.open(FileOutputStream.java:289)
	at java.base/java.io.FileOutputStream.<init>(FileOutputStream.java:230)
	at com.google.common.io.Files$FileByteSink.openStream(Files.java:197)
	at com.google.common.io.Files$FileByteSink.openStream(Files.java:185)
	at com.google.common.io.ByteSink$AsCharSink.openStream(ByteSink.java:152)
	at com.google.common.io.CharSource$StringCharSource.copyTo(CharSource.java:662)
	at org.eclipse.buildship.core.internal.util.gradle.PublishedGradleVersions.storeCacheVersionsFile(PublishedGradleVersions.java:184)
	at org.eclipse.buildship.core.internal.util.gradle.PublishedGradleVersions.tryToDownloadAndCacheVersions(PublishedGradleVersions.java:150)
	at org.eclipse.buildship.core.internal.util.gradle.PublishedGradleVersions.tryToUpdateOutdatedVersionsFile(PublishedGradleVersions.java:133)
	at org.eclipse.buildship.core.internal.util.gradle.PublishedGradleVersions.create(PublishedGradleVersions.java:117)
	at org.eclipse.buildship.core.internal.util.gradle.PublishedGradleVersionsWrapper$LoadVersionsJob.run(PublishedGradleVersionsWrapper.java:73)
	at org.eclipse.core.internal.jobs.Worker.run(Worker.java:63)
2025-04-16 23:16:01,892 [Worker-19: Building] INFO  o.a.m.s.f.DefaultMavenResourcesFiltering - Copying 1 resource from src\main\resources to target\classes
2025-04-16 23:16:01,906 [Worker-19: Building] INFO  o.a.m.s.f.DefaultMavenResourcesFiltering - Copying 0 resource from src\main\resources to target\classes
2025-04-16 23:16:01,911 [Worker-19: Building] INFO  o.a.m.s.f.DefaultMavenResourcesFiltering - skip non existing resourceDirectory C:\src\proyectobomber\JavaWorskpace\bombero\src\test\resources
2025-04-16 23:17:25,503 [Worker-19: Building] INFO  o.a.m.s.f.DefaultMavenResourcesFiltering - Copying 1 resource from src\main\resources to target\classes
2025-04-16 23:17:25,507 [Worker-19: Building] INFO  o.a.m.s.f.DefaultMavenResourcesFiltering - Copying 0 resource from src\main\resources to target\classes
2025-04-16 23:17:25,509 [Worker-19: Building] INFO  o.a.m.s.f.DefaultMavenResourcesFiltering - skip non existing resourceDirectory C:\src\proyectobomber\JavaWorskpace\bombero\src\test\resources
2025-04-16 23:19:20,692 [Worker-12: Building] INFO  o.a.m.s.f.DefaultMavenResourcesFiltering - Copying 1 resource from src\main\resources to target\classes
2025-04-16 23:19:20,698 [Worker-12: Building] INFO  o.a.m.s.f.DefaultMavenResourcesFiltering - Copying 0 resource from src\main\resources to target\classes
2025-04-16 23:19:20,702 [Worker-12: Building] INFO  o.a.m.s.f.DefaultMavenResourcesFiltering - skip non existing resourceDirectory C:\src\proyectobomber\JavaWorskpace\bombero\src\test\resources
2025-04-16 23:32:54,826 [Worker-28: Building] INFO  o.a.m.s.f.DefaultMavenResourcesFiltering - Copying 1 resource from src\main\resources to target\classes
2025-04-16 23:32:54,835 [Worker-28: Building] INFO  o.a.m.s.f.DefaultMavenResourcesFiltering - Copying 0 resource from src\main\resources to target\classes
2025-04-16 23:32:54,841 [Worker-28: Building] INFO  o.a.m.s.f.DefaultMavenResourcesFiltering - skip non existing resourceDirectory C:\src\proyectobomber\JavaWorskpace\bombero\src\test\resources
2025-04-16 23:33:29,956 [Worker-25: Building] INFO  o.a.m.s.f.DefaultMavenResourcesFiltering - Copying 1 resource from src\main\resources to target\classes
2025-04-16 23:33:29,961 [Worker-25: Building] INFO  o.a.m.s.f.DefaultMavenResourcesFiltering - Copying 0 resource from src\main\resources to target\classes
2025-04-16 23:33:29,965 [Worker-25: Building] INFO  o.a.m.s.f.DefaultMavenResourcesFiltering - skip non existing resourceDirectory C:\src\proyectobomber\JavaWorskpace\bombero\src\test\resources
2025-04-16 23:54:06,261 [Worker-38: Building] INFO  o.a.m.s.f.DefaultMavenResourcesFiltering - Copying 1 resource from src\main\resources to target\classes
2025-04-16 23:54:06,269 [Worker-38: Building] INFO  o.a.m.s.f.DefaultMavenResourcesFiltering - Copying 0 resource from src\main\resources to target\classes
2025-04-16 23:54:06,274 [Worker-38: Building] INFO  o.a.m.s.f.DefaultMavenResourcesFiltering - skip non existing resourceDirectory C:\src\proyectobomber\JavaWorskpace\bombero\src\test\resources
2025-04-16 23:55:49,795 [Worker-38: Building] INFO  o.a.m.s.f.DefaultMavenResourcesFiltering - Copying 1 resource from src\main\resources to target\classes
2025-04-16 23:55:49,802 [Worker-38: Building] INFO  o.a.m.s.f.DefaultMavenResourcesFiltering - Copying 0 resource from src\main\resources to target\classes
2025-04-16 23:55:49,806 [Worker-38: Building] INFO  o.a.m.s.f.DefaultMavenResourcesFiltering - skip non existing resourceDirectory C:\src\proyectobomber\JavaWorskpace\bombero\src\test\resources
2025-04-18 15:39:51,274 [Worker-0: Loading available Gradle versions] INFO  o.e.b.c.i.u.g.PublishedGradleVersions - Gradle version information cache is out-of-date. Trying to update.
2025-04-18 15:39:52,853 [Worker-0: Loading available Gradle versions] ERROR o.e.b.c.i.u.g.PublishedGradleVersions - Cannot write Gradle version information cache file.
java.io.FileNotFoundException: C:\Users\user\.cache\tooling\gradle\versions.json (Acceso denegado)
	at java.base/java.io.FileOutputStream.open0(Native Method)
	at java.base/java.io.FileOutputStream.open(FileOutputStream.java:289)
	at java.base/java.io.FileOutputStream.<init>(FileOutputStream.java:230)
	at com.google.common.io.Files$FileByteSink.openStream(Files.java:197)
	at com.google.common.io.Files$FileByteSink.openStream(Files.java:185)
	at com.google.common.io.ByteSink$AsCharSink.openStream(ByteSink.java:152)
	at com.google.common.io.CharSource$StringCharSource.copyTo(CharSource.java:662)
	at org.eclipse.buildship.core.internal.util.gradle.PublishedGradleVersions.storeCacheVersionsFile(PublishedGradleVersions.java:184)
	at org.eclipse.buildship.core.internal.util.gradle.PublishedGradleVersions.tryToDownloadAndCacheVersions(PublishedGradleVersions.java:150)
	at org.eclipse.buildship.core.internal.util.gradle.PublishedGradleVersions.tryToUpdateOutdatedVersionsFile(PublishedGradleVersions.java:133)
	at org.eclipse.buildship.core.internal.util.gradle.PublishedGradleVersions.create(PublishedGradleVersions.java:117)
	at org.eclipse.buildship.core.internal.util.gradle.PublishedGradleVersionsWrapper$LoadVersionsJob.run(PublishedGradleVersionsWrapper.java:73)
	at org.eclipse.core.internal.jobs.Worker.run(Worker.java:63)
2025-04-18 16:06:13,096 [Worker-11: Building] INFO  o.a.m.s.f.DefaultMavenResourcesFiltering - Copying 1 resource from src\main\resources to target\classes
2025-04-18 16:06:13,113 [Worker-11: Building] INFO  o.a.m.s.f.DefaultMavenResourcesFiltering - Copying 0 resource from src\main\resources to target\classes
2025-04-18 16:06:13,118 [Worker-11: Building] INFO  o.a.m.s.f.DefaultMavenResourcesFiltering - skip non existing resourceDirectory C:\src\proyectobomber\JavaWorskpace\bombero\src\test\resources
2025-04-18 16:14:31,353 [Worker-12: Building] INFO  o.a.m.s.f.DefaultMavenResourcesFiltering - Copying 1 resource from src\main\resources to target\classes
2025-04-18 16:14:31,358 [Worker-12: Building] INFO  o.a.m.s.f.DefaultMavenResourcesFiltering - Copying 0 resource from src\main\resources to target\classes
2025-04-18 16:14:31,360 [Worker-12: Building] INFO  o.a.m.s.f.DefaultMavenResourcesFiltering - skip non existing resourceDirectory C:\src\proyectobomber\JavaWorskpace\bombero\src\test\resources
2025-04-18 16:14:40,666 [Worker-21: Building] INFO  o.a.m.s.f.DefaultMavenResourcesFiltering - Copying 1 resource from src\main\resources to target\classes
2025-04-18 16:14:40,671 [Worker-21: Building] INFO  o.a.m.s.f.DefaultMavenResourcesFiltering - Copying 0 resource from src\main\resources to target\classes
2025-04-18 16:14:40,674 [Worker-21: Building] INFO  o.a.m.s.f.DefaultMavenResourcesFiltering - skip non existing resourceDirectory C:\src\proyectobomber\JavaWorskpace\bombero\src\test\resources
2025-04-18 16:31:45,469 [Worker-28: Building] INFO  o.a.m.s.f.DefaultMavenResourcesFiltering - Copying 1 resource from src\main\resources to target\classes
2025-04-18 16:31:45,472 [Worker-28: Building] INFO  o.a.m.s.f.DefaultMavenResourcesFiltering - Copying 0 resource from src\main\resources to target\classes
2025-04-18 16:31:45,474 [Worker-28: Building] INFO  o.a.m.s.f.DefaultMavenResourcesFiltering - skip non existing resourceDirectory C:\src\proyectobomber\JavaWorskpace\bombero\src\test\resources
2025-04-18 16:32:07,688 [Worker-26: Building] INFO  o.a.m.s.f.DefaultMavenResourcesFiltering - Copying 1 resource from src\main\resources to target\classes
2025-04-18 16:32:07,691 [Worker-26: Building] INFO  o.a.m.s.f.DefaultMavenResourcesFiltering - Copying 0 resource from src\main\resources to target\classes
2025-04-18 16:32:07,694 [Worker-26: Building] INFO  o.a.m.s.f.DefaultMavenResourcesFiltering - skip non existing resourceDirectory C:\src\proyectobomber\JavaWorskpace\bombero\src\test\resources
2025-04-18 16:32:33,734 [Worker-25: Building] INFO  o.a.m.s.f.DefaultMavenResourcesFiltering - Copying 1 resource from src\main\resources to target\classes
2025-04-18 16:32:33,737 [Worker-25: Building] INFO  o.a.m.s.f.DefaultMavenResourcesFiltering - Copying 0 resource from src\main\resources to target\classes
2025-04-18 16:32:33,739 [Worker-25: Building] INFO  o.a.m.s.f.DefaultMavenResourcesFiltering - skip non existing resourceDirectory C:\src\proyectobomber\JavaWorskpace\bombero\src\test\resources
2025-04-19 01:06:03,603 [Worker-34: Building] INFO  o.a.m.s.f.DefaultMavenResourcesFiltering - Copying 1 resource from src\main\resources to target\classes
2025-04-19 01:06:03,678 [Worker-34: Building] INFO  o.a.m.s.f.DefaultMavenResourcesFiltering - Copying 0 resource from src\main\resources to target\classes
2025-04-19 01:06:03,682 [Worker-34: Building] INFO  o.a.m.s.f.DefaultMavenResourcesFiltering - skip non existing resourceDirectory C:\src\proyectobomber\JavaWorskpace\bombero\src\test\resources
2025-04-19 01:06:37,148 [Worker-36: Building] INFO  o.a.m.s.f.DefaultMavenResourcesFiltering - Copying 1 resource from src\main\resources to target\classes
2025-04-19 01:06:37,153 [Worker-36: Building] INFO  o.a.m.s.f.DefaultMavenResourcesFiltering - Copying 0 resource from src\main\resources to target\classes
2025-04-19 01:06:37,158 [Worker-36: Building] INFO  o.a.m.s.f.DefaultMavenResourcesFiltering - skip non existing resourceDirectory C:\src\proyectobomber\JavaWorskpace\bombero\src\test\resources
2025-04-19 01:07:33,997 [Worker-35: Building] INFO  o.a.m.s.f.DefaultMavenResourcesFiltering - Copying 1 resource from src\main\resources to target\classes
2025-04-19 01:07:34,004 [Worker-35: Building] INFO  o.a.m.s.f.DefaultMavenResourcesFiltering - Copying 0 resource from src\main\resources to target\classes
2025-04-19 01:07:34,007 [Worker-35: Building] INFO  o.a.m.s.f.DefaultMavenResourcesFiltering - skip non existing resourceDirectory C:\src\proyectobomber\JavaWorskpace\bombero\src\test\resources
2025-04-19 01:08:33,796 [Worker-35: Building] INFO  o.a.m.s.f.DefaultMavenResourcesFiltering - Copying 1 resource from src\main\resources to target\classes
2025-04-19 01:08:33,801 [Worker-35: Building] INFO  o.a.m.s.f.DefaultMavenResourcesFiltering - Copying 0 resource from src\main\resources to target\classes
2025-04-19 01:08:33,804 [Worker-35: Building] INFO  o.a.m.s.f.DefaultMavenResourcesFiltering - skip non existing resourceDirectory C:\src\proyectobomber\JavaWorskpace\bombero\src\test\resources
2025-04-19 01:09:08,021 [Worker-36: Building] INFO  o.a.m.s.f.DefaultMavenResourcesFiltering - Copying 1 resource from src\main\resources to target\classes
2025-04-19 01:09:08,025 [Worker-36: Building] INFO  o.a.m.s.f.DefaultMavenResourcesFiltering - Copying 0 resource from src\main\resources to target\classes
2025-04-19 01:09:08,028 [Worker-36: Building] INFO  o.a.m.s.f.DefaultMavenResourcesFiltering - skip non existing resourceDirectory C:\src\proyectobomber\JavaWorskpace\bombero\src\test\resources
2025-04-19 01:09:30,852 [Worker-36: Building] INFO  o.a.m.s.f.DefaultMavenResourcesFiltering - Copying 1 resource from src\main\resources to target\classes
2025-04-19 01:09:30,858 [Worker-36: Building] INFO  o.a.m.s.f.DefaultMavenResourcesFiltering - Copying 0 resource from src\main\resources to target\classes
2025-04-19 01:09:30,861 [Worker-36: Building] INFO  o.a.m.s.f.DefaultMavenResourcesFiltering - skip non existing resourceDirectory C:\src\proyectobomber\JavaWorskpace\bombero\src\test\resources
2025-04-19 01:09:48,739 [Worker-35: Building] INFO  o.a.m.s.f.DefaultMavenResourcesFiltering - Copying 1 resource from src\main\resources to target\classes
2025-04-19 01:09:48,743 [Worker-35: Building] INFO  o.a.m.s.f.DefaultMavenResourcesFiltering - Copying 0 resource from src\main\resources to target\classes
2025-04-19 01:09:48,746 [Worker-35: Building] INFO  o.a.m.s.f.DefaultMavenResourcesFiltering - skip non existing resourceDirectory C:\src\proyectobomber\JavaWorskpace\bombero\src\test\resources
2025-04-19 01:10:22,248 [Worker-36: Building] INFO  o.a.m.s.f.DefaultMavenResourcesFiltering - Copying 1 resource from src\main\resources to target\classes
2025-04-19 01:10:22,254 [Worker-36: Building] INFO  o.a.m.s.f.DefaultMavenResourcesFiltering - Copying 0 resource from src\main\resources to target\classes
2025-04-19 01:10:22,257 [Worker-36: Building] INFO  o.a.m.s.f.DefaultMavenResourcesFiltering - skip non existing resourceDirectory C:\src\proyectobomber\JavaWorskpace\bombero\src\test\resources
2025-04-19 01:11:13,028 [Worker-31: Building] INFO  o.a.m.s.f.DefaultMavenResourcesFiltering - Copying 1 resource from src\main\resources to target\classes
2025-04-19 01:11:13,034 [Worker-31: Building] INFO  o.a.m.s.f.DefaultMavenResourcesFiltering - Copying 0 resource from src\main\resources to target\classes
2025-04-19 01:11:13,038 [Worker-31: Building] INFO  o.a.m.s.f.DefaultMavenResourcesFiltering - skip non existing resourceDirectory C:\src\proyectobomber\JavaWorskpace\bombero\src\test\resources
2025-04-19 01:13:00,417 [Worker-34: Building] INFO  o.a.m.s.f.DefaultMavenResourcesFiltering - Copying 1 resource from src\main\resources to target\classes
2025-04-19 01:13:00,422 [Worker-34: Building] INFO  o.a.m.s.f.DefaultMavenResourcesFiltering - Copying 0 resource from src\main\resources to target\classes
2025-04-19 01:13:00,426 [Worker-34: Building] INFO  o.a.m.s.f.DefaultMavenResourcesFiltering - skip non existing resourceDirectory C:\src\proyectobomber\JavaWorskpace\bombero\src\test\resources
2025-04-19 01:13:23,061 [Worker-38: Building] INFO  o.a.m.s.f.DefaultMavenResourcesFiltering - Copying 1 resource from src\main\resources to target\classes
2025-04-19 01:13:23,066 [Worker-38: Building] INFO  o.a.m.s.f.DefaultMavenResourcesFiltering - Copying 0 resource from src\main\resources to target\classes
2025-04-19 01:13:23,069 [Worker-38: Building] INFO  o.a.m.s.f.DefaultMavenResourcesFiltering - skip non existing resourceDirectory C:\src\proyectobomber\JavaWorskpace\bombero\src\test\resources
2025-04-19 01:19:02,218 [Worker-34: Building] INFO  o.a.m.s.f.DefaultMavenResourcesFiltering - Copying 1 resource from src\main\resources to target\classes
2025-04-19 01:19:02,241 [Worker-34: Building] INFO  o.a.m.s.f.DefaultMavenResourcesFiltering - Copying 0 resource from src\main\resources to target\classes
2025-04-19 01:19:02,246 [Worker-34: Building] INFO  o.a.m.s.f.DefaultMavenResourcesFiltering - skip non existing resourceDirectory C:\src\proyectobomber\JavaWorskpace\bombero\src\test\resources
2025-04-19 01:19:05,478 [Worker-40: Building] INFO  o.a.m.s.f.DefaultMavenResourcesFiltering - Copying 1 resource from src\main\resources to target\classes
2025-04-19 01:19:05,482 [Worker-40: Building] INFO  o.a.m.s.f.DefaultMavenResourcesFiltering - Copying 0 resource from src\main\resources to target\classes
2025-04-19 01:19:05,486 [Worker-40: Building] INFO  o.a.m.s.f.DefaultMavenResourcesFiltering - skip non existing resourceDirectory C:\src\proyectobomber\JavaWorskpace\bombero\src\test\resources
2025-04-19 01:19:08,574 [Worker-34: Building] INFO  o.a.m.s.f.DefaultMavenResourcesFiltering - Copying 1 resource from src\main\resources to target\classes
2025-04-19 01:19:08,577 [Worker-34: Building] INFO  o.a.m.s.f.DefaultMavenResourcesFiltering - Copying 0 resource from src\main\resources to target\classes
2025-04-19 01:19:08,579 [Worker-34: Building] INFO  o.a.m.s.f.DefaultMavenResourcesFiltering - skip non existing resourceDirectory C:\src\proyectobomber\JavaWorskpace\bombero\src\test\resources
2025-04-19 01:19:56,317 [Worker-31: Building] INFO  o.a.m.s.f.DefaultMavenResourcesFiltering - Copying 1 resource from src\main\resources to target\classes
2025-04-19 01:19:56,320 [Worker-31: Building] INFO  o.a.m.s.f.DefaultMavenResourcesFiltering - Copying 0 resource from src\main\resources to target\classes
2025-04-19 01:19:56,322 [Worker-31: Building] INFO  o.a.m.s.f.DefaultMavenResourcesFiltering - skip non existing resourceDirectory C:\src\proyectobomber\JavaWorskpace\bombero\src\test\resources
2025-04-19 01:23:57,151 [Worker-33: Building] INFO  o.a.m.s.f.DefaultMavenResourcesFiltering - Copying 1 resource from src\main\resources to target\classes
2025-04-19 01:23:57,158 [Worker-33: Building] INFO  o.a.m.s.f.DefaultMavenResourcesFiltering - Copying 0 resource from src\main\resources to target\classes
2025-04-19 01:23:57,161 [Worker-33: Building] INFO  o.a.m.s.f.DefaultMavenResourcesFiltering - skip non existing resourceDirectory C:\src\proyectobomber\JavaWorskpace\bombero\src\test\resources
2025-04-19 01:24:17,470 [Worker-42: Building] INFO  o.a.m.s.f.DefaultMavenResourcesFiltering - Copying 1 resource from src\main\resources to target\classes
2025-04-19 01:24:17,474 [Worker-42: Building] INFO  o.a.m.s.f.DefaultMavenResourcesFiltering - Copying 0 resource from src\main\resources to target\classes
2025-04-19 01:24:17,477 [Worker-42: Building] INFO  o.a.m.s.f.DefaultMavenResourcesFiltering - skip non existing resourceDirectory C:\src\proyectobomber\JavaWorskpace\bombero\src\test\resources
2025-04-19 01:26:59,230 [Worker-41: Building] INFO  o.a.m.s.f.DefaultMavenResourcesFiltering - Copying 1 resource from src\main\resources to target\classes
2025-04-19 01:26:59,238 [Worker-41: Building] INFO  o.a.m.s.f.DefaultMavenResourcesFiltering - Copying 0 resource from src\main\resources to target\classes
2025-04-19 01:26:59,241 [Worker-41: Building] INFO  o.a.m.s.f.DefaultMavenResourcesFiltering - skip non existing resourceDirectory C:\src\proyectobomber\JavaWorskpace\bombero\src\test\resources
2025-04-19 01:27:43,212 [Worker-44: Building] INFO  o.a.m.s.f.DefaultMavenResourcesFiltering - Copying 1 resource from src\main\resources to target\classes
2025-04-19 01:27:43,216 [Worker-44: Building] INFO  o.a.m.s.f.DefaultMavenResourcesFiltering - Copying 0 resource from src\main\resources to target\classes
2025-04-19 01:27:43,219 [Worker-44: Building] INFO  o.a.m.s.f.DefaultMavenResourcesFiltering - skip non existing resourceDirectory C:\src\proyectobomber\JavaWorskpace\bombero\src\test\resources
2025-04-19 01:28:31,768 [Worker-43: Building] INFO  o.a.m.s.f.DefaultMavenResourcesFiltering - Copying 1 resource from src\main\resources to target\classes
2025-04-19 01:28:31,791 [Worker-43: Building] INFO  o.a.m.s.f.DefaultMavenResourcesFiltering - Copying 0 resource from src\main\resources to target\classes
2025-04-19 01:28:31,797 [Worker-43: Building] INFO  o.a.m.s.f.DefaultMavenResourcesFiltering - skip non existing resourceDirectory C:\src\proyectobomber\JavaWorskpace\bombero\src\test\resources
2025-04-19 01:29:34,767 [Worker-39: Building] INFO  o.a.m.s.f.DefaultMavenResourcesFiltering - Copying 1 resource from src\main\resources to target\classes
2025-04-19 01:29:34,770 [Worker-39: Building] INFO  o.a.m.s.f.DefaultMavenResourcesFiltering - Copying 0 resource from src\main\resources to target\classes
2025-04-19 01:29:34,773 [Worker-39: Building] INFO  o.a.m.s.f.DefaultMavenResourcesFiltering - skip non existing resourceDirectory C:\src\proyectobomber\JavaWorskpace\bombero\src\test\resources
2025-04-19 01:52:09,376 [Worker-46: Building] INFO  o.a.m.s.f.DefaultMavenResourcesFiltering - Copying 1 resource from src\main\resources to target\classes
2025-04-19 01:52:09,383 [Worker-46: Building] INFO  o.a.m.s.f.DefaultMavenResourcesFiltering - Copying 0 resource from src\main\resources to target\classes
2025-04-19 01:52:09,385 [Worker-46: Building] INFO  o.a.m.s.f.DefaultMavenResourcesFiltering - skip non existing resourceDirectory C:\src\proyectobomber\JavaWorskpace\bombero\src\test\resources
2025-04-19 01:52:42,884 [Worker-51: Building] INFO  o.a.m.s.f.DefaultMavenResourcesFiltering - Copying 1 resource from src\main\resources to target\classes
2025-04-19 01:52:42,890 [Worker-51: Building] INFO  o.a.m.s.f.DefaultMavenResourcesFiltering - Copying 0 resource from src\main\resources to target\classes
2025-04-19 01:52:42,893 [Worker-51: Building] INFO  o.a.m.s.f.DefaultMavenResourcesFiltering - skip non existing resourceDirectory C:\src\proyectobomber\JavaWorskpace\bombero\src\test\resources
2025-04-19 01:52:52,184 [Worker-40: Building] INFO  o.a.m.s.f.DefaultMavenResourcesFiltering - Copying 1 resource from src\main\resources to target\classes
2025-04-19 01:52:52,189 [Worker-40: Building] INFO  o.a.m.s.f.DefaultMavenResourcesFiltering - Copying 0 resource from src\main\resources to target\classes
2025-04-19 01:52:52,192 [Worker-40: Building] INFO  o.a.m.s.f.DefaultMavenResourcesFiltering - skip non existing resourceDirectory C:\src\proyectobomber\JavaWorskpace\bombero\src\test\resources
2025-04-19 02:00:16,796 [Worker-51: Building] INFO  o.a.m.s.f.DefaultMavenResourcesFiltering - Copying 1 resource from src\main\resources to target\classes
2025-04-19 02:00:16,802 [Worker-51: Building] INFO  o.a.m.s.f.DefaultMavenResourcesFiltering - Copying 0 resource from src\main\resources to target\classes
2025-04-19 02:00:16,804 [Worker-51: Building] INFO  o.a.m.s.f.DefaultMavenResourcesFiltering - skip non existing resourceDirectory C:\src\proyectobomber\JavaWorskpace\bombero\src\test\resources
2025-04-19 02:00:25,062 [Worker-50: Building] INFO  o.a.m.s.f.DefaultMavenResourcesFiltering - Copying 1 resource from src\main\resources to target\classes
2025-04-19 02:00:25,067 [Worker-50: Building] INFO  o.a.m.s.f.DefaultMavenResourcesFiltering - Copying 0 resource from src\main\resources to target\classes
2025-04-19 02:00:25,071 [Worker-50: Building] INFO  o.a.m.s.f.DefaultMavenResourcesFiltering - skip non existing resourceDirectory C:\src\proyectobomber\JavaWorskpace\bombero\src\test\resources
2025-04-19 02:03:04,762 [Worker-57: Building] INFO  o.a.m.s.f.DefaultMavenResourcesFiltering - Copying 1 resource from src\main\resources to target\classes
2025-04-19 02:03:04,766 [Worker-57: Building] INFO  o.a.m.s.f.DefaultMavenResourcesFiltering - Copying 0 resource from src\main\resources to target\classes
2025-04-19 02:03:04,768 [Worker-57: Building] INFO  o.a.m.s.f.DefaultMavenResourcesFiltering - skip non existing resourceDirectory C:\src\proyectobomber\JavaWorskpace\bombero\src\test\resources
2025-04-19 02:07:09,691 [Worker-60: Building] INFO  o.a.m.s.f.DefaultMavenResourcesFiltering - Copying 1 resource from src\main\resources to target\classes
2025-04-19 02:07:09,696 [Worker-60: Building] INFO  o.a.m.s.f.DefaultMavenResourcesFiltering - Copying 0 resource from src\main\resources to target\classes
2025-04-19 02:07:09,698 [Worker-60: Building] INFO  o.a.m.s.f.DefaultMavenResourcesFiltering - skip non existing resourceDirectory C:\src\proyectobomber\JavaWorskpace\bombero\src\test\resources
2025-04-19 02:08:35,906 [Worker-59: Building] INFO  o.a.m.s.f.DefaultMavenResourcesFiltering - Copying 1 resource from src\main\resources to target\classes
2025-04-19 02:08:35,911 [Worker-59: Building] INFO  o.a.m.s.f.DefaultMavenResourcesFiltering - Copying 0 resource from src\main\resources to target\classes
2025-04-19 02:08:35,915 [Worker-59: Building] INFO  o.a.m.s.f.DefaultMavenResourcesFiltering - skip non existing resourceDirectory C:\src\proyectobomber\JavaWorskpace\bombero\src\test\resources
2025-04-19 02:08:55,026 [Worker-56: Building] INFO  o.a.m.s.f.DefaultMavenResourcesFiltering - Copying 1 resource from src\main\resources to target\classes
2025-04-19 02:08:55,029 [Worker-56: Building] INFO  o.a.m.s.f.DefaultMavenResourcesFiltering - Copying 0 resource from src\main\resources to target\classes
2025-04-19 02:08:55,031 [Worker-56: Building] INFO  o.a.m.s.f.DefaultMavenResourcesFiltering - skip non existing resourceDirectory C:\src\proyectobomber\JavaWorskpace\bombero\src\test\resources
2025-04-19 02:09:43,793 [Worker-61: Building] INFO  o.a.m.s.f.DefaultMavenResourcesFiltering - Copying 1 resource from src\main\resources to target\classes
2025-04-19 02:09:43,797 [Worker-61: Building] INFO  o.a.m.s.f.DefaultMavenResourcesFiltering - Copying 0 resource from src\main\resources to target\classes
2025-04-19 02:09:43,799 [Worker-61: Building] INFO  o.a.m.s.f.DefaultMavenResourcesFiltering - skip non existing resourceDirectory C:\src\proyectobomber\JavaWorskpace\bombero\src\test\resources
2025-04-19 02:12:12,049 [Worker-65: Building] INFO  o.a.m.s.f.DefaultMavenResourcesFiltering - Copying 1 resource from src\main\resources to target\classes
2025-04-19 02:12:12,055 [Worker-65: Building] INFO  o.a.m.s.f.DefaultMavenResourcesFiltering - Copying 0 resource from src\main\resources to target\classes
2025-04-19 02:12:12,057 [Worker-65: Building] INFO  o.a.m.s.f.DefaultMavenResourcesFiltering - skip non existing resourceDirectory C:\src\proyectobomber\JavaWorskpace\bombero\src\test\resources
2025-04-19 02:22:32,152 [Worker-72: Building] INFO  o.a.m.s.f.DefaultMavenResourcesFiltering - Copying 1 resource from src\main\resources to target\classes
2025-04-19 02:22:32,159 [Worker-72: Building] INFO  o.a.m.s.f.DefaultMavenResourcesFiltering - Copying 0 resource from src\main\resources to target\classes
2025-04-19 02:22:32,162 [Worker-72: Building] INFO  o.a.m.s.f.DefaultMavenResourcesFiltering - skip non existing resourceDirectory C:\src\proyectobomber\JavaWorskpace\bombero\src\test\resources
2025-04-19 02:31:03,656 [Worker-78: Building] INFO  o.a.m.s.f.DefaultMavenResourcesFiltering - Copying 1 resource from src\main\resources to target\classes
2025-04-19 02:31:03,662 [Worker-78: Building] INFO  o.a.m.s.f.DefaultMavenResourcesFiltering - Copying 0 resource from src\main\resources to target\classes
2025-04-19 02:31:03,666 [Worker-78: Building] INFO  o.a.m.s.f.DefaultMavenResourcesFiltering - skip non existing resourceDirectory C:\src\proyectobomber\JavaWorskpace\bombero\src\test\resources
2025-04-21 13:29:03,537 [Worker-1: Loading available Gradle versions] INFO  o.e.b.c.i.u.g.PublishedGradleVersions - Gradle version information cache is out-of-date. Trying to update.
2025-04-21 13:29:05,111 [Worker-1: Loading available Gradle versions] ERROR o.e.b.c.i.u.g.PublishedGradleVersions - Cannot write Gradle version information cache file.
java.io.FileNotFoundException: C:\Users\user\.cache\tooling\gradle\versions.json (Acceso denegado)
	at java.base/java.io.FileOutputStream.open0(Native Method)
	at java.base/java.io.FileOutputStream.open(FileOutputStream.java:289)
	at java.base/java.io.FileOutputStream.<init>(FileOutputStream.java:230)
	at com.google.common.io.Files$FileByteSink.openStream(Files.java:197)
	at com.google.common.io.Files$FileByteSink.openStream(Files.java:185)
	at com.google.common.io.ByteSink$AsCharSink.openStream(ByteSink.java:152)
	at com.google.common.io.CharSource$StringCharSource.copyTo(CharSource.java:662)
	at org.eclipse.buildship.core.internal.util.gradle.PublishedGradleVersions.storeCacheVersionsFile(PublishedGradleVersions.java:184)
	at org.eclipse.buildship.core.internal.util.gradle.PublishedGradleVersions.tryToDownloadAndCacheVersions(PublishedGradleVersions.java:150)
	at org.eclipse.buildship.core.internal.util.gradle.PublishedGradleVersions.tryToUpdateOutdatedVersionsFile(PublishedGradleVersions.java:133)
	at org.eclipse.buildship.core.internal.util.gradle.PublishedGradleVersions.create(PublishedGradleVersions.java:117)
	at org.eclipse.buildship.core.internal.util.gradle.PublishedGradleVersionsWrapper$LoadVersionsJob.run(PublishedGradleVersionsWrapper.java:73)
	at org.eclipse.core.internal.jobs.Worker.run(Worker.java:63)
2025-04-21 19:15:03,968 [Worker-1: Loading available Gradle versions] INFO  o.e.b.c.i.u.g.PublishedGradleVersions - Gradle version information cache is out-of-date. Trying to update.
2025-04-21 19:15:04,602 [Worker-1: Loading available Gradle versions] INFO  o.e.b.c.i.u.g.PublishedGradleVersions - Updating Gradle version information cache failed. Using outdated cache.
2025-04-21 19:16:29,804 [Worker-8: Launching bombero - BomberoApplication] INFO  o.a.m.s.f.DefaultMavenResourcesFiltering - Copying 1 resource from src\main\resources to target\classes
2025-04-21 19:16:29,824 [Worker-8: Launching bombero - BomberoApplication] INFO  o.a.m.s.f.DefaultMavenResourcesFiltering - Copying 0 resource from src\main\resources to target\classes
2025-04-21 19:16:29,829 [Worker-8: Launching bombero - BomberoApplication] INFO  o.a.m.s.f.DefaultMavenResourcesFiltering - skip non existing resourceDirectory C:\src\proyectobomber\JavaWorskpace\bombero\src\test\resources
2025-04-22 14:45:57,613 [Worker-1: Loading available Gradle versions] INFO  o.e.b.c.i.u.g.PublishedGradleVersions - Gradle version information cache is out-of-date. Trying to update.
2025-04-22 14:45:59,015 [Worker-1: Loading available Gradle versions] ERROR o.e.b.c.i.u.g.PublishedGradleVersions - Cannot write Gradle version information cache file.
java.io.FileNotFoundException: C:\Users\user\.cache\tooling\gradle\versions.json (Acceso denegado)
	at java.base/java.io.FileOutputStream.open0(Native Method)
	at java.base/java.io.FileOutputStream.open(FileOutputStream.java:289)
	at java.base/java.io.FileOutputStream.<init>(FileOutputStream.java:230)
	at com.google.common.io.Files$FileByteSink.openStream(Files.java:197)
	at com.google.common.io.Files$FileByteSink.openStream(Files.java:185)
	at com.google.common.io.ByteSink$AsCharSink.openStream(ByteSink.java:152)
	at com.google.common.io.CharSource$StringCharSource.copyTo(CharSource.java:662)
	at org.eclipse.buildship.core.internal.util.gradle.PublishedGradleVersions.storeCacheVersionsFile(PublishedGradleVersions.java:184)
	at org.eclipse.buildship.core.internal.util.gradle.PublishedGradleVersions.tryToDownloadAndCacheVersions(PublishedGradleVersions.java:150)
	at org.eclipse.buildship.core.internal.util.gradle.PublishedGradleVersions.tryToUpdateOutdatedVersionsFile(PublishedGradleVersions.java:133)
	at org.eclipse.buildship.core.internal.util.gradle.PublishedGradleVersions.create(PublishedGradleVersions.java:117)
	at org.eclipse.buildship.core.internal.util.gradle.PublishedGradleVersionsWrapper$LoadVersionsJob.run(PublishedGradleVersionsWrapper.java:73)
	at org.eclipse.core.internal.jobs.Worker.run(Worker.java:63)
2025-04-22 17:48:33,168 [Worker-20: Building] INFO  o.a.m.s.f.DefaultMavenResourcesFiltering - Copying 1 resource from src\main\resources to target\classes
2025-04-22 17:48:33,236 [Worker-20: Building] INFO  o.a.m.s.f.DefaultMavenResourcesFiltering - Copying 0 resource from src\main\resources to target\classes
2025-04-22 17:48:33,250 [Worker-20: Building] INFO  o.a.m.s.f.DefaultMavenResourcesFiltering - skip non existing resourceDirectory C:\src\proyectobomber\JavaWorskpace\bombero\src\test\resources
2025-04-22 18:17:29,954 [Worker-7: Loading available Gradle versions] INFO  o.e.b.c.i.u.g.PublishedGradleVersions - Gradle version information cache is out-of-date. Trying to update.
2025-04-22 18:17:30,773 [Worker-7: Loading available Gradle versions] INFO  o.e.b.c.i.u.g.PublishedGradleVersions - Updating Gradle version information cache failed. Using outdated cache.
2025-04-23 09:06:37,999 [Worker-1: Loading available Gradle versions] INFO  o.e.b.c.i.u.g.PublishedGradleVersions - Gradle version information cache is out-of-date. Trying to update.
2025-04-23 09:06:39,617 [Worker-1: Loading available Gradle versions] ERROR o.e.b.c.i.u.g.PublishedGradleVersions - Cannot write Gradle version information cache file.
java.io.FileNotFoundException: C:\Users\user\.cache\tooling\gradle\versions.json (Acceso denegado)
	at java.base/java.io.FileOutputStream.open0(Native Method)
	at java.base/java.io.FileOutputStream.open(FileOutputStream.java:289)
	at java.base/java.io.FileOutputStream.<init>(FileOutputStream.java:230)
	at com.google.common.io.Files$FileByteSink.openStream(Files.java:197)
	at com.google.common.io.Files$FileByteSink.openStream(Files.java:185)
	at com.google.common.io.ByteSink$AsCharSink.openStream(ByteSink.java:152)
	at com.google.common.io.CharSource$StringCharSource.copyTo(CharSource.java:662)
	at org.eclipse.buildship.core.internal.util.gradle.PublishedGradleVersions.storeCacheVersionsFile(PublishedGradleVersions.java:184)
	at org.eclipse.buildship.core.internal.util.gradle.PublishedGradleVersions.tryToDownloadAndCacheVersions(PublishedGradleVersions.java:150)
	at org.eclipse.buildship.core.internal.util.gradle.PublishedGradleVersions.tryToUpdateOutdatedVersionsFile(PublishedGradleVersions.java:133)
	at org.eclipse.buildship.core.internal.util.gradle.PublishedGradleVersions.create(PublishedGradleVersions.java:117)
	at org.eclipse.buildship.core.internal.util.gradle.PublishedGradleVersionsWrapper$LoadVersionsJob.run(PublishedGradleVersionsWrapper.java:73)
	at org.eclipse.core.internal.jobs.Worker.run(Worker.java:63)
2025-04-23 18:57:38,012 [Worker-4: Loading available Gradle versions] INFO  o.e.b.c.i.u.g.PublishedGradleVersions - Gradle version information cache is out-of-date. Trying to update.
2025-04-23 18:57:39,307 [Worker-4: Loading available Gradle versions] ERROR o.e.b.c.i.u.g.PublishedGradleVersions - Cannot write Gradle version information cache file.
java.io.FileNotFoundException: C:\Users\user\.cache\tooling\gradle\versions.json (Acceso denegado)
	at java.base/java.io.FileOutputStream.open0(Native Method)
	at java.base/java.io.FileOutputStream.open(FileOutputStream.java:289)
	at java.base/java.io.FileOutputStream.<init>(FileOutputStream.java:230)
	at com.google.common.io.Files$FileByteSink.openStream(Files.java:197)
	at com.google.common.io.Files$FileByteSink.openStream(Files.java:185)
	at com.google.common.io.ByteSink$AsCharSink.openStream(ByteSink.java:152)
	at com.google.common.io.CharSource$StringCharSource.copyTo(CharSource.java:662)
	at org.eclipse.buildship.core.internal.util.gradle.PublishedGradleVersions.storeCacheVersionsFile(PublishedGradleVersions.java:184)
	at org.eclipse.buildship.core.internal.util.gradle.PublishedGradleVersions.tryToDownloadAndCacheVersions(PublishedGradleVersions.java:150)
	at org.eclipse.buildship.core.internal.util.gradle.PublishedGradleVersions.tryToUpdateOutdatedVersionsFile(PublishedGradleVersions.java:133)
	at org.eclipse.buildship.core.internal.util.gradle.PublishedGradleVersions.create(PublishedGradleVersions.java:117)
	at org.eclipse.buildship.core.internal.util.gradle.PublishedGradleVersionsWrapper$LoadVersionsJob.run(PublishedGradleVersionsWrapper.java:73)
	at org.eclipse.core.internal.jobs.Worker.run(Worker.java:63)
2025-04-24 12:57:33,110 [Worker-1: Loading available Gradle versions] INFO  o.e.b.c.i.u.g.PublishedGradleVersions - Gradle version information cache is out-of-date. Trying to update.
2025-04-24 12:57:34,656 [Worker-1: Loading available Gradle versions] ERROR o.e.b.c.i.u.g.PublishedGradleVersions - Cannot write Gradle version information cache file.
java.io.FileNotFoundException: C:\Users\user\.cache\tooling\gradle\versions.json (Acceso denegado)
	at java.base/java.io.FileOutputStream.open0(Native Method)
	at java.base/java.io.FileOutputStream.open(FileOutputStream.java:289)
	at java.base/java.io.FileOutputStream.<init>(FileOutputStream.java:230)
	at com.google.common.io.Files$FileByteSink.openStream(Files.java:197)
	at com.google.common.io.Files$FileByteSink.openStream(Files.java:185)
	at com.google.common.io.ByteSink$AsCharSink.openStream(ByteSink.java:152)
	at com.google.common.io.CharSource$StringCharSource.copyTo(CharSource.java:662)
	at org.eclipse.buildship.core.internal.util.gradle.PublishedGradleVersions.storeCacheVersionsFile(PublishedGradleVersions.java:184)
	at org.eclipse.buildship.core.internal.util.gradle.PublishedGradleVersions.tryToDownloadAndCacheVersions(PublishedGradleVersions.java:150)
	at org.eclipse.buildship.core.internal.util.gradle.PublishedGradleVersions.tryToUpdateOutdatedVersionsFile(PublishedGradleVersions.java:133)
	at org.eclipse.buildship.core.internal.util.gradle.PublishedGradleVersions.create(PublishedGradleVersions.java:117)
	at org.eclipse.buildship.core.internal.util.gradle.PublishedGradleVersionsWrapper$LoadVersionsJob.run(PublishedGradleVersionsWrapper.java:73)
	at org.eclipse.core.internal.jobs.Worker.run(Worker.java:63)
2025-04-24 21:01:44,997 [Worker-7: Loading available Gradle versions] INFO  o.e.b.c.i.u.g.PublishedGradleVersions - Gradle version information cache is out-of-date. Trying to update.
2025-04-24 21:01:46,918 [Worker-7: Loading available Gradle versions] ERROR o.e.b.c.i.u.g.PublishedGradleVersions - Cannot write Gradle version information cache file.
java.io.FileNotFoundException: C:\Users\user\.cache\tooling\gradle\versions.json (Acceso denegado)
	at java.base/java.io.FileOutputStream.open0(Native Method)
	at java.base/java.io.FileOutputStream.open(FileOutputStream.java:289)
	at java.base/java.io.FileOutputStream.<init>(FileOutputStream.java:230)
	at com.google.common.io.Files$FileByteSink.openStream(Files.java:197)
	at com.google.common.io.Files$FileByteSink.openStream(Files.java:185)
	at com.google.common.io.ByteSink$AsCharSink.openStream(ByteSink.java:152)
	at com.google.common.io.CharSource$StringCharSource.copyTo(CharSource.java:662)
	at org.eclipse.buildship.core.internal.util.gradle.PublishedGradleVersions.storeCacheVersionsFile(PublishedGradleVersions.java:184)
	at org.eclipse.buildship.core.internal.util.gradle.PublishedGradleVersions.tryToDownloadAndCacheVersions(PublishedGradleVersions.java:150)
	at org.eclipse.buildship.core.internal.util.gradle.PublishedGradleVersions.tryToUpdateOutdatedVersionsFile(PublishedGradleVersions.java:133)
	at org.eclipse.buildship.core.internal.util.gradle.PublishedGradleVersions.create(PublishedGradleVersions.java:117)
	at org.eclipse.buildship.core.internal.util.gradle.PublishedGradleVersionsWrapper$LoadVersionsJob.run(PublishedGradleVersionsWrapper.java:73)
	at org.eclipse.core.internal.jobs.Worker.run(Worker.java:63)
2025-04-29 13:35:36,224 [Worker-1: Loading available Gradle versions] INFO  o.e.b.c.i.u.g.PublishedGradleVersions - Gradle version information cache is out-of-date. Trying to update.
2025-04-29 13:35:37,535 [Worker-1: Loading available Gradle versions] ERROR o.e.b.c.i.u.g.PublishedGradleVersions - Cannot write Gradle version information cache file.
java.io.FileNotFoundException: C:\Users\user\.cache\tooling\gradle\versions.json (Acceso denegado)
	at java.base/java.io.FileOutputStream.open0(Native Method)
	at java.base/java.io.FileOutputStream.open(FileOutputStream.java:289)
	at java.base/java.io.FileOutputStream.<init>(FileOutputStream.java:230)
	at com.google.common.io.Files$FileByteSink.openStream(Files.java:197)
	at com.google.common.io.Files$FileByteSink.openStream(Files.java:185)
	at com.google.common.io.ByteSink$AsCharSink.openStream(ByteSink.java:152)
	at com.google.common.io.CharSource$StringCharSource.copyTo(CharSource.java:662)
	at org.eclipse.buildship.core.internal.util.gradle.PublishedGradleVersions.storeCacheVersionsFile(PublishedGradleVersions.java:184)
	at org.eclipse.buildship.core.internal.util.gradle.PublishedGradleVersions.tryToDownloadAndCacheVersions(PublishedGradleVersions.java:150)
	at org.eclipse.buildship.core.internal.util.gradle.PublishedGradleVersions.tryToUpdateOutdatedVersionsFile(PublishedGradleVersions.java:133)
	at org.eclipse.buildship.core.internal.util.gradle.PublishedGradleVersions.create(PublishedGradleVersions.java:117)
	at org.eclipse.buildship.core.internal.util.gradle.PublishedGradleVersionsWrapper$LoadVersionsJob.run(PublishedGradleVersionsWrapper.java:73)
	at org.eclipse.core.internal.jobs.Worker.run(Worker.java:63)
2025-05-02 10:45:07,704 [Worker-0: Loading available Gradle versions] INFO  o.e.b.c.i.u.g.PublishedGradleVersions - Gradle version information cache is out-of-date. Trying to update.
2025-05-02 10:45:08,816 [Worker-0: Loading available Gradle versions] ERROR o.e.b.c.i.u.g.PublishedGradleVersions - Cannot write Gradle version information cache file.
java.io.FileNotFoundException: C:\Users\user\.cache\tooling\gradle\versions.json (Acceso denegado)
	at java.base/java.io.FileOutputStream.open0(Native Method)
	at java.base/java.io.FileOutputStream.open(FileOutputStream.java:289)
	at java.base/java.io.FileOutputStream.<init>(FileOutputStream.java:230)
	at com.google.common.io.Files$FileByteSink.openStream(Files.java:197)
	at com.google.common.io.Files$FileByteSink.openStream(Files.java:185)
	at com.google.common.io.ByteSink$AsCharSink.openStream(ByteSink.java:152)
	at com.google.common.io.CharSource$StringCharSource.copyTo(CharSource.java:662)
	at org.eclipse.buildship.core.internal.util.gradle.PublishedGradleVersions.storeCacheVersionsFile(PublishedGradleVersions.java:184)
	at org.eclipse.buildship.core.internal.util.gradle.PublishedGradleVersions.tryToDownloadAndCacheVersions(PublishedGradleVersions.java:150)
	at org.eclipse.buildship.core.internal.util.gradle.PublishedGradleVersions.tryToUpdateOutdatedVersionsFile(PublishedGradleVersions.java:133)
	at org.eclipse.buildship.core.internal.util.gradle.PublishedGradleVersions.create(PublishedGradleVersions.java:117)
	at org.eclipse.buildship.core.internal.util.gradle.PublishedGradleVersionsWrapper$LoadVersionsJob.run(PublishedGradleVersionsWrapper.java:73)
	at org.eclipse.core.internal.jobs.Worker.run(Worker.java:63)
2025-05-02 13:23:14,523 [Worker-25: Building] INFO  o.a.m.s.f.DefaultMavenResourcesFiltering - Copying 1 resource from src\main\resources to target\classes
2025-05-02 13:23:14,545 [Worker-25: Building] INFO  o.a.m.s.f.DefaultMavenResourcesFiltering - Copying 0 resource from src\main\resources to target\classes
2025-05-02 13:23:14,550 [Worker-25: Building] INFO  o.a.m.s.f.DefaultMavenResourcesFiltering - skip non existing resourceDirectory C:\src\proyectobomber\JavaWorskpace\bombero\src\test\resources
2025-05-04 17:17:20,272 [Worker-7: Loading available Gradle versions] INFO  o.e.b.c.i.u.g.PublishedGradleVersions - Gradle version information cache is out-of-date. Trying to update.
2025-05-04 17:17:21,374 [Worker-7: Loading available Gradle versions] INFO  o.e.b.c.i.u.g.PublishedGradleVersions - Updating Gradle version information cache failed. Using outdated cache.
2025-05-08 09:11:48,477 [Worker-2: Loading available Gradle versions] INFO  o.e.b.c.i.u.g.PublishedGradleVersions - Gradle version information cache is out-of-date. Trying to update.
2025-05-08 09:11:50,028 [Worker-2: Loading available Gradle versions] ERROR o.e.b.c.i.u.g.PublishedGradleVersions - Cannot write Gradle version information cache file.
java.io.FileNotFoundException: C:\Users\user\.cache\tooling\gradle\versions.json (Acceso denegado)
	at java.base/java.io.FileOutputStream.open0(Native Method)
	at java.base/java.io.FileOutputStream.open(FileOutputStream.java:289)
	at java.base/java.io.FileOutputStream.<init>(FileOutputStream.java:230)
	at com.google.common.io.Files$FileByteSink.openStream(Files.java:197)
	at com.google.common.io.Files$FileByteSink.openStream(Files.java:185)
	at com.google.common.io.ByteSink$AsCharSink.openStream(ByteSink.java:152)
	at com.google.common.io.CharSource$StringCharSource.copyTo(CharSource.java:662)
	at org.eclipse.buildship.core.internal.util.gradle.PublishedGradleVersions.storeCacheVersionsFile(PublishedGradleVersions.java:184)
	at org.eclipse.buildship.core.internal.util.gradle.PublishedGradleVersions.tryToDownloadAndCacheVersions(PublishedGradleVersions.java:150)
	at org.eclipse.buildship.core.internal.util.gradle.PublishedGradleVersions.tryToUpdateOutdatedVersionsFile(PublishedGradleVersions.java:133)
	at org.eclipse.buildship.core.internal.util.gradle.PublishedGradleVersions.create(PublishedGradleVersions.java:117)
	at org.eclipse.buildship.core.internal.util.gradle.PublishedGradleVersionsWrapper$LoadVersionsJob.run(PublishedGradleVersionsWrapper.java:73)
	at org.eclipse.core.internal.jobs.Worker.run(Worker.java:63)
2025-05-08 20:01:18,311 [Worker-7: Loading available Gradle versions] INFO  o.e.b.c.i.u.g.PublishedGradleVersions - Gradle version information cache is out-of-date. Trying to update.
2025-05-08 20:01:20,577 [Worker-7: Loading available Gradle versions] ERROR o.e.b.c.i.u.g.PublishedGradleVersions - Cannot write Gradle version information cache file.
java.io.FileNotFoundException: C:\Users\user\.cache\tooling\gradle\versions.json (Acceso denegado)
	at java.base/java.io.FileOutputStream.open0(Native Method)
	at java.base/java.io.FileOutputStream.open(FileOutputStream.java:289)
	at java.base/java.io.FileOutputStream.<init>(FileOutputStream.java:230)
	at com.google.common.io.Files$FileByteSink.openStream(Files.java:197)
	at com.google.common.io.Files$FileByteSink.openStream(Files.java:185)
	at com.google.common.io.ByteSink$AsCharSink.openStream(ByteSink.java:152)
	at com.google.common.io.CharSource$StringCharSource.copyTo(CharSource.java:662)
	at org.eclipse.buildship.core.internal.util.gradle.PublishedGradleVersions.storeCacheVersionsFile(PublishedGradleVersions.java:184)
	at org.eclipse.buildship.core.internal.util.gradle.PublishedGradleVersions.tryToDownloadAndCacheVersions(PublishedGradleVersions.java:150)
	at org.eclipse.buildship.core.internal.util.gradle.PublishedGradleVersions.tryToUpdateOutdatedVersionsFile(PublishedGradleVersions.java:133)
	at org.eclipse.buildship.core.internal.util.gradle.PublishedGradleVersions.create(PublishedGradleVersions.java:117)
	at org.eclipse.buildship.core.internal.util.gradle.PublishedGradleVersionsWrapper$LoadVersionsJob.run(PublishedGradleVersionsWrapper.java:73)
	at org.eclipse.core.internal.jobs.Worker.run(Worker.java:63)
2025-05-08 20:01:52,759 [Worker-11: Launching bombero - BomberoApplication] INFO  o.a.m.s.f.DefaultMavenResourcesFiltering - Copying 1 resource from src\main\resources to target\classes
2025-05-08 20:01:52,782 [Worker-11: Launching bombero - BomberoApplication] INFO  o.a.m.s.f.DefaultMavenResourcesFiltering - Copying 0 resource from src\main\resources to target\classes
2025-05-08 20:01:52,787 [Worker-11: Launching bombero - BomberoApplication] INFO  o.a.m.s.f.DefaultMavenResourcesFiltering - skip non existing resourceDirectory C:\src\proyectobomber\JavaWorskpace\bombero\src\test\resources
2025-05-10 22:35:01,596 [Worker-5: Loading available Gradle versions] INFO  o.e.b.c.i.u.g.PublishedGradleVersions - Gradle version information cache is out-of-date. Trying to update.
2025-05-10 22:35:03,065 [Worker-5: Loading available Gradle versions] ERROR o.e.b.c.i.u.g.PublishedGradleVersions - Cannot write Gradle version information cache file.
java.io.FileNotFoundException: C:\Users\user\.cache\tooling\gradle\versions.json (Acceso denegado)
	at java.base/java.io.FileOutputStream.open0(Native Method)
	at java.base/java.io.FileOutputStream.open(FileOutputStream.java:289)
	at java.base/java.io.FileOutputStream.<init>(FileOutputStream.java:230)
	at com.google.common.io.Files$FileByteSink.openStream(Files.java:197)
	at com.google.common.io.Files$FileByteSink.openStream(Files.java:185)
	at com.google.common.io.ByteSink$AsCharSink.openStream(ByteSink.java:152)
	at com.google.common.io.CharSource$StringCharSource.copyTo(CharSource.java:662)
	at org.eclipse.buildship.core.internal.util.gradle.PublishedGradleVersions.storeCacheVersionsFile(PublishedGradleVersions.java:184)
	at org.eclipse.buildship.core.internal.util.gradle.PublishedGradleVersions.tryToDownloadAndCacheVersions(PublishedGradleVersions.java:150)
	at org.eclipse.buildship.core.internal.util.gradle.PublishedGradleVersions.tryToUpdateOutdatedVersionsFile(PublishedGradleVersions.java:133)
	at org.eclipse.buildship.core.internal.util.gradle.PublishedGradleVersions.create(PublishedGradleVersions.java:117)
	at org.eclipse.buildship.core.internal.util.gradle.PublishedGradleVersionsWrapper$LoadVersionsJob.run(PublishedGradleVersionsWrapper.java:73)
	at org.eclipse.core.internal.jobs.Worker.run(Worker.java:63)
2025-05-11 14:17:35,958 [Worker-4: Loading available Gradle versions] INFO  o.e.b.c.i.u.g.PublishedGradleVersions - Gradle version information cache is out-of-date. Trying to update.
2025-05-11 14:17:37,686 [Worker-4: Loading available Gradle versions] ERROR o.e.b.c.i.u.g.PublishedGradleVersions - Cannot write Gradle version information cache file.
java.io.FileNotFoundException: C:\Users\user\.cache\tooling\gradle\versions.json (Acceso denegado)
	at java.base/java.io.FileOutputStream.open0(Native Method)
	at java.base/java.io.FileOutputStream.open(FileOutputStream.java:289)
	at java.base/java.io.FileOutputStream.<init>(FileOutputStream.java:230)
	at com.google.common.io.Files$FileByteSink.openStream(Files.java:197)
	at com.google.common.io.Files$FileByteSink.openStream(Files.java:185)
	at com.google.common.io.ByteSink$AsCharSink.openStream(ByteSink.java:152)
	at com.google.common.io.CharSource$StringCharSource.copyTo(CharSource.java:662)
	at org.eclipse.buildship.core.internal.util.gradle.PublishedGradleVersions.storeCacheVersionsFile(PublishedGradleVersions.java:184)
	at org.eclipse.buildship.core.internal.util.gradle.PublishedGradleVersions.tryToDownloadAndCacheVersions(PublishedGradleVersions.java:150)
	at org.eclipse.buildship.core.internal.util.gradle.PublishedGradleVersions.tryToUpdateOutdatedVersionsFile(PublishedGradleVersions.java:133)
	at org.eclipse.buildship.core.internal.util.gradle.PublishedGradleVersions.create(PublishedGradleVersions.java:117)
	at org.eclipse.buildship.core.internal.util.gradle.PublishedGradleVersionsWrapper$LoadVersionsJob.run(PublishedGradleVersionsWrapper.java:73)
	at org.eclipse.core.internal.jobs.Worker.run(Worker.java:63)
2025-05-12 09:21:06,733 [Worker-8: Loading available Gradle versions] INFO  o.e.b.c.i.u.g.PublishedGradleVersions - Gradle version information cache is out-of-date. Trying to update.
2025-05-12 09:21:07,885 [Worker-8: Loading available Gradle versions] ERROR o.e.b.c.i.u.g.PublishedGradleVersions - Cannot write Gradle version information cache file.
java.io.FileNotFoundException: C:\Users\user\.cache\tooling\gradle\versions.json (Acceso denegado)
	at java.base/java.io.FileOutputStream.open0(Native Method)
	at java.base/java.io.FileOutputStream.open(FileOutputStream.java:289)
	at java.base/java.io.FileOutputStream.<init>(FileOutputStream.java:230)
	at com.google.common.io.Files$FileByteSink.openStream(Files.java:197)
	at com.google.common.io.Files$FileByteSink.openStream(Files.java:185)
	at com.google.common.io.ByteSink$AsCharSink.openStream(ByteSink.java:152)
	at com.google.common.io.CharSource$StringCharSource.copyTo(CharSource.java:662)
	at org.eclipse.buildship.core.internal.util.gradle.PublishedGradleVersions.storeCacheVersionsFile(PublishedGradleVersions.java:184)
	at org.eclipse.buildship.core.internal.util.gradle.PublishedGradleVersions.tryToDownloadAndCacheVersions(PublishedGradleVersions.java:150)
	at org.eclipse.buildship.core.internal.util.gradle.PublishedGradleVersions.tryToUpdateOutdatedVersionsFile(PublishedGradleVersions.java:133)
	at org.eclipse.buildship.core.internal.util.gradle.PublishedGradleVersions.create(PublishedGradleVersions.java:117)
	at org.eclipse.buildship.core.internal.util.gradle.PublishedGradleVersionsWrapper$LoadVersionsJob.run(PublishedGradleVersionsWrapper.java:73)
	at org.eclipse.core.internal.jobs.Worker.run(Worker.java:63)
2025-05-12 21:51:59,893 [Worker-1: Loading available Gradle versions] INFO  o.e.b.c.i.u.g.PublishedGradleVersions - Gradle version information cache is out-of-date. Trying to update.
2025-05-12 21:52:01,601 [Worker-1: Loading available Gradle versions] ERROR o.e.b.c.i.u.g.PublishedGradleVersions - Cannot write Gradle version information cache file.
java.io.FileNotFoundException: C:\Users\user\.cache\tooling\gradle\versions.json (Acceso denegado)
	at java.base/java.io.FileOutputStream.open0(Native Method)
	at java.base/java.io.FileOutputStream.open(FileOutputStream.java:289)
	at java.base/java.io.FileOutputStream.<init>(FileOutputStream.java:230)
	at com.google.common.io.Files$FileByteSink.openStream(Files.java:197)
	at com.google.common.io.Files$FileByteSink.openStream(Files.java:185)
	at com.google.common.io.ByteSink$AsCharSink.openStream(ByteSink.java:152)
	at com.google.common.io.CharSource$StringCharSource.copyTo(CharSource.java:662)
	at org.eclipse.buildship.core.internal.util.gradle.PublishedGradleVersions.storeCacheVersionsFile(PublishedGradleVersions.java:184)
	at org.eclipse.buildship.core.internal.util.gradle.PublishedGradleVersions.tryToDownloadAndCacheVersions(PublishedGradleVersions.java:150)
	at org.eclipse.buildship.core.internal.util.gradle.PublishedGradleVersions.tryToUpdateOutdatedVersionsFile(PublishedGradleVersions.java:133)
	at org.eclipse.buildship.core.internal.util.gradle.PublishedGradleVersions.create(PublishedGradleVersions.java:117)
	at org.eclipse.buildship.core.internal.util.gradle.PublishedGradleVersionsWrapper$LoadVersionsJob.run(PublishedGradleVersionsWrapper.java:73)
	at org.eclipse.core.internal.jobs.Worker.run(Worker.java:63)
2025-05-13 08:15:29,671 [Worker-2: Loading available Gradle versions] INFO  o.e.b.c.i.u.g.PublishedGradleVersions - Gradle version information cache is out-of-date. Trying to update.
2025-05-13 08:15:30,863 [Worker-2: Loading available Gradle versions] ERROR o.e.b.c.i.u.g.PublishedGradleVersions - Cannot write Gradle version information cache file.
java.io.FileNotFoundException: C:\Users\user\.cache\tooling\gradle\versions.json (Acceso denegado)
	at java.base/java.io.FileOutputStream.open0(Native Method)
	at java.base/java.io.FileOutputStream.open(FileOutputStream.java:289)
	at java.base/java.io.FileOutputStream.<init>(FileOutputStream.java:230)
	at com.google.common.io.Files$FileByteSink.openStream(Files.java:197)
	at com.google.common.io.Files$FileByteSink.openStream(Files.java:185)
	at com.google.common.io.ByteSink$AsCharSink.openStream(ByteSink.java:152)
	at com.google.common.io.CharSource$StringCharSource.copyTo(CharSource.java:662)
	at org.eclipse.buildship.core.internal.util.gradle.PublishedGradleVersions.storeCacheVersionsFile(PublishedGradleVersions.java:184)
	at org.eclipse.buildship.core.internal.util.gradle.PublishedGradleVersions.tryToDownloadAndCacheVersions(PublishedGradleVersions.java:150)
	at org.eclipse.buildship.core.internal.util.gradle.PublishedGradleVersions.tryToUpdateOutdatedVersionsFile(PublishedGradleVersions.java:133)
	at org.eclipse.buildship.core.internal.util.gradle.PublishedGradleVersions.create(PublishedGradleVersions.java:117)
	at org.eclipse.buildship.core.internal.util.gradle.PublishedGradleVersionsWrapper$LoadVersionsJob.run(PublishedGradleVersionsWrapper.java:73)
	at org.eclipse.core.internal.jobs.Worker.run(Worker.java:63)
2025-05-13 13:03:22,629 [Worker-31: Building] INFO  o.a.m.s.f.DefaultMavenResourcesFiltering - Copying 1 resource from src\main\resources to target\classes
2025-05-13 13:03:22,652 [Worker-31: Building] INFO  o.a.m.s.f.DefaultMavenResourcesFiltering - Copying 0 resource from src\main\resources to target\classes
2025-05-13 13:03:22,661 [Worker-31: Building] INFO  o.a.m.s.f.DefaultMavenResourcesFiltering - skip non existing resourceDirectory C:\src\proyectobomber\JavaWorskpace\bombero\src\test\resources
2025-05-13 13:03:25,840 [Worker-31: Building] INFO  o.a.m.s.f.DefaultMavenResourcesFiltering - Copying 1 resource from src\main\resources to target\classes
2025-05-13 13:03:25,845 [Worker-31: Building] INFO  o.a.m.s.f.DefaultMavenResourcesFiltering - Copying 0 resource from src\main\resources to target\classes
2025-05-13 13:03:25,849 [Worker-31: Building] INFO  o.a.m.s.f.DefaultMavenResourcesFiltering - skip non existing resourceDirectory C:\src\proyectobomber\JavaWorskpace\bombero\src\test\resources
2025-05-13 19:26:54,333 [Worker-4: Loading available Gradle versions] INFO  o.e.b.c.i.u.g.PublishedGradleVersions - Gradle version information cache is out-of-date. Trying to update.
2025-05-13 19:26:57,242 [Worker-4: Loading available Gradle versions] ERROR o.e.b.c.i.u.g.PublishedGradleVersions - Cannot write Gradle version information cache file.
java.io.FileNotFoundException: C:\Users\user\.cache\tooling\gradle\versions.json (Acceso denegado)
	at java.base/java.io.FileOutputStream.open0(Native Method)
	at java.base/java.io.FileOutputStream.open(FileOutputStream.java:289)
	at java.base/java.io.FileOutputStream.<init>(FileOutputStream.java:230)
	at com.google.common.io.Files$FileByteSink.openStream(Files.java:197)
	at com.google.common.io.Files$FileByteSink.openStream(Files.java:185)
	at com.google.common.io.ByteSink$AsCharSink.openStream(ByteSink.java:152)
	at com.google.common.io.CharSource$StringCharSource.copyTo(CharSource.java:662)
	at org.eclipse.buildship.core.internal.util.gradle.PublishedGradleVersions.storeCacheVersionsFile(PublishedGradleVersions.java:184)
	at org.eclipse.buildship.core.internal.util.gradle.PublishedGradleVersions.tryToDownloadAndCacheVersions(PublishedGradleVersions.java:150)
	at org.eclipse.buildship.core.internal.util.gradle.PublishedGradleVersions.tryToUpdateOutdatedVersionsFile(PublishedGradleVersions.java:133)
	at org.eclipse.buildship.core.internal.util.gradle.PublishedGradleVersions.create(PublishedGradleVersions.java:117)
	at org.eclipse.buildship.core.internal.util.gradle.PublishedGradleVersionsWrapper$LoadVersionsJob.run(PublishedGradleVersionsWrapper.java:73)
	at org.eclipse.core.internal.jobs.Worker.run(Worker.java:63)
2025-05-14 09:35:50,623 [Worker-2: Loading available Gradle versions] INFO  o.e.b.c.i.u.g.PublishedGradleVersions - Gradle version information cache is out-of-date. Trying to update.
2025-05-14 09:35:52,038 [Worker-2: Loading available Gradle versions] ERROR o.e.b.c.i.u.g.PublishedGradleVersions - Cannot write Gradle version information cache file.
java.io.FileNotFoundException: C:\Users\user\.cache\tooling\gradle\versions.json (Acceso denegado)
	at java.base/java.io.FileOutputStream.open0(Native Method)
	at java.base/java.io.FileOutputStream.open(FileOutputStream.java:289)
	at java.base/java.io.FileOutputStream.<init>(FileOutputStream.java:230)
	at com.google.common.io.Files$FileByteSink.openStream(Files.java:197)
	at com.google.common.io.Files$FileByteSink.openStream(Files.java:185)
	at com.google.common.io.ByteSink$AsCharSink.openStream(ByteSink.java:152)
	at com.google.common.io.CharSource$StringCharSource.copyTo(CharSource.java:662)
	at org.eclipse.buildship.core.internal.util.gradle.PublishedGradleVersions.storeCacheVersionsFile(PublishedGradleVersions.java:184)
	at org.eclipse.buildship.core.internal.util.gradle.PublishedGradleVersions.tryToDownloadAndCacheVersions(PublishedGradleVersions.java:150)
	at org.eclipse.buildship.core.internal.util.gradle.PublishedGradleVersions.tryToUpdateOutdatedVersionsFile(PublishedGradleVersions.java:133)
	at org.eclipse.buildship.core.internal.util.gradle.PublishedGradleVersions.create(PublishedGradleVersions.java:117)
	at org.eclipse.buildship.core.internal.util.gradle.PublishedGradleVersionsWrapper$LoadVersionsJob.run(PublishedGradleVersionsWrapper.java:73)
	at org.eclipse.core.internal.jobs.Worker.run(Worker.java:63)
2025-05-15 22:18:02,925 [Worker-0: Loading available Gradle versions] INFO  o.e.b.c.i.u.g.PublishedGradleVersions - Gradle version information cache is out-of-date. Trying to update.
2025-05-15 22:18:04,910 [Worker-0: Loading available Gradle versions] ERROR o.e.b.c.i.u.g.PublishedGradleVersions - Cannot write Gradle version information cache file.
java.io.FileNotFoundException: C:\Users\user\.cache\tooling\gradle\versions.json (Acceso denegado)
	at java.base/java.io.FileOutputStream.open0(Native Method)
	at java.base/java.io.FileOutputStream.open(FileOutputStream.java:289)
	at java.base/java.io.FileOutputStream.<init>(FileOutputStream.java:230)
	at com.google.common.io.Files$FileByteSink.openStream(Files.java:197)
	at com.google.common.io.Files$FileByteSink.openStream(Files.java:185)
	at com.google.common.io.ByteSink$AsCharSink.openStream(ByteSink.java:152)
	at com.google.common.io.CharSource$StringCharSource.copyTo(CharSource.java:662)
	at org.eclipse.buildship.core.internal.util.gradle.PublishedGradleVersions.storeCacheVersionsFile(PublishedGradleVersions.java:184)
	at org.eclipse.buildship.core.internal.util.gradle.PublishedGradleVersions.tryToDownloadAndCacheVersions(PublishedGradleVersions.java:150)
	at org.eclipse.buildship.core.internal.util.gradle.PublishedGradleVersions.tryToUpdateOutdatedVersionsFile(PublishedGradleVersions.java:133)
	at org.eclipse.buildship.core.internal.util.gradle.PublishedGradleVersions.create(PublishedGradleVersions.java:117)
	at org.eclipse.buildship.core.internal.util.gradle.PublishedGradleVersionsWrapper$LoadVersionsJob.run(PublishedGradleVersionsWrapper.java:73)
	at org.eclipse.core.internal.jobs.Worker.run(Worker.java:63)
2025-05-16 13:34:49,906 [Worker-3: Loading available Gradle versions] INFO  o.e.b.c.i.u.g.PublishedGradleVersions - Gradle version information cache is out-of-date. Trying to update.
2025-05-16 13:34:51,251 [Worker-3: Loading available Gradle versions] ERROR o.e.b.c.i.u.g.PublishedGradleVersions - Cannot write Gradle version information cache file.
java.io.FileNotFoundException: C:\Users\user\.cache\tooling\gradle\versions.json (Acceso denegado)
	at java.base/java.io.FileOutputStream.open0(Native Method)
	at java.base/java.io.FileOutputStream.open(FileOutputStream.java:289)
	at java.base/java.io.FileOutputStream.<init>(FileOutputStream.java:230)
	at com.google.common.io.Files$FileByteSink.openStream(Files.java:197)
	at com.google.common.io.Files$FileByteSink.openStream(Files.java:185)
	at com.google.common.io.ByteSink$AsCharSink.openStream(ByteSink.java:152)
	at com.google.common.io.CharSource$StringCharSource.copyTo(CharSource.java:662)
	at org.eclipse.buildship.core.internal.util.gradle.PublishedGradleVersions.storeCacheVersionsFile(PublishedGradleVersions.java:184)
	at org.eclipse.buildship.core.internal.util.gradle.PublishedGradleVersions.tryToDownloadAndCacheVersions(PublishedGradleVersions.java:150)
	at org.eclipse.buildship.core.internal.util.gradle.PublishedGradleVersions.tryToUpdateOutdatedVersionsFile(PublishedGradleVersions.java:133)
	at org.eclipse.buildship.core.internal.util.gradle.PublishedGradleVersions.create(PublishedGradleVersions.java:117)
	at org.eclipse.buildship.core.internal.util.gradle.PublishedGradleVersionsWrapper$LoadVersionsJob.run(PublishedGradleVersionsWrapper.java:73)
	at org.eclipse.core.internal.jobs.Worker.run(Worker.java:63)
2025-05-16 16:54:40,203 [Worker-29: Building] INFO  o.a.m.s.f.DefaultMavenResourcesFiltering - Copying 1 resource from src\main\resources to target\classes
2025-05-16 16:54:40,264 [Worker-29: Building] INFO  o.a.m.s.f.DefaultMavenResourcesFiltering - Copying 0 resource from src\main\resources to target\classes
2025-05-16 16:54:40,289 [Worker-29: Building] INFO  o.a.m.s.f.DefaultMavenResourcesFiltering - skip non existing resourceDirectory C:\src\proyectobomber\JavaWorskpace\bombero\src\test\resources
2025-05-16 16:55:16,688 [Worker-29: Building] INFO  o.a.m.s.f.DefaultMavenResourcesFiltering - Copying 1 resource from src\main\resources to target\classes
2025-05-16 16:55:16,695 [Worker-29: Building] INFO  o.a.m.s.f.DefaultMavenResourcesFiltering - Copying 0 resource from src\main\resources to target\classes
2025-05-16 16:55:16,698 [Worker-29: Building] INFO  o.a.m.s.f.DefaultMavenResourcesFiltering - skip non existing resourceDirectory C:\src\proyectobomber\JavaWorskpace\bombero\src\test\resources
2025-05-16 17:02:25,523 [Worker-36: Building] INFO  o.a.m.s.f.DefaultMavenResourcesFiltering - Copying 1 resource from src\main\resources to target\classes
2025-05-16 17:02:25,529 [Worker-36: Building] INFO  o.a.m.s.f.DefaultMavenResourcesFiltering - Copying 0 resource from src\main\resources to target\classes
2025-05-16 17:02:25,533 [Worker-36: Building] INFO  o.a.m.s.f.DefaultMavenResourcesFiltering - skip non existing resourceDirectory C:\src\proyectobomber\JavaWorskpace\bombero\src\test\resources
2025-05-16 17:32:09,910 [Worker-42: Building] INFO  o.a.m.s.f.DefaultMavenResourcesFiltering - Copying 1 resource from src\main\resources to target\classes
2025-05-16 17:32:09,916 [Worker-42: Building] INFO  o.a.m.s.f.DefaultMavenResourcesFiltering - Copying 0 resource from src\main\resources to target\classes
2025-05-16 17:32:09,920 [Worker-42: Building] INFO  o.a.m.s.f.DefaultMavenResourcesFiltering - skip non existing resourceDirectory C:\src\proyectobomber\JavaWorskpace\bombero\src\test\resources
2025-05-16 17:35:25,638 [Worker-45: Building] INFO  o.a.m.s.f.DefaultMavenResourcesFiltering - Copying 1 resource from src\main\resources to target\classes
2025-05-16 17:35:25,642 [Worker-45: Building] INFO  o.a.m.s.f.DefaultMavenResourcesFiltering - Copying 0 resource from src\main\resources to target\classes
2025-05-16 17:35:25,645 [Worker-45: Building] INFO  o.a.m.s.f.DefaultMavenResourcesFiltering - skip non existing resourceDirectory C:\src\proyectobomber\JavaWorskpace\bombero\src\test\resources
2025-05-16 17:39:07,351 [Worker-46: Building] INFO  o.a.m.s.f.DefaultMavenResourcesFiltering - Copying 1 resource from src\main\resources to target\classes
2025-05-16 17:39:07,357 [Worker-46: Building] INFO  o.a.m.s.f.DefaultMavenResourcesFiltering - Copying 0 resource from src\main\resources to target\classes
2025-05-16 17:39:07,360 [Worker-46: Building] INFO  o.a.m.s.f.DefaultMavenResourcesFiltering - skip non existing resourceDirectory C:\src\proyectobomber\JavaWorskpace\bombero\src\test\resources
2025-05-16 17:39:33,927 [Worker-45: Building] INFO  o.a.m.s.f.DefaultMavenResourcesFiltering - Copying 1 resource from src\main\resources to target\classes
2025-05-16 17:39:33,931 [Worker-45: Building] INFO  o.a.m.s.f.DefaultMavenResourcesFiltering - Copying 0 resource from src\main\resources to target\classes
2025-05-16 17:39:33,933 [Worker-45: Building] INFO  o.a.m.s.f.DefaultMavenResourcesFiltering - skip non existing resourceDirectory C:\src\proyectobomber\JavaWorskpace\bombero\src\test\resources
2025-05-16 17:41:28,840 [Worker-47: Building] INFO  o.a.m.s.f.DefaultMavenResourcesFiltering - Copying 1 resource from src\main\resources to target\classes
2025-05-16 17:41:28,844 [Worker-47: Building] INFO  o.a.m.s.f.DefaultMavenResourcesFiltering - Copying 0 resource from src\main\resources to target\classes
2025-05-16 17:41:28,847 [Worker-47: Building] INFO  o.a.m.s.f.DefaultMavenResourcesFiltering - skip non existing resourceDirectory C:\src\proyectobomber\JavaWorskpace\bombero\src\test\resources
2025-05-17 15:24:24,039 [Worker-5: Loading available Gradle versions] INFO  o.e.b.c.i.u.g.PublishedGradleVersions - Gradle version information cache is out-of-date. Trying to update.
2025-05-17 15:24:26,399 [Worker-5: Loading available Gradle versions] ERROR o.e.b.c.i.u.g.PublishedGradleVersions - Cannot write Gradle version information cache file.
java.io.FileNotFoundException: C:\Users\user\.cache\tooling\gradle\versions.json (Acceso denegado)
	at java.base/java.io.FileOutputStream.open0(Native Method)
	at java.base/java.io.FileOutputStream.open(FileOutputStream.java:289)
	at java.base/java.io.FileOutputStream.<init>(FileOutputStream.java:230)
	at com.google.common.io.Files$FileByteSink.openStream(Files.java:197)
	at com.google.common.io.Files$FileByteSink.openStream(Files.java:185)
	at com.google.common.io.ByteSink$AsCharSink.openStream(ByteSink.java:152)
	at com.google.common.io.CharSource$StringCharSource.copyTo(CharSource.java:662)
	at org.eclipse.buildship.core.internal.util.gradle.PublishedGradleVersions.storeCacheVersionsFile(PublishedGradleVersions.java:184)
	at org.eclipse.buildship.core.internal.util.gradle.PublishedGradleVersions.tryToDownloadAndCacheVersions(PublishedGradleVersions.java:150)
	at org.eclipse.buildship.core.internal.util.gradle.PublishedGradleVersions.tryToUpdateOutdatedVersionsFile(PublishedGradleVersions.java:133)
	at org.eclipse.buildship.core.internal.util.gradle.PublishedGradleVersions.create(PublishedGradleVersions.java:117)
	at org.eclipse.buildship.core.internal.util.gradle.PublishedGradleVersionsWrapper$LoadVersionsJob.run(PublishedGradleVersionsWrapper.java:73)
	at org.eclipse.core.internal.jobs.Worker.run(Worker.java:63)
2025-05-17 16:06:02,741 [Worker-35: Building] INFO  o.a.m.s.f.DefaultMavenResourcesFiltering - Copying 1 resource from src\main\resources to target\classes
2025-05-17 16:06:02,769 [Worker-35: Building] INFO  o.a.m.s.f.DefaultMavenResourcesFiltering - Copying 0 resource from src\main\resources to target\classes
2025-05-17 16:06:02,775 [Worker-35: Building] INFO  o.a.m.s.f.DefaultMavenResourcesFiltering - skip non existing resourceDirectory C:\src\proyectobomber\JavaWorskpace\bombero\src\test\resources
2025-05-17 16:07:05,336 [Worker-37: Building] INFO  o.a.m.s.f.DefaultMavenResourcesFiltering - Copying 1 resource from src\main\resources to target\classes
2025-05-17 16:07:05,343 [Worker-37: Building] INFO  o.a.m.s.f.DefaultMavenResourcesFiltering - Copying 0 resource from src\main\resources to target\classes
2025-05-17 16:07:05,348 [Worker-37: Building] INFO  o.a.m.s.f.DefaultMavenResourcesFiltering - skip non existing resourceDirectory C:\src\proyectobomber\JavaWorskpace\bombero\src\test\resources
2025-05-17 16:23:16,576 [Worker-43: Building] INFO  o.a.m.s.f.DefaultMavenResourcesFiltering - Copying 1 resource from src\main\resources to target\classes
2025-05-17 16:23:16,584 [Worker-43: Building] INFO  o.a.m.s.f.DefaultMavenResourcesFiltering - Copying 0 resource from src\main\resources to target\classes
2025-05-17 16:23:16,587 [Worker-43: Building] INFO  o.a.m.s.f.DefaultMavenResourcesFiltering - skip non existing resourceDirectory C:\src\proyectobomber\JavaWorskpace\bombero\src\test\resources
2025-05-17 16:23:39,029 [Worker-36: Building] INFO  o.a.m.s.f.DefaultMavenResourcesFiltering - Copying 1 resource from src\main\resources to target\classes
2025-05-17 16:23:39,034 [Worker-36: Building] INFO  o.a.m.s.f.DefaultMavenResourcesFiltering - Copying 0 resource from src\main\resources to target\classes
2025-05-17 16:23:39,038 [Worker-36: Building] INFO  o.a.m.s.f.DefaultMavenResourcesFiltering - skip non existing resourceDirectory C:\src\proyectobomber\JavaWorskpace\bombero\src\test\resources
2025-05-17 16:23:40,249 [Worker-36: Building] INFO  o.a.m.s.f.DefaultMavenResourcesFiltering - Copying 1 resource from src\main\resources to target\classes
2025-05-17 16:23:40,254 [Worker-36: Building] INFO  o.a.m.s.f.DefaultMavenResourcesFiltering - Copying 0 resource from src\main\resources to target\classes
2025-05-17 16:23:40,258 [Worker-36: Building] INFO  o.a.m.s.f.DefaultMavenResourcesFiltering - skip non existing resourceDirectory C:\src\proyectobomber\JavaWorskpace\bombero\src\test\resources
2025-05-17 16:27:01,952 [Worker-41: Building] INFO  o.a.m.s.f.DefaultMavenResourcesFiltering - Copying 1 resource from src\main\resources to target\classes
2025-05-17 16:27:01,957 [Worker-41: Building] INFO  o.a.m.s.f.DefaultMavenResourcesFiltering - Copying 0 resource from src\main\resources to target\classes
2025-05-17 16:27:01,961 [Worker-41: Building] INFO  o.a.m.s.f.DefaultMavenResourcesFiltering - skip non existing resourceDirectory C:\src\proyectobomber\JavaWorskpace\bombero\src\test\resources
2025-05-17 16:27:08,005 [Worker-46: Building] INFO  o.a.m.s.f.DefaultMavenResourcesFiltering - Copying 1 resource from src\main\resources to target\classes
2025-05-17 16:27:08,009 [Worker-46: Building] INFO  o.a.m.s.f.DefaultMavenResourcesFiltering - Copying 0 resource from src\main\resources to target\classes
2025-05-17 16:27:08,011 [Worker-46: Building] INFO  o.a.m.s.f.DefaultMavenResourcesFiltering - skip non existing resourceDirectory C:\src\proyectobomber\JavaWorskpace\bombero\src\test\resources
2025-05-17 16:27:27,132 [Worker-43: Building] INFO  o.a.m.s.f.DefaultMavenResourcesFiltering - Copying 1 resource from src\main\resources to target\classes
2025-05-17 16:27:27,136 [Worker-43: Building] INFO  o.a.m.s.f.DefaultMavenResourcesFiltering - Copying 0 resource from src\main\resources to target\classes
2025-05-17 16:27:27,139 [Worker-43: Building] INFO  o.a.m.s.f.DefaultMavenResourcesFiltering - skip non existing resourceDirectory C:\src\proyectobomber\JavaWorskpace\bombero\src\test\resources
2025-05-17 16:28:06,404 [Worker-45: Building] INFO  o.a.m.s.f.DefaultMavenResourcesFiltering - Copying 1 resource from src\main\resources to target\classes
2025-05-17 16:28:06,409 [Worker-45: Building] INFO  o.a.m.s.f.DefaultMavenResourcesFiltering - Copying 0 resource from src\main\resources to target\classes
2025-05-17 16:28:06,411 [Worker-45: Building] INFO  o.a.m.s.f.DefaultMavenResourcesFiltering - skip non existing resourceDirectory C:\src\proyectobomber\JavaWorskpace\bombero\src\test\resources
2025-05-17 16:29:05,662 [Worker-36: Building] INFO  o.a.m.s.f.DefaultMavenResourcesFiltering - Copying 1 resource from src\main\resources to target\classes
2025-05-17 16:29:05,666 [Worker-36: Building] INFO  o.a.m.s.f.DefaultMavenResourcesFiltering - Copying 0 resource from src\main\resources to target\classes
2025-05-17 16:29:05,670 [Worker-36: Building] INFO  o.a.m.s.f.DefaultMavenResourcesFiltering - skip non existing resourceDirectory C:\src\proyectobomber\JavaWorskpace\bombero\src\test\resources
2025-05-17 16:30:22,184 [Worker-46: Building] INFO  o.a.m.s.f.DefaultMavenResourcesFiltering - Copying 1 resource from src\main\resources to target\classes
2025-05-17 16:30:22,189 [Worker-46: Building] INFO  o.a.m.s.f.DefaultMavenResourcesFiltering - Copying 0 resource from src\main\resources to target\classes
2025-05-17 16:30:22,194 [Worker-46: Building] INFO  o.a.m.s.f.DefaultMavenResourcesFiltering - skip non existing resourceDirectory C:\src\proyectobomber\JavaWorskpace\bombero\src\test\resources
2025-05-17 16:41:23,078 [Worker-49: Building] INFO  o.a.m.s.f.DefaultMavenResourcesFiltering - Copying 1 resource from src\main\resources to target\classes
2025-05-17 16:41:23,083 [Worker-49: Building] INFO  o.a.m.s.f.DefaultMavenResourcesFiltering - Copying 0 resource from src\main\resources to target\classes
2025-05-17 16:41:23,086 [Worker-49: Building] INFO  o.a.m.s.f.DefaultMavenResourcesFiltering - skip non existing resourceDirectory C:\src\proyectobomber\JavaWorskpace\bombero\src\test\resources
2025-05-19 09:18:24,997 [Worker-4: Loading available Gradle versions] INFO  o.e.b.c.i.u.g.PublishedGradleVersions - Gradle version information cache is out-of-date. Trying to update.
2025-05-19 09:18:26,162 [Worker-4: Loading available Gradle versions] ERROR o.e.b.c.i.u.g.PublishedGradleVersions - Cannot write Gradle version information cache file.
java.io.FileNotFoundException: C:\Users\user\.cache\tooling\gradle\versions.json (Acceso denegado)
	at java.base/java.io.FileOutputStream.open0(Native Method)
	at java.base/java.io.FileOutputStream.open(FileOutputStream.java:289)
	at java.base/java.io.FileOutputStream.<init>(FileOutputStream.java:230)
	at com.google.common.io.Files$FileByteSink.openStream(Files.java:197)
	at com.google.common.io.Files$FileByteSink.openStream(Files.java:185)
	at com.google.common.io.ByteSink$AsCharSink.openStream(ByteSink.java:152)
	at com.google.common.io.CharSource$StringCharSource.copyTo(CharSource.java:662)
	at org.eclipse.buildship.core.internal.util.gradle.PublishedGradleVersions.storeCacheVersionsFile(PublishedGradleVersions.java:184)
	at org.eclipse.buildship.core.internal.util.gradle.PublishedGradleVersions.tryToDownloadAndCacheVersions(PublishedGradleVersions.java:150)
	at org.eclipse.buildship.core.internal.util.gradle.PublishedGradleVersions.tryToUpdateOutdatedVersionsFile(PublishedGradleVersions.java:133)
	at org.eclipse.buildship.core.internal.util.gradle.PublishedGradleVersions.create(PublishedGradleVersions.java:117)
	at org.eclipse.buildship.core.internal.util.gradle.PublishedGradleVersionsWrapper$LoadVersionsJob.run(PublishedGradleVersionsWrapper.java:73)
	at org.eclipse.core.internal.jobs.Worker.run(Worker.java:63)
2025-05-19 10:51:52,997 [Worker-40: Building] INFO  o.a.m.s.f.DefaultMavenResourcesFiltering - Copying 1 resource from src\main\resources to target\classes
2025-05-19 10:51:53,025 [Worker-40: Building] INFO  o.a.m.s.f.DefaultMavenResourcesFiltering - Copying 0 resource from src\main\resources to target\classes
2025-05-19 10:51:53,029 [Worker-40: Building] INFO  o.a.m.s.f.DefaultMavenResourcesFiltering - skip non existing resourceDirectory C:\src\proyectobomber\JavaWorskpace\bombero\src\test\resources
2025-05-19 10:52:18,765 [Worker-37: Building] INFO  o.a.m.s.f.DefaultMavenResourcesFiltering - Copying 1 resource from src\main\resources to target\classes
2025-05-19 10:52:18,774 [Worker-37: Building] INFO  o.a.m.s.f.DefaultMavenResourcesFiltering - Copying 0 resource from src\main\resources to target\classes
2025-05-19 10:52:18,777 [Worker-37: Building] INFO  o.a.m.s.f.DefaultMavenResourcesFiltering - skip non existing resourceDirectory C:\src\proyectobomber\JavaWorskpace\bombero\src\test\resources
2025-05-19 15:25:28,522 [Worker-72: Building] INFO  o.a.m.s.f.DefaultMavenResourcesFiltering - Copying 1 resource from src\main\resources to target\classes
2025-05-19 15:25:28,531 [Worker-72: Building] INFO  o.a.m.s.f.DefaultMavenResourcesFiltering - Copying 0 resource from src\main\resources to target\classes
2025-05-19 15:25:28,537 [Worker-72: Building] INFO  o.a.m.s.f.DefaultMavenResourcesFiltering - skip non existing resourceDirectory C:\src\proyectobomber\JavaWorskpace\bombero\src\test\resources
2025-05-19 16:11:04,224 [Worker-80: Building] INFO  o.a.m.s.f.DefaultMavenResourcesFiltering - Copying 1 resource from src\main\resources to target\classes
2025-05-19 16:11:04,234 [Worker-80: Building] INFO  o.a.m.s.f.DefaultMavenResourcesFiltering - Copying 0 resource from src\main\resources to target\classes
2025-05-19 16:11:04,237 [Worker-80: Building] INFO  o.a.m.s.f.DefaultMavenResourcesFiltering - skip non existing resourceDirectory C:\src\proyectobomber\JavaWorskpace\bombero\src\test\resources
2025-05-19 16:11:36,527 [Worker-76: Building] INFO  o.a.m.s.f.DefaultMavenResourcesFiltering - Copying 1 resource from src\main\resources to target\classes
2025-05-19 16:11:36,531 [Worker-76: Building] INFO  o.a.m.s.f.DefaultMavenResourcesFiltering - Copying 0 resource from src\main\resources to target\classes
2025-05-19 16:11:36,537 [Worker-76: Building] INFO  o.a.m.s.f.DefaultMavenResourcesFiltering - skip non existing resourceDirectory C:\src\proyectobomber\JavaWorskpace\bombero\src\test\resources
2025-05-19 16:22:37,874 [Worker-86: Building] INFO  o.a.m.s.f.DefaultMavenResourcesFiltering - Copying 1 resource from src\main\resources to target\classes
2025-05-19 16:22:37,879 [Worker-86: Building] INFO  o.a.m.s.f.DefaultMavenResourcesFiltering - Copying 0 resource from src\main\resources to target\classes
2025-05-19 16:22:37,883 [Worker-86: Building] INFO  o.a.m.s.f.DefaultMavenResourcesFiltering - skip non existing resourceDirectory C:\src\proyectobomber\JavaWorskpace\bombero\src\test\resources
2025-05-19 18:38:20,263 [Worker-6: Loading available Gradle versions] INFO  o.e.b.c.i.u.g.PublishedGradleVersions - Gradle version information cache is out-of-date. Trying to update.
2025-05-19 18:38:20,742 [Worker-6: Loading available Gradle versions] INFO  o.e.b.c.i.u.g.PublishedGradleVersions - Updating Gradle version information cache failed. Using outdated cache.
2025-05-19 20:02:44,270 [Worker-1: Building] INFO  o.a.m.s.f.DefaultMavenResourcesFiltering - Copying 1 resource from src\main\resources to target\classes
2025-05-19 20:02:44,292 [Worker-1: Building] INFO  o.a.m.s.f.DefaultMavenResourcesFiltering - Copying 0 resource from src\main\resources to target\classes
2025-05-19 20:02:44,300 [Worker-1: Building] INFO  o.a.m.s.f.DefaultMavenResourcesFiltering - skip non existing resourceDirectory C:\src\proyectobomber\JavaWorskpace\bombero\src\test\resources
2025-05-19 20:04:07,070 [Worker-20: Building] INFO  o.a.m.s.f.DefaultMavenResourcesFiltering - Copying 1 resource from src\main\resources to target\classes
2025-05-19 20:04:07,079 [Worker-20: Building] INFO  o.a.m.s.f.DefaultMavenResourcesFiltering - Copying 0 resource from src\main\resources to target\classes
2025-05-19 20:04:07,085 [Worker-20: Building] INFO  o.a.m.s.f.DefaultMavenResourcesFiltering - skip non existing resourceDirectory C:\src\proyectobomber\JavaWorskpace\bombero\src\test\resources
2025-05-19 20:04:24,391 [Worker-20: Building] INFO  o.a.m.s.f.DefaultMavenResourcesFiltering - Copying 1 resource from src\main\resources to target\classes
2025-05-19 20:04:24,395 [Worker-20: Building] INFO  o.a.m.s.f.DefaultMavenResourcesFiltering - Copying 0 resource from src\main\resources to target\classes
2025-05-19 20:04:24,399 [Worker-20: Building] INFO  o.a.m.s.f.DefaultMavenResourcesFiltering - skip non existing resourceDirectory C:\src\proyectobomber\JavaWorskpace\bombero\src\test\resources
2025-05-19 20:06:36,467 [Worker-29: Building] INFO  o.a.m.s.f.DefaultMavenResourcesFiltering - Copying 1 resource from src\main\resources to target\classes
2025-05-19 20:06:36,470 [Worker-29: Building] INFO  o.a.m.s.f.DefaultMavenResourcesFiltering - Copying 0 resource from src\main\resources to target\classes
2025-05-19 20:06:36,473 [Worker-29: Building] INFO  o.a.m.s.f.DefaultMavenResourcesFiltering - skip non existing resourceDirectory C:\src\proyectobomber\JavaWorskpace\bombero\src\test\resources
2025-05-19 20:11:32,011 [Worker-26: Building] INFO  o.a.m.s.f.DefaultMavenResourcesFiltering - Copying 1 resource from src\main\resources to target\classes
2025-05-19 20:11:32,014 [Worker-26: Building] INFO  o.a.m.s.f.DefaultMavenResourcesFiltering - Copying 0 resource from src\main\resources to target\classes
2025-05-19 20:11:32,017 [Worker-26: Building] INFO  o.a.m.s.f.DefaultMavenResourcesFiltering - skip non existing resourceDirectory C:\src\proyectobomber\JavaWorskpace\bombero\src\test\resources
2025-05-19 20:11:44,615 [Worker-25: Building] INFO  o.a.m.s.f.DefaultMavenResourcesFiltering - Copying 1 resource from src\main\resources to target\classes
2025-05-19 20:11:44,618 [Worker-25: Building] INFO  o.a.m.s.f.DefaultMavenResourcesFiltering - Copying 0 resource from src\main\resources to target\classes
2025-05-19 20:11:44,621 [Worker-25: Building] INFO  o.a.m.s.f.DefaultMavenResourcesFiltering - skip non existing resourceDirectory C:\src\proyectobomber\JavaWorskpace\bombero\src\test\resources
2025-05-19 20:12:36,720 [Worker-26: Building] INFO  o.a.m.s.f.DefaultMavenResourcesFiltering - Copying 1 resource from src\main\resources to target\classes
2025-05-19 20:12:36,724 [Worker-26: Building] INFO  o.a.m.s.f.DefaultMavenResourcesFiltering - Copying 0 resource from src\main\resources to target\classes
2025-05-19 20:12:36,727 [Worker-26: Building] INFO  o.a.m.s.f.DefaultMavenResourcesFiltering - skip non existing resourceDirectory C:\src\proyectobomber\JavaWorskpace\bombero\src\test\resources
2025-05-19 20:13:10,471 [Worker-25: Building] INFO  o.a.m.s.f.DefaultMavenResourcesFiltering - Copying 1 resource from src\main\resources to target\classes
2025-05-19 20:13:10,476 [Worker-25: Building] INFO  o.a.m.s.f.DefaultMavenResourcesFiltering - Copying 0 resource from src\main\resources to target\classes
2025-05-19 20:13:10,478 [Worker-25: Building] INFO  o.a.m.s.f.DefaultMavenResourcesFiltering - skip non existing resourceDirectory C:\src\proyectobomber\JavaWorskpace\bombero\src\test\resources
2025-05-19 20:17:33,332 [Worker-28: Building] INFO  o.a.m.s.f.DefaultMavenResourcesFiltering - Copying 1 resource from src\main\resources to target\classes
2025-05-19 20:17:33,336 [Worker-28: Building] INFO  o.a.m.s.f.DefaultMavenResourcesFiltering - Copying 0 resource from src\main\resources to target\classes
2025-05-19 20:17:33,340 [Worker-28: Building] INFO  o.a.m.s.f.DefaultMavenResourcesFiltering - skip non existing resourceDirectory C:\src\proyectobomber\JavaWorskpace\bombero\src\test\resources
2025-05-19 20:24:04,395 [Worker-27: Building] INFO  o.a.m.s.f.DefaultMavenResourcesFiltering - Copying 1 resource from src\main\resources to target\classes
2025-05-19 20:24:04,401 [Worker-27: Building] INFO  o.a.m.s.f.DefaultMavenResourcesFiltering - Copying 0 resource from src\main\resources to target\classes
2025-05-19 20:24:04,405 [Worker-27: Building] INFO  o.a.m.s.f.DefaultMavenResourcesFiltering - skip non existing resourceDirectory C:\src\proyectobomber\JavaWorskpace\bombero\src\test\resources
2025-05-19 20:26:12,254 [Worker-21: Building] INFO  o.a.m.s.f.DefaultMavenResourcesFiltering - Copying 1 resource from src\main\resources to target\classes
2025-05-19 20:26:12,258 [Worker-21: Building] INFO  o.a.m.s.f.DefaultMavenResourcesFiltering - Copying 0 resource from src\main\resources to target\classes
2025-05-19 20:26:12,260 [Worker-21: Building] INFO  o.a.m.s.f.DefaultMavenResourcesFiltering - skip non existing resourceDirectory C:\src\proyectobomber\JavaWorskpace\bombero\src\test\resources
2025-05-19 20:38:00,090 [Worker-7: Loading available Gradle versions] INFO  o.e.b.c.i.u.g.PublishedGradleVersions - Gradle version information cache is out-of-date. Trying to update.
2025-05-19 20:38:02,449 [Worker-7: Loading available Gradle versions] ERROR o.e.b.c.i.u.g.PublishedGradleVersions - Cannot write Gradle version information cache file.
java.io.FileNotFoundException: C:\Users\user\.cache\tooling\gradle\versions.json (Acceso denegado)
	at java.base/java.io.FileOutputStream.open0(Native Method)
	at java.base/java.io.FileOutputStream.open(FileOutputStream.java:289)
	at java.base/java.io.FileOutputStream.<init>(FileOutputStream.java:230)
	at com.google.common.io.Files$FileByteSink.openStream(Files.java:197)
	at com.google.common.io.Files$FileByteSink.openStream(Files.java:185)
	at com.google.common.io.ByteSink$AsCharSink.openStream(ByteSink.java:152)
	at com.google.common.io.CharSource$StringCharSource.copyTo(CharSource.java:662)
	at org.eclipse.buildship.core.internal.util.gradle.PublishedGradleVersions.storeCacheVersionsFile(PublishedGradleVersions.java:184)
	at org.eclipse.buildship.core.internal.util.gradle.PublishedGradleVersions.tryToDownloadAndCacheVersions(PublishedGradleVersions.java:150)
	at org.eclipse.buildship.core.internal.util.gradle.PublishedGradleVersions.tryToUpdateOutdatedVersionsFile(PublishedGradleVersions.java:133)
	at org.eclipse.buildship.core.internal.util.gradle.PublishedGradleVersions.create(PublishedGradleVersions.java:117)
	at org.eclipse.buildship.core.internal.util.gradle.PublishedGradleVersionsWrapper$LoadVersionsJob.run(PublishedGradleVersionsWrapper.java:73)
	at org.eclipse.core.internal.jobs.Worker.run(Worker.java:63)
2025-05-19 20:45:18,855 [Worker-22: Building] INFO  o.a.m.s.f.DefaultMavenResourcesFiltering - Copying 1 resource from src\main\resources to target\classes
2025-05-19 20:45:18,881 [Worker-22: Building] INFO  o.a.m.s.f.DefaultMavenResourcesFiltering - Copying 0 resource from src\main\resources to target\classes
2025-05-19 20:45:18,887 [Worker-22: Building] INFO  o.a.m.s.f.DefaultMavenResourcesFiltering - skip non existing resourceDirectory C:\src\proyectobomber\JavaWorskpace\bombero\src\test\resources
2025-05-19 20:45:24,290 [Worker-23: Building] INFO  o.a.m.s.f.DefaultMavenResourcesFiltering - Copying 1 resource from src\main\resources to target\classes
2025-05-19 20:45:24,297 [Worker-23: Building] INFO  o.a.m.s.f.DefaultMavenResourcesFiltering - Copying 0 resource from src\main\resources to target\classes
2025-05-19 20:45:24,303 [Worker-23: Building] INFO  o.a.m.s.f.DefaultMavenResourcesFiltering - skip non existing resourceDirectory C:\src\proyectobomber\JavaWorskpace\bombero\src\test\resources
2025-05-19 20:48:30,992 [Worker-9: Building] INFO  o.a.m.s.f.DefaultMavenResourcesFiltering - Copying 1 resource from src\main\resources to target\classes
2025-05-19 20:48:31,002 [Worker-9: Building] INFO  o.a.m.s.f.DefaultMavenResourcesFiltering - Copying 0 resource from src\main\resources to target\classes
2025-05-19 20:48:31,008 [Worker-9: Building] INFO  o.a.m.s.f.DefaultMavenResourcesFiltering - skip non existing resourceDirectory C:\src\proyectobomber\JavaWorskpace\bombero\src\test\resources
2025-05-19 21:01:45,097 [Worker-23: Building] INFO  o.a.m.s.f.DefaultMavenResourcesFiltering - Copying 1 resource from src\main\resources to target\classes
2025-05-19 21:01:45,105 [Worker-23: Building] INFO  o.a.m.s.f.DefaultMavenResourcesFiltering - Copying 0 resource from src\main\resources to target\classes
2025-05-19 21:01:45,109 [Worker-23: Building] INFO  o.a.m.s.f.DefaultMavenResourcesFiltering - skip non existing resourceDirectory C:\src\proyectobomber\JavaWorskpace\bombero\src\test\resources
2025-05-19 21:29:02,168 [Worker-40: Building] INFO  o.a.m.s.f.DefaultMavenResourcesFiltering - Copying 1 resource from src\main\resources to target\classes
2025-05-19 21:29:02,175 [Worker-40: Building] INFO  o.a.m.s.f.DefaultMavenResourcesFiltering - Copying 0 resource from src\main\resources to target\classes
2025-05-19 21:29:02,180 [Worker-40: Building] INFO  o.a.m.s.f.DefaultMavenResourcesFiltering - skip non existing resourceDirectory C:\src\proyectobomber\JavaWorskpace\bombero\src\test\resources
2025-05-19 21:36:16,703 [Worker-43: Building] INFO  o.a.m.s.f.DefaultMavenResourcesFiltering - Copying 1 resource from src\main\resources to target\classes
2025-05-19 21:36:16,710 [Worker-43: Building] INFO  o.a.m.s.f.DefaultMavenResourcesFiltering - Copying 0 resource from src\main\resources to target\classes
2025-05-19 21:36:16,715 [Worker-43: Building] INFO  o.a.m.s.f.DefaultMavenResourcesFiltering - skip non existing resourceDirectory C:\src\proyectobomber\JavaWorskpace\bombero\src\test\resources
2025-05-19 21:38:20,211 [Worker-44: Building] INFO  o.a.m.s.f.DefaultMavenResourcesFiltering - Copying 1 resource from src\main\resources to target\classes
2025-05-19 21:38:20,217 [Worker-44: Building] INFO  o.a.m.s.f.DefaultMavenResourcesFiltering - Copying 0 resource from src\main\resources to target\classes
2025-05-19 21:38:20,221 [Worker-44: Building] INFO  o.a.m.s.f.DefaultMavenResourcesFiltering - skip non existing resourceDirectory C:\src\proyectobomber\JavaWorskpace\bombero\src\test\resources
2025-05-19 22:39:59,741 [Worker-48: Building] INFO  o.a.m.s.f.DefaultMavenResourcesFiltering - Copying 1 resource from src\main\resources to target\classes
2025-05-19 22:39:59,772 [Worker-48: Building] INFO  o.a.m.s.f.DefaultMavenResourcesFiltering - Copying 0 resource from src\main\resources to target\classes
2025-05-19 22:39:59,777 [Worker-48: Building] INFO  o.a.m.s.f.DefaultMavenResourcesFiltering - skip non existing resourceDirectory C:\src\proyectobomber\JavaWorskpace\bombero\src\test\resources
2025-05-20 09:52:53,408 [Worker-4: Loading available Gradle versions] INFO  o.e.b.c.i.u.g.PublishedGradleVersions - Gradle version information cache is out-of-date. Trying to update.
2025-05-20 09:52:54,702 [Worker-4: Loading available Gradle versions] ERROR o.e.b.c.i.u.g.PublishedGradleVersions - Cannot write Gradle version information cache file.
java.io.FileNotFoundException: C:\Users\user\.cache\tooling\gradle\versions.json (Acceso denegado)
	at java.base/java.io.FileOutputStream.open0(Native Method)
	at java.base/java.io.FileOutputStream.open(FileOutputStream.java:289)
	at java.base/java.io.FileOutputStream.<init>(FileOutputStream.java:230)
	at com.google.common.io.Files$FileByteSink.openStream(Files.java:197)
	at com.google.common.io.Files$FileByteSink.openStream(Files.java:185)
	at com.google.common.io.ByteSink$AsCharSink.openStream(ByteSink.java:152)
	at com.google.common.io.CharSource$StringCharSource.copyTo(CharSource.java:662)
	at org.eclipse.buildship.core.internal.util.gradle.PublishedGradleVersions.storeCacheVersionsFile(PublishedGradleVersions.java:184)
	at org.eclipse.buildship.core.internal.util.gradle.PublishedGradleVersions.tryToDownloadAndCacheVersions(PublishedGradleVersions.java:150)
	at org.eclipse.buildship.core.internal.util.gradle.PublishedGradleVersions.tryToUpdateOutdatedVersionsFile(PublishedGradleVersions.java:133)
	at org.eclipse.buildship.core.internal.util.gradle.PublishedGradleVersions.create(PublishedGradleVersions.java:117)
	at org.eclipse.buildship.core.internal.util.gradle.PublishedGradleVersionsWrapper$LoadVersionsJob.run(PublishedGradleVersionsWrapper.java:73)
	at org.eclipse.core.internal.jobs.Worker.run(Worker.java:63)
2025-05-20 10:26:41,974 [Worker-16: Building] INFO  o.a.m.s.f.DefaultMavenResourcesFiltering - Copying 1 resource from src\main\resources to target\classes
2025-05-20 10:26:42,000 [Worker-16: Building] INFO  o.a.m.s.f.DefaultMavenResourcesFiltering - Copying 0 resource from src\main\resources to target\classes
2025-05-20 10:26:42,005 [Worker-16: Building] INFO  o.a.m.s.f.DefaultMavenResourcesFiltering - skip non existing resourceDirectory C:\src\proyectobomber\JavaWorskpace\bombero\src\test\resources
2025-05-20 10:30:03,496 [Worker-10: Building] INFO  o.a.m.s.f.DefaultMavenResourcesFiltering - Copying 1 resource from src\main\resources to target\classes
2025-05-20 10:30:03,500 [Worker-10: Building] INFO  o.a.m.s.f.DefaultMavenResourcesFiltering - Copying 0 resource from src\main\resources to target\classes
2025-05-20 10:30:03,503 [Worker-10: Building] INFO  o.a.m.s.f.DefaultMavenResourcesFiltering - skip non existing resourceDirectory C:\src\proyectobomber\JavaWorskpace\bombero\src\test\resources
2025-05-20 14:57:34,713 [Worker-46: Building] INFO  o.a.m.s.f.DefaultMavenResourcesFiltering - Copying 1 resource from src\main\resources to target\classes
2025-05-20 14:57:34,746 [Worker-46: Building] INFO  o.a.m.s.f.DefaultMavenResourcesFiltering - Copying 0 resource from src\main\resources to target\classes
2025-05-20 14:57:34,760 [Worker-46: Building] INFO  o.a.m.s.f.DefaultMavenResourcesFiltering - skip non existing resourceDirectory C:\src\proyectobomber\JavaWorskpace\bombero\src\test\resources
2025-05-20 15:57:19,098 [Worker-62: Building] INFO  o.a.m.s.f.DefaultMavenResourcesFiltering - Copying 1 resource from src\main\resources to target\classes
2025-05-20 15:57:19,111 [Worker-62: Building] INFO  o.a.m.s.f.DefaultMavenResourcesFiltering - Copying 0 resource from src\main\resources to target\classes
2025-05-20 15:57:19,114 [Worker-62: Building] INFO  o.a.m.s.f.DefaultMavenResourcesFiltering - skip non existing resourceDirectory C:\src\proyectobomber\JavaWorskpace\bombero\src\test\resources
2025-05-20 16:20:20,535 [Worker-67: Building] INFO  o.a.m.s.f.DefaultMavenResourcesFiltering - Copying 1 resource from src\main\resources to target\classes
2025-05-20 16:20:20,540 [Worker-67: Building] INFO  o.a.m.s.f.DefaultMavenResourcesFiltering - Copying 0 resource from src\main\resources to target\classes
2025-05-20 16:20:20,544 [Worker-67: Building] INFO  o.a.m.s.f.DefaultMavenResourcesFiltering - skip non existing resourceDirectory C:\src\proyectobomber\JavaWorskpace\bombero\src\test\resources
2025-05-20 16:22:57,874 [Worker-67: Building] INFO  o.a.m.s.f.DefaultMavenResourcesFiltering - Copying 1 resource from src\main\resources to target\classes
2025-05-20 16:22:57,877 [Worker-67: Building] INFO  o.a.m.s.f.DefaultMavenResourcesFiltering - Copying 0 resource from src\main\resources to target\classes
2025-05-20 16:22:57,881 [Worker-67: Building] INFO  o.a.m.s.f.DefaultMavenResourcesFiltering - skip non existing resourceDirectory C:\src\proyectobomber\JavaWorskpace\bombero\src\test\resources
2025-05-20 16:23:17,952 [Worker-64: Building] INFO  o.a.m.s.f.DefaultMavenResourcesFiltering - Copying 1 resource from src\main\resources to target\classes
2025-05-20 16:23:17,959 [Worker-64: Building] INFO  o.a.m.s.f.DefaultMavenResourcesFiltering - Copying 0 resource from src\main\resources to target\classes
2025-05-20 16:23:17,962 [Worker-64: Building] INFO  o.a.m.s.f.DefaultMavenResourcesFiltering - skip non existing resourceDirectory C:\src\proyectobomber\JavaWorskpace\bombero\src\test\resources
2025-05-20 16:24:41,711 [Worker-72: Building] INFO  o.a.m.s.f.DefaultMavenResourcesFiltering - Copying 1 resource from src\main\resources to target\classes
2025-05-20 16:24:41,728 [Worker-72: Building] INFO  o.a.m.s.f.DefaultMavenResourcesFiltering - Copying 0 resource from src\main\resources to target\classes
2025-05-20 16:24:41,735 [Worker-72: Building] INFO  o.a.m.s.f.DefaultMavenResourcesFiltering - skip non existing resourceDirectory C:\src\proyectobomber\JavaWorskpace\bombero\src\test\resources
2025-05-20 17:16:14,083 [Worker-95: Building] INFO  o.a.m.s.f.DefaultMavenResourcesFiltering - Copying 1 resource from src\main\resources to target\classes
2025-05-20 17:16:14,125 [Worker-95: Building] INFO  o.a.m.s.f.DefaultMavenResourcesFiltering - Copying 0 resource from src\main\resources to target\classes
2025-05-20 17:16:14,130 [Worker-95: Building] INFO  o.a.m.s.f.DefaultMavenResourcesFiltering - skip non existing resourceDirectory C:\src\proyectobomber\JavaWorskpace\bombero\src\test\resources
2025-05-20 17:18:04,000 [Worker-93: Building] INFO  o.a.m.s.f.DefaultMavenResourcesFiltering - Copying 1 resource from src\main\resources to target\classes
2025-05-20 17:18:04,028 [Worker-93: Building] INFO  o.a.m.s.f.DefaultMavenResourcesFiltering - Copying 0 resource from src\main\resources to target\classes
2025-05-20 17:18:04,036 [Worker-93: Building] INFO  o.a.m.s.f.DefaultMavenResourcesFiltering - skip non existing resourceDirectory C:\src\proyectobomber\JavaWorskpace\bombero\src\test\resources
2025-05-20 17:19:12,537 [Worker-84: Launching bombero - BomberoApplication] INFO  o.a.m.s.f.DefaultMavenResourcesFiltering - Copying 1 resource from src\main\resources to target\classes
2025-05-20 17:19:12,543 [Worker-84: Launching bombero - BomberoApplication] INFO  o.a.m.s.f.DefaultMavenResourcesFiltering - Copying 0 resource from src\main\resources to target\classes
2025-05-20 17:19:12,550 [Worker-84: Launching bombero - BomberoApplication] INFO  o.a.m.s.f.DefaultMavenResourcesFiltering - skip non existing resourceDirectory C:\src\proyectobomber\JavaWorskpace\bombero\src\test\resources
2025-05-20 17:32:38,807 [Worker-100: Building] INFO  o.a.m.s.f.DefaultMavenResourcesFiltering - Copying 1 resource from src\main\resources to target\classes
2025-05-20 17:32:38,813 [Worker-100: Building] INFO  o.a.m.s.f.DefaultMavenResourcesFiltering - Copying 0 resource from src\main\resources to target\classes
2025-05-20 17:32:38,817 [Worker-100: Building] INFO  o.a.m.s.f.DefaultMavenResourcesFiltering - skip non existing resourceDirectory C:\src\proyectobomber\JavaWorskpace\bombero\src\test\resources
2025-05-20 17:36:55,118 [Worker-100: Building] INFO  o.a.m.s.f.DefaultMavenResourcesFiltering - Copying 1 resource from src\main\resources to target\classes
2025-05-20 17:36:55,125 [Worker-100: Building] INFO  o.a.m.s.f.DefaultMavenResourcesFiltering - Copying 0 resource from src\main\resources to target\classes
2025-05-20 17:36:55,129 [Worker-100: Building] INFO  o.a.m.s.f.DefaultMavenResourcesFiltering - skip non existing resourceDirectory C:\src\proyectobomber\JavaWorskpace\bombero\src\test\resources
2025-05-20 17:40:03,983 [Worker-102: Building] INFO  o.a.m.s.f.DefaultMavenResourcesFiltering - Copying 1 resource from src\main\resources to target\classes
2025-05-20 17:40:03,999 [Worker-102: Building] INFO  o.a.m.s.f.DefaultMavenResourcesFiltering - Copying 0 resource from src\main\resources to target\classes
2025-05-20 17:40:04,005 [Worker-102: Building] INFO  o.a.m.s.f.DefaultMavenResourcesFiltering - skip non existing resourceDirectory C:\src\proyectobomber\JavaWorskpace\bombero\src\test\resources
2025-05-20 17:42:03,912 [Worker-104: Building] INFO  o.a.m.s.f.DefaultMavenResourcesFiltering - Copying 1 resource from src\main\resources to target\classes
2025-05-20 17:42:03,914 [Worker-104: Building] INFO  o.a.m.s.f.DefaultMavenResourcesFiltering - Copying 0 resource from src\main\resources to target\classes
2025-05-20 17:42:03,918 [Worker-104: Building] INFO  o.a.m.s.f.DefaultMavenResourcesFiltering - skip non existing resourceDirectory C:\src\proyectobomber\JavaWorskpace\bombero\src\test\resources
2025-05-20 17:51:53,367 [Worker-92: Cleaning all projects] INFO  o.e.m.w.i.f.ResourceFilteringBuildParticipant - Cleaning filtered folder for bombero
2025-05-20 17:51:53,873 [Worker-105: Building] INFO  o.a.m.s.f.DefaultMavenResourcesFiltering - Copying 1 resource from src\main\resources to target\classes
2025-05-20 17:51:53,885 [Worker-105: Building] INFO  o.a.m.s.f.DefaultMavenResourcesFiltering - Copying 0 resource from src\main\resources to target\classes
2025-05-20 17:51:53,889 [Worker-105: Building] INFO  o.a.m.s.f.DefaultMavenResourcesFiltering - skip non existing resourceDirectory C:\src\proyectobomber\JavaWorskpace\bombero\src\test\resources
2025-05-20 17:51:53,889 [Worker-105: Building] INFO  o.e.m.w.i.f.ResourceFilteringBuildParticipant - Changed resources require a complete clean of filtered resources of bombero
2025-05-20 17:51:53,891 [Worker-105: Building] INFO  o.e.m.w.i.f.ResourceFilteringBuildParticipant - Executing resource filtering for bombero
2025-05-20 17:56:28,515 [Worker-100: Building] INFO  o.a.m.s.f.DefaultMavenResourcesFiltering - Copying 1 resource from src\main\resources to target\classes
2025-05-20 17:56:28,525 [Worker-100: Building] INFO  o.a.m.s.f.DefaultMavenResourcesFiltering - Copying 0 resource from src\main\resources to target\classes
2025-05-20 17:56:28,528 [Worker-100: Building] INFO  o.a.m.s.f.DefaultMavenResourcesFiltering - skip non existing resourceDirectory C:\src\proyectobomber\JavaWorskpace\bombero\src\test\resources
2025-05-20 18:15:50,335 [Worker-128: Building] INFO  o.a.m.s.f.DefaultMavenResourcesFiltering - Copying 1 resource from src\main\resources to target\classes
2025-05-20 18:15:50,342 [Worker-128: Building] INFO  o.a.m.s.f.DefaultMavenResourcesFiltering - Copying 0 resource from src\main\resources to target\classes
2025-05-20 18:15:50,344 [Worker-128: Building] INFO  o.a.m.s.f.DefaultMavenResourcesFiltering - skip non existing resourceDirectory C:\src\proyectobomber\JavaWorskpace\bombero\src\test\resources
2025-05-20 18:49:02,730 [Worker-4: Loading available Gradle versions] INFO  o.e.b.c.i.u.g.PublishedGradleVersions - Gradle version information cache is out-of-date. Trying to update.
2025-05-20 18:49:03,217 [Worker-4: Loading available Gradle versions] INFO  o.e.b.c.i.u.g.PublishedGradleVersions - Updating Gradle version information cache failed. Using outdated cache.
2025-05-20 19:04:10,377 [Worker-22: Building] INFO  o.a.m.s.f.DefaultMavenResourcesFiltering - Copying 1 resource from src\main\resources to target\classes
2025-05-20 19:04:10,389 [Worker-22: Building] INFO  o.a.m.s.f.DefaultMavenResourcesFiltering - Copying 0 resource from src\main\resources to target\classes
2025-05-20 19:04:10,393 [Worker-22: Building] INFO  o.a.m.s.f.DefaultMavenResourcesFiltering - skip non existing resourceDirectory C:\src\proyectobomber\JavaWorskpace\bombero\src\test\resources
2025-05-20 19:06:11,096 [Worker-22: Building] INFO  o.a.m.s.f.DefaultMavenResourcesFiltering - Copying 1 resource from src\main\resources to target\classes
2025-05-20 19:06:11,101 [Worker-22: Building] INFO  o.a.m.s.f.DefaultMavenResourcesFiltering - Copying 0 resource from src\main\resources to target\classes
2025-05-20 19:06:11,104 [Worker-22: Building] INFO  o.a.m.s.f.DefaultMavenResourcesFiltering - skip non existing resourceDirectory C:\src\proyectobomber\JavaWorskpace\bombero\src\test\resources
2025-05-20 19:07:10,501 [Worker-22: Building] INFO  o.a.m.s.f.DefaultMavenResourcesFiltering - Copying 1 resource from src\main\resources to target\classes
2025-05-20 19:07:10,506 [Worker-22: Building] INFO  o.a.m.s.f.DefaultMavenResourcesFiltering - Copying 0 resource from src\main\resources to target\classes
2025-05-20 19:07:10,509 [Worker-22: Building] INFO  o.a.m.s.f.DefaultMavenResourcesFiltering - skip non existing resourceDirectory C:\src\proyectobomber\JavaWorskpace\bombero\src\test\resources
2025-05-20 19:07:30,268 [Worker-18: Building] INFO  o.a.m.s.f.DefaultMavenResourcesFiltering - Copying 1 resource from src\main\resources to target\classes
2025-05-20 19:07:30,271 [Worker-18: Building] INFO  o.a.m.s.f.DefaultMavenResourcesFiltering - Copying 0 resource from src\main\resources to target\classes
2025-05-20 19:07:30,274 [Worker-18: Building] INFO  o.a.m.s.f.DefaultMavenResourcesFiltering - skip non existing resourceDirectory C:\src\proyectobomber\JavaWorskpace\bombero\src\test\resources
2025-05-20 20:01:57,708 [Worker-31: Building] INFO  o.a.m.s.f.DefaultMavenResourcesFiltering - Copying 1 resource from src\main\resources to target\classes
2025-05-20 20:01:57,712 [Worker-31: Building] INFO  o.a.m.s.f.DefaultMavenResourcesFiltering - Copying 0 resource from src\main\resources to target\classes
2025-05-20 20:01:57,716 [Worker-31: Building] INFO  o.a.m.s.f.DefaultMavenResourcesFiltering - skip non existing resourceDirectory C:\src\proyectobomber\JavaWorskpace\bombero\src\test\resources
2025-05-20 20:02:04,201 [Worker-41: Building] INFO  o.a.m.s.f.DefaultMavenResourcesFiltering - Copying 1 resource from src\main\resources to target\classes
2025-05-20 20:02:04,205 [Worker-41: Building] INFO  o.a.m.s.f.DefaultMavenResourcesFiltering - Copying 0 resource from src\main\resources to target\classes
2025-05-20 20:02:04,210 [Worker-41: Building] INFO  o.a.m.s.f.DefaultMavenResourcesFiltering - skip non existing resourceDirectory C:\src\proyectobomber\JavaWorskpace\bombero\src\test\resources
2025-05-21 08:03:05,279 [Worker-7: Loading available Gradle versions] INFO  o.e.b.c.i.u.g.PublishedGradleVersions - Gradle version information cache is out-of-date. Trying to update.
2025-05-21 08:03:06,565 [Worker-7: Loading available Gradle versions] ERROR o.e.b.c.i.u.g.PublishedGradleVersions - Cannot write Gradle version information cache file.
java.io.FileNotFoundException: C:\Users\user\.cache\tooling\gradle\versions.json (Acceso denegado)
	at java.base/java.io.FileOutputStream.open0(Native Method)
	at java.base/java.io.FileOutputStream.open(FileOutputStream.java:289)
	at java.base/java.io.FileOutputStream.<init>(FileOutputStream.java:230)
	at com.google.common.io.Files$FileByteSink.openStream(Files.java:197)
	at com.google.common.io.Files$FileByteSink.openStream(Files.java:185)
	at com.google.common.io.ByteSink$AsCharSink.openStream(ByteSink.java:152)
	at com.google.common.io.CharSource$StringCharSource.copyTo(CharSource.java:662)
	at org.eclipse.buildship.core.internal.util.gradle.PublishedGradleVersions.storeCacheVersionsFile(PublishedGradleVersions.java:184)
	at org.eclipse.buildship.core.internal.util.gradle.PublishedGradleVersions.tryToDownloadAndCacheVersions(PublishedGradleVersions.java:150)
	at org.eclipse.buildship.core.internal.util.gradle.PublishedGradleVersions.tryToUpdateOutdatedVersionsFile(PublishedGradleVersions.java:133)
	at org.eclipse.buildship.core.internal.util.gradle.PublishedGradleVersions.create(PublishedGradleVersions.java:117)
	at org.eclipse.buildship.core.internal.util.gradle.PublishedGradleVersionsWrapper$LoadVersionsJob.run(PublishedGradleVersionsWrapper.java:73)
	at org.eclipse.core.internal.jobs.Worker.run(Worker.java:63)
2025-05-21 08:03:26,740 [Worker-2: Launching bombero - BomberoApplication] INFO  o.a.m.s.f.DefaultMavenResourcesFiltering - Copying 1 resource from src\main\resources to target\classes
2025-05-21 08:03:26,761 [Worker-2: Launching bombero - BomberoApplication] INFO  o.a.m.s.f.DefaultMavenResourcesFiltering - Copying 0 resource from src\main\resources to target\classes
2025-05-21 08:03:26,765 [Worker-2: Launching bombero - BomberoApplication] INFO  o.a.m.s.f.DefaultMavenResourcesFiltering - skip non existing resourceDirectory C:\src\proyectobomber\JavaWorskpace\bombero\src\test\resources
2025-05-22 23:20:24,079 [Worker-4: Loading available Gradle versions] INFO  o.e.b.c.i.u.g.PublishedGradleVersions - Gradle version information cache is out-of-date. Trying to update.
2025-05-22 23:20:25,481 [Worker-4: Loading available Gradle versions] ERROR o.e.b.c.i.u.g.PublishedGradleVersions - Cannot write Gradle version information cache file.
java.io.FileNotFoundException: C:\Users\user\.cache\tooling\gradle\versions.json (Acceso denegado)
	at java.base/java.io.FileOutputStream.open0(Native Method)
	at java.base/java.io.FileOutputStream.open(FileOutputStream.java:289)
	at java.base/java.io.FileOutputStream.<init>(FileOutputStream.java:230)
	at com.google.common.io.Files$FileByteSink.openStream(Files.java:197)
	at com.google.common.io.Files$FileByteSink.openStream(Files.java:185)
	at com.google.common.io.ByteSink$AsCharSink.openStream(ByteSink.java:152)
	at com.google.common.io.CharSource$StringCharSource.copyTo(CharSource.java:662)
	at org.eclipse.buildship.core.internal.util.gradle.PublishedGradleVersions.storeCacheVersionsFile(PublishedGradleVersions.java:184)
	at org.eclipse.buildship.core.internal.util.gradle.PublishedGradleVersions.tryToDownloadAndCacheVersions(PublishedGradleVersions.java:150)
	at org.eclipse.buildship.core.internal.util.gradle.PublishedGradleVersions.tryToUpdateOutdatedVersionsFile(PublishedGradleVersions.java:133)
	at org.eclipse.buildship.core.internal.util.gradle.PublishedGradleVersions.create(PublishedGradleVersions.java:117)
	at org.eclipse.buildship.core.internal.util.gradle.PublishedGradleVersionsWrapper$LoadVersionsJob.run(PublishedGradleVersionsWrapper.java:73)
	at org.eclipse.core.internal.jobs.Worker.run(Worker.java:63)
2025-05-23 09:10:32,765 [Worker-4: Loading available Gradle versions] INFO  o.e.b.c.i.u.g.PublishedGradleVersions - Gradle version information cache is out-of-date. Trying to update.
2025-05-23 09:10:33,994 [Worker-4: Loading available Gradle versions] ERROR o.e.b.c.i.u.g.PublishedGradleVersions - Cannot write Gradle version information cache file.
java.io.FileNotFoundException: C:\Users\user\.cache\tooling\gradle\versions.json (Acceso denegado)
	at java.base/java.io.FileOutputStream.open0(Native Method)
	at java.base/java.io.FileOutputStream.open(FileOutputStream.java:289)
	at java.base/java.io.FileOutputStream.<init>(FileOutputStream.java:230)
	at com.google.common.io.Files$FileByteSink.openStream(Files.java:197)
	at com.google.common.io.Files$FileByteSink.openStream(Files.java:185)
	at com.google.common.io.ByteSink$AsCharSink.openStream(ByteSink.java:152)
	at com.google.common.io.CharSource$StringCharSource.copyTo(CharSource.java:662)
	at org.eclipse.buildship.core.internal.util.gradle.PublishedGradleVersions.storeCacheVersionsFile(PublishedGradleVersions.java:184)
	at org.eclipse.buildship.core.internal.util.gradle.PublishedGradleVersions.tryToDownloadAndCacheVersions(PublishedGradleVersions.java:150)
	at org.eclipse.buildship.core.internal.util.gradle.PublishedGradleVersions.tryToUpdateOutdatedVersionsFile(PublishedGradleVersions.java:133)
	at org.eclipse.buildship.core.internal.util.gradle.PublishedGradleVersions.create(PublishedGradleVersions.java:117)
	at org.eclipse.buildship.core.internal.util.gradle.PublishedGradleVersionsWrapper$LoadVersionsJob.run(PublishedGradleVersionsWrapper.java:73)
	at org.eclipse.core.internal.jobs.Worker.run(Worker.java:63)
2025-05-23 09:16:55,456 [Worker-5: Building] INFO  o.a.m.s.f.DefaultMavenResourcesFiltering - Copying 1 resource from src\main\resources to target\classes
2025-05-23 09:16:55,508 [Worker-5: Building] INFO  o.a.m.s.f.DefaultMavenResourcesFiltering - Copying 0 resource from src\main\resources to target\classes
2025-05-23 09:16:55,517 [Worker-5: Building] INFO  o.a.m.s.f.DefaultMavenResourcesFiltering - skip non existing resourceDirectory C:\src\proyectobomber\JavaWorskpace\bombero\src\test\resources
2025-05-23 09:18:24,147 [Worker-18: Building] INFO  o.a.m.s.f.DefaultMavenResourcesFiltering - Copying 1 resource from src\main\resources to target\classes
2025-05-23 09:18:24,156 [Worker-18: Building] INFO  o.a.m.s.f.DefaultMavenResourcesFiltering - Copying 0 resource from src\main\resources to target\classes
2025-05-23 09:18:24,160 [Worker-18: Building] INFO  o.a.m.s.f.DefaultMavenResourcesFiltering - skip non existing resourceDirectory C:\src\proyectobomber\JavaWorskpace\bombero\src\test\resources
2025-05-23 09:19:50,350 [Worker-18: Building] INFO  o.a.m.s.f.DefaultMavenResourcesFiltering - Copying 1 resource from src\main\resources to target\classes
2025-05-23 09:19:50,355 [Worker-18: Building] INFO  o.a.m.s.f.DefaultMavenResourcesFiltering - Copying 0 resource from src\main\resources to target\classes
2025-05-23 09:19:50,358 [Worker-18: Building] INFO  o.a.m.s.f.DefaultMavenResourcesFiltering - skip non existing resourceDirectory C:\src\proyectobomber\JavaWorskpace\bombero\src\test\resources
2025-05-23 09:21:19,191 [Worker-18: Building] INFO  o.a.m.s.f.DefaultMavenResourcesFiltering - Copying 1 resource from src\main\resources to target\classes
2025-05-23 09:21:19,195 [Worker-18: Building] INFO  o.a.m.s.f.DefaultMavenResourcesFiltering - Copying 0 resource from src\main\resources to target\classes
2025-05-23 09:21:19,198 [Worker-18: Building] INFO  o.a.m.s.f.DefaultMavenResourcesFiltering - skip non existing resourceDirectory C:\src\proyectobomber\JavaWorskpace\bombero\src\test\resources
2025-05-23 09:22:05,374 [Worker-22: Building] INFO  o.a.m.s.f.DefaultMavenResourcesFiltering - Copying 1 resource from src\main\resources to target\classes
2025-05-23 09:22:05,391 [Worker-22: Building] INFO  o.a.m.s.f.DefaultMavenResourcesFiltering - Copying 0 resource from src\main\resources to target\classes
2025-05-23 09:22:05,413 [Worker-22: Building] INFO  o.a.m.s.f.DefaultMavenResourcesFiltering - skip non existing resourceDirectory C:\src\proyectobomber\JavaWorskpace\bombero\src\test\resources
2025-05-23 09:22:09,749 [Worker-5: Building] INFO  o.a.m.s.f.DefaultMavenResourcesFiltering - Copying 1 resource from src\main\resources to target\classes
2025-05-23 09:22:09,754 [Worker-5: Building] INFO  o.a.m.s.f.DefaultMavenResourcesFiltering - Copying 0 resource from src\main\resources to target\classes
2025-05-23 09:22:09,756 [Worker-5: Building] INFO  o.a.m.s.f.DefaultMavenResourcesFiltering - skip non existing resourceDirectory C:\src\proyectobomber\JavaWorskpace\bombero\src\test\resources
2025-05-23 10:14:43,736 [Worker-35: Building] INFO  o.a.m.s.f.DefaultMavenResourcesFiltering - Copying 1 resource from src\main\resources to target\classes
2025-05-23 10:14:43,742 [Worker-35: Building] INFO  o.a.m.s.f.DefaultMavenResourcesFiltering - Copying 0 resource from src\main\resources to target\classes
2025-05-23 10:14:43,747 [Worker-35: Building] INFO  o.a.m.s.f.DefaultMavenResourcesFiltering - skip non existing resourceDirectory C:\src\proyectobomber\JavaWorskpace\bombero\src\test\resources
2025-05-23 10:15:04,545 [Worker-32: Building] INFO  o.a.m.s.f.DefaultMavenResourcesFiltering - Copying 1 resource from src\main\resources to target\classes
2025-05-23 10:15:04,548 [Worker-32: Building] INFO  o.a.m.s.f.DefaultMavenResourcesFiltering - Copying 0 resource from src\main\resources to target\classes
2025-05-23 10:15:04,551 [Worker-32: Building] INFO  o.a.m.s.f.DefaultMavenResourcesFiltering - skip non existing resourceDirectory C:\src\proyectobomber\JavaWorskpace\bombero\src\test\resources
2025-05-23 10:15:22,666 [Worker-36: Building] INFO  o.a.m.s.f.DefaultMavenResourcesFiltering - Copying 1 resource from src\main\resources to target\classes
2025-05-23 10:15:22,669 [Worker-36: Building] INFO  o.a.m.s.f.DefaultMavenResourcesFiltering - Copying 0 resource from src\main\resources to target\classes
2025-05-23 10:15:22,671 [Worker-36: Building] INFO  o.a.m.s.f.DefaultMavenResourcesFiltering - skip non existing resourceDirectory C:\src\proyectobomber\JavaWorskpace\bombero\src\test\resources
2025-05-23 10:16:49,982 [Worker-35: Building] INFO  o.a.m.s.f.DefaultMavenResourcesFiltering - Copying 1 resource from src\main\resources to target\classes
2025-05-23 10:16:49,987 [Worker-35: Building] INFO  o.a.m.s.f.DefaultMavenResourcesFiltering - Copying 0 resource from src\main\resources to target\classes
2025-05-23 10:16:49,990 [Worker-35: Building] INFO  o.a.m.s.f.DefaultMavenResourcesFiltering - skip non existing resourceDirectory C:\src\proyectobomber\JavaWorskpace\bombero\src\test\resources
2025-05-23 10:17:24,111 [Worker-36: Building] INFO  o.a.m.s.f.DefaultMavenResourcesFiltering - Copying 1 resource from src\main\resources to target\classes
2025-05-23 10:17:24,115 [Worker-36: Building] INFO  o.a.m.s.f.DefaultMavenResourcesFiltering - Copying 0 resource from src\main\resources to target\classes
2025-05-23 10:17:24,119 [Worker-36: Building] INFO  o.a.m.s.f.DefaultMavenResourcesFiltering - skip non existing resourceDirectory C:\src\proyectobomber\JavaWorskpace\bombero\src\test\resources
2025-05-23 10:18:18,901 [Worker-35: Building] INFO  o.a.m.s.f.DefaultMavenResourcesFiltering - Copying 1 resource from src\main\resources to target\classes
2025-05-23 10:18:18,904 [Worker-35: Building] INFO  o.a.m.s.f.DefaultMavenResourcesFiltering - Copying 0 resource from src\main\resources to target\classes
2025-05-23 10:18:18,907 [Worker-35: Building] INFO  o.a.m.s.f.DefaultMavenResourcesFiltering - skip non existing resourceDirectory C:\src\proyectobomber\JavaWorskpace\bombero\src\test\resources
2025-05-23 10:23:29,668 [Worker-42: Building] INFO  o.a.m.s.f.DefaultMavenResourcesFiltering - Copying 1 resource from src\main\resources to target\classes
2025-05-23 10:23:29,672 [Worker-42: Building] INFO  o.a.m.s.f.DefaultMavenResourcesFiltering - Copying 0 resource from src\main\resources to target\classes
2025-05-23 10:23:29,675 [Worker-42: Building] INFO  o.a.m.s.f.DefaultMavenResourcesFiltering - skip non existing resourceDirectory C:\src\proyectobomber\JavaWorskpace\bombero\src\test\resources
2025-05-23 15:48:08,868 [Worker-48: Building] INFO  o.a.m.s.f.DefaultMavenResourcesFiltering - Copying 1 resource from src\main\resources to target\classes
2025-05-23 15:48:08,906 [Worker-48: Building] INFO  o.a.m.s.f.DefaultMavenResourcesFiltering - Copying 0 resource from src\main\resources to target\classes
2025-05-23 15:48:08,913 [Worker-48: Building] INFO  o.a.m.s.f.DefaultMavenResourcesFiltering - skip non existing resourceDirectory C:\src\proyectobomber\JavaWorskpace\bombero\src\test\resources
2025-05-23 17:59:51,160 [Worker-52: Building] INFO  o.a.m.s.f.DefaultMavenResourcesFiltering - Copying 1 resource from src\main\resources to target\classes
2025-05-23 17:59:51,172 [Worker-52: Building] INFO  o.a.m.s.f.DefaultMavenResourcesFiltering - Copying 0 resource from src\main\resources to target\classes
2025-05-23 17:59:51,179 [Worker-52: Building] INFO  o.a.m.s.f.DefaultMavenResourcesFiltering - skip non existing resourceDirectory C:\src\proyectobomber\JavaWorskpace\bombero\src\test\resources
2025-05-23 21:04:57,597 [Worker-5: Loading available Gradle versions] INFO  o.e.b.c.i.u.g.PublishedGradleVersions - Gradle version information cache is out-of-date. Trying to update.
2025-05-23 21:04:59,787 [Worker-5: Loading available Gradle versions] ERROR o.e.b.c.i.u.g.PublishedGradleVersions - Cannot write Gradle version information cache file.
java.io.FileNotFoundException: C:\Users\user\.cache\tooling\gradle\versions.json (Acceso denegado)
	at java.base/java.io.FileOutputStream.open0(Native Method)
	at java.base/java.io.FileOutputStream.open(FileOutputStream.java:289)
	at java.base/java.io.FileOutputStream.<init>(FileOutputStream.java:230)
	at com.google.common.io.Files$FileByteSink.openStream(Files.java:197)
	at com.google.common.io.Files$FileByteSink.openStream(Files.java:185)
	at com.google.common.io.ByteSink$AsCharSink.openStream(ByteSink.java:152)
	at com.google.common.io.CharSource$StringCharSource.copyTo(CharSource.java:662)
	at org.eclipse.buildship.core.internal.util.gradle.PublishedGradleVersions.storeCacheVersionsFile(PublishedGradleVersions.java:184)
	at org.eclipse.buildship.core.internal.util.gradle.PublishedGradleVersions.tryToDownloadAndCacheVersions(PublishedGradleVersions.java:150)
	at org.eclipse.buildship.core.internal.util.gradle.PublishedGradleVersions.tryToUpdateOutdatedVersionsFile(PublishedGradleVersions.java:133)
	at org.eclipse.buildship.core.internal.util.gradle.PublishedGradleVersions.create(PublishedGradleVersions.java:117)
	at org.eclipse.buildship.core.internal.util.gradle.PublishedGradleVersionsWrapper$LoadVersionsJob.run(PublishedGradleVersionsWrapper.java:73)
	at org.eclipse.core.internal.jobs.Worker.run(Worker.java:63)
2025-05-24 16:38:56,320 [Worker-7: Loading available Gradle versions] INFO  o.e.b.c.i.u.g.PublishedGradleVersions - Gradle version information cache is out-of-date. Trying to update.
2025-05-24 16:38:57,391 [Worker-7: Loading available Gradle versions] ERROR o.e.b.c.i.u.g.PublishedGradleVersions - Cannot write Gradle version information cache file.
java.io.FileNotFoundException: C:\Users\user\.cache\tooling\gradle\versions.json (Acceso denegado)
	at java.base/java.io.FileOutputStream.open0(Native Method)
	at java.base/java.io.FileOutputStream.open(FileOutputStream.java:289)
	at java.base/java.io.FileOutputStream.<init>(FileOutputStream.java:230)
	at com.google.common.io.Files$FileByteSink.openStream(Files.java:197)
	at com.google.common.io.Files$FileByteSink.openStream(Files.java:185)
	at com.google.common.io.ByteSink$AsCharSink.openStream(ByteSink.java:152)
	at com.google.common.io.CharSource$StringCharSource.copyTo(CharSource.java:662)
	at org.eclipse.buildship.core.internal.util.gradle.PublishedGradleVersions.storeCacheVersionsFile(PublishedGradleVersions.java:184)
	at org.eclipse.buildship.core.internal.util.gradle.PublishedGradleVersions.tryToDownloadAndCacheVersions(PublishedGradleVersions.java:150)
	at org.eclipse.buildship.core.internal.util.gradle.PublishedGradleVersions.tryToUpdateOutdatedVersionsFile(PublishedGradleVersions.java:133)
	at org.eclipse.buildship.core.internal.util.gradle.PublishedGradleVersions.create(PublishedGradleVersions.java:117)
	at org.eclipse.buildship.core.internal.util.gradle.PublishedGradleVersionsWrapper$LoadVersionsJob.run(PublishedGradleVersionsWrapper.java:73)
	at org.eclipse.core.internal.jobs.Worker.run(Worker.java:63)
2025-05-24 18:26:44,270 [Worker-19: Building] INFO  o.a.m.s.f.DefaultMavenResourcesFiltering - Copying 1 resource from src\main\resources to target\classes
2025-05-24 18:26:44,289 [Worker-19: Building] INFO  o.a.m.s.f.DefaultMavenResourcesFiltering - Copying 0 resource from src\main\resources to target\classes
2025-05-24 18:26:44,295 [Worker-19: Building] INFO  o.a.m.s.f.DefaultMavenResourcesFiltering - skip non existing resourceDirectory C:\src\proyectobomber\JavaWorskpace\bombero\src\test\resources
2025-05-24 18:27:29,297 [Worker-30: Building] INFO  o.a.m.s.f.DefaultMavenResourcesFiltering - Copying 1 resource from src\main\resources to target\classes
2025-05-24 18:27:29,303 [Worker-30: Building] INFO  o.a.m.s.f.DefaultMavenResourcesFiltering - Copying 0 resource from src\main\resources to target\classes
2025-05-24 18:27:29,308 [Worker-30: Building] INFO  o.a.m.s.f.DefaultMavenResourcesFiltering - skip non existing resourceDirectory C:\src\proyectobomber\JavaWorskpace\bombero\src\test\resources
2025-05-24 18:27:32,277 [Worker-31: Building] INFO  o.a.m.s.f.DefaultMavenResourcesFiltering - Copying 1 resource from src\main\resources to target\classes
2025-05-24 18:27:32,281 [Worker-31: Building] INFO  o.a.m.s.f.DefaultMavenResourcesFiltering - Copying 0 resource from src\main\resources to target\classes
2025-05-24 18:27:32,286 [Worker-31: Building] INFO  o.a.m.s.f.DefaultMavenResourcesFiltering - skip non existing resourceDirectory C:\src\proyectobomber\JavaWorskpace\bombero\src\test\resources
2025-05-24 18:27:35,011 [Worker-30: Building] INFO  o.a.m.s.f.DefaultMavenResourcesFiltering - Copying 1 resource from src\main\resources to target\classes
2025-05-24 18:27:35,015 [Worker-30: Building] INFO  o.a.m.s.f.DefaultMavenResourcesFiltering - Copying 0 resource from src\main\resources to target\classes
2025-05-24 18:27:35,019 [Worker-30: Building] INFO  o.a.m.s.f.DefaultMavenResourcesFiltering - skip non existing resourceDirectory C:\src\proyectobomber\JavaWorskpace\bombero\src\test\resources
2025-05-24 18:28:47,508 [Worker-32: Building] INFO  o.a.m.s.f.DefaultMavenResourcesFiltering - Copying 1 resource from src\main\resources to target\classes
2025-05-24 18:28:47,513 [Worker-32: Building] INFO  o.a.m.s.f.DefaultMavenResourcesFiltering - Copying 0 resource from src\main\resources to target\classes
2025-05-24 18:28:47,515 [Worker-32: Building] INFO  o.a.m.s.f.DefaultMavenResourcesFiltering - skip non existing resourceDirectory C:\src\proyectobomber\JavaWorskpace\bombero\src\test\resources
2025-05-24 18:30:32,946 [Worker-22: Building] INFO  o.a.m.s.f.DefaultMavenResourcesFiltering - Copying 1 resource from src\main\resources to target\classes
2025-05-24 18:30:32,950 [Worker-22: Building] INFO  o.a.m.s.f.DefaultMavenResourcesFiltering - Copying 0 resource from src\main\resources to target\classes
2025-05-24 18:30:32,952 [Worker-22: Building] INFO  o.a.m.s.f.DefaultMavenResourcesFiltering - skip non existing resourceDirectory C:\src\proyectobomber\JavaWorskpace\bombero\src\test\resources
2025-05-24 18:31:32,483 [Worker-21: Building] INFO  o.a.m.s.f.DefaultMavenResourcesFiltering - Copying 1 resource from src\main\resources to target\classes
2025-05-24 18:31:32,488 [Worker-21: Building] INFO  o.a.m.s.f.DefaultMavenResourcesFiltering - Copying 0 resource from src\main\resources to target\classes
2025-05-24 18:31:32,491 [Worker-21: Building] INFO  o.a.m.s.f.DefaultMavenResourcesFiltering - skip non existing resourceDirectory C:\src\proyectobomber\JavaWorskpace\bombero\src\test\resources
2025-05-24 18:31:38,220 [Worker-29: Building] INFO  o.a.m.s.f.DefaultMavenResourcesFiltering - Copying 1 resource from src\main\resources to target\classes
2025-05-24 18:31:38,224 [Worker-29: Building] INFO  o.a.m.s.f.DefaultMavenResourcesFiltering - Copying 0 resource from src\main\resources to target\classes
2025-05-24 18:31:38,228 [Worker-29: Building] INFO  o.a.m.s.f.DefaultMavenResourcesFiltering - skip non existing resourceDirectory C:\src\proyectobomber\JavaWorskpace\bombero\src\test\resources
2025-05-24 18:31:42,348 [Worker-21: Building] INFO  o.a.m.s.f.DefaultMavenResourcesFiltering - Copying 1 resource from src\main\resources to target\classes
2025-05-24 18:31:42,351 [Worker-21: Building] INFO  o.a.m.s.f.DefaultMavenResourcesFiltering - Copying 0 resource from src\main\resources to target\classes
2025-05-24 18:31:42,353 [Worker-21: Building] INFO  o.a.m.s.f.DefaultMavenResourcesFiltering - skip non existing resourceDirectory C:\src\proyectobomber\JavaWorskpace\bombero\src\test\resources
2025-05-24 18:58:18,236 [Worker-39: Building] INFO  o.a.m.s.f.DefaultMavenResourcesFiltering - Copying 1 resource from src\main\resources to target\classes
2025-05-24 18:58:18,241 [Worker-39: Building] INFO  o.a.m.s.f.DefaultMavenResourcesFiltering - Copying 0 resource from src\main\resources to target\classes
2025-05-24 18:58:18,244 [Worker-39: Building] INFO  o.a.m.s.f.DefaultMavenResourcesFiltering - skip non existing resourceDirectory C:\src\proyectobomber\JavaWorskpace\bombero\src\test\resources
2025-05-24 19:12:10,208 [Worker-48: Building] INFO  o.a.m.s.f.DefaultMavenResourcesFiltering - Copying 1 resource from src\main\resources to target\classes
2025-05-24 19:12:10,212 [Worker-48: Building] INFO  o.a.m.s.f.DefaultMavenResourcesFiltering - Copying 0 resource from src\main\resources to target\classes
2025-05-24 19:12:10,214 [Worker-48: Building] INFO  o.a.m.s.f.DefaultMavenResourcesFiltering - skip non existing resourceDirectory C:\src\proyectobomber\JavaWorskpace\bombero\src\test\resources
2025-05-24 19:12:15,551 [Worker-39: Launching bombero - BomberoApplication] INFO  o.a.m.s.f.DefaultMavenResourcesFiltering - Copying 1 resource from src\main\resources to target\classes
2025-05-24 19:12:15,556 [Worker-39: Launching bombero - BomberoApplication] INFO  o.a.m.s.f.DefaultMavenResourcesFiltering - Copying 0 resource from src\main\resources to target\classes
2025-05-24 19:12:15,560 [Worker-39: Launching bombero - BomberoApplication] INFO  o.a.m.s.f.DefaultMavenResourcesFiltering - skip non existing resourceDirectory C:\src\proyectobomber\JavaWorskpace\bombero\src\test\resources
2025-05-24 19:12:46,218 [Worker-19: Building] INFO  o.a.m.s.f.DefaultMavenResourcesFiltering - Copying 1 resource from src\main\resources to target\classes
2025-05-24 19:12:46,223 [Worker-19: Building] INFO  o.a.m.s.f.DefaultMavenResourcesFiltering - Copying 0 resource from src\main\resources to target\classes
2025-05-24 19:12:46,227 [Worker-19: Building] INFO  o.a.m.s.f.DefaultMavenResourcesFiltering - skip non existing resourceDirectory C:\src\proyectobomber\JavaWorskpace\bombero\src\test\resources
2025-05-24 19:13:21,467 [Worker-19: Building] INFO  o.a.m.s.f.DefaultMavenResourcesFiltering - Copying 1 resource from src\main\resources to target\classes
2025-05-24 19:13:21,471 [Worker-19: Building] INFO  o.a.m.s.f.DefaultMavenResourcesFiltering - Copying 0 resource from src\main\resources to target\classes
2025-05-24 19:13:21,473 [Worker-19: Building] INFO  o.a.m.s.f.DefaultMavenResourcesFiltering - skip non existing resourceDirectory C:\src\proyectobomber\JavaWorskpace\bombero\src\test\resources
2025-05-24 19:45:00,939 [Worker-60: Building] INFO  o.a.m.s.f.DefaultMavenResourcesFiltering - Copying 1 resource from src\main\resources to target\classes
2025-05-24 19:45:00,946 [Worker-60: Building] INFO  o.a.m.s.f.DefaultMavenResourcesFiltering - Copying 0 resource from src\main\resources to target\classes
2025-05-24 19:45:00,950 [Worker-60: Building] INFO  o.a.m.s.f.DefaultMavenResourcesFiltering - skip non existing resourceDirectory C:\src\proyectobomber\JavaWorskpace\bombero\src\test\resources
2025-05-24 19:46:02,629 [Worker-64: Building] INFO  o.a.m.s.f.DefaultMavenResourcesFiltering - Copying 1 resource from src\main\resources to target\classes
2025-05-24 19:46:02,634 [Worker-64: Building] INFO  o.a.m.s.f.DefaultMavenResourcesFiltering - Copying 0 resource from src\main\resources to target\classes
2025-05-24 19:46:02,637 [Worker-64: Building] INFO  o.a.m.s.f.DefaultMavenResourcesFiltering - skip non existing resourceDirectory C:\src\proyectobomber\JavaWorskpace\bombero\src\test\resources
2025-05-24 19:58:07,751 [Worker-64: Building] INFO  o.a.m.s.f.DefaultMavenResourcesFiltering - Copying 1 resource from src\main\resources to target\classes
2025-05-24 19:58:07,755 [Worker-64: Building] INFO  o.a.m.s.f.DefaultMavenResourcesFiltering - Copying 0 resource from src\main\resources to target\classes
2025-05-24 19:58:07,757 [Worker-64: Building] INFO  o.a.m.s.f.DefaultMavenResourcesFiltering - skip non existing resourceDirectory C:\src\proyectobomber\JavaWorskpace\bombero\src\test\resources
2025-05-24 19:58:15,810 [Worker-69: Building] INFO  o.a.m.s.f.DefaultMavenResourcesFiltering - Copying 1 resource from src\main\resources to target\classes
2025-05-24 19:58:15,815 [Worker-69: Building] INFO  o.a.m.s.f.DefaultMavenResourcesFiltering - Copying 0 resource from src\main\resources to target\classes
2025-05-24 19:58:15,818 [Worker-69: Building] INFO  o.a.m.s.f.DefaultMavenResourcesFiltering - skip non existing resourceDirectory C:\src\proyectobomber\JavaWorskpace\bombero\src\test\resources
2025-05-24 20:01:12,964 [Worker-60: Building] INFO  o.a.m.s.f.DefaultMavenResourcesFiltering - Copying 1 resource from src\main\resources to target\classes
2025-05-24 20:01:12,970 [Worker-60: Building] INFO  o.a.m.s.f.DefaultMavenResourcesFiltering - Copying 0 resource from src\main\resources to target\classes
2025-05-24 20:01:12,972 [Worker-60: Building] INFO  o.a.m.s.f.DefaultMavenResourcesFiltering - skip non existing resourceDirectory C:\src\proyectobomber\JavaWorskpace\bombero\src\test\resources
2025-05-25 13:58:50,197 [Worker-7: Loading available Gradle versions] INFO  o.e.b.c.i.u.g.PublishedGradleVersions - Gradle version information cache is out-of-date. Trying to update.
2025-05-25 13:58:51,564 [Worker-7: Loading available Gradle versions] ERROR o.e.b.c.i.u.g.PublishedGradleVersions - Cannot write Gradle version information cache file.
java.io.FileNotFoundException: C:\Users\user\.cache\tooling\gradle\versions.json (Acceso denegado)
	at java.base/java.io.FileOutputStream.open0(Native Method)
	at java.base/java.io.FileOutputStream.open(FileOutputStream.java:289)
	at java.base/java.io.FileOutputStream.<init>(FileOutputStream.java:230)
	at com.google.common.io.Files$FileByteSink.openStream(Files.java:197)
	at com.google.common.io.Files$FileByteSink.openStream(Files.java:185)
	at com.google.common.io.ByteSink$AsCharSink.openStream(ByteSink.java:152)
	at com.google.common.io.CharSource$StringCharSource.copyTo(CharSource.java:662)
	at org.eclipse.buildship.core.internal.util.gradle.PublishedGradleVersions.storeCacheVersionsFile(PublishedGradleVersions.java:184)
	at org.eclipse.buildship.core.internal.util.gradle.PublishedGradleVersions.tryToDownloadAndCacheVersions(PublishedGradleVersions.java:150)
	at org.eclipse.buildship.core.internal.util.gradle.PublishedGradleVersions.tryToUpdateOutdatedVersionsFile(PublishedGradleVersions.java:133)
	at org.eclipse.buildship.core.internal.util.gradle.PublishedGradleVersions.create(PublishedGradleVersions.java:117)
	at org.eclipse.buildship.core.internal.util.gradle.PublishedGradleVersionsWrapper$LoadVersionsJob.run(PublishedGradleVersionsWrapper.java:73)
	at org.eclipse.core.internal.jobs.Worker.run(Worker.java:63)
2025-05-26 10:47:20,423 [Worker-8: Loading available Gradle versions] INFO  o.e.b.c.i.u.g.PublishedGradleVersions - Gradle version information cache is out-of-date. Trying to update.
2025-05-26 10:47:21,686 [Worker-8: Loading available Gradle versions] ERROR o.e.b.c.i.u.g.PublishedGradleVersions - Cannot write Gradle version information cache file.
java.io.FileNotFoundException: C:\Users\user\.cache\tooling\gradle\versions.json (Acceso denegado)
	at java.base/java.io.FileOutputStream.open0(Native Method)
	at java.base/java.io.FileOutputStream.open(FileOutputStream.java:289)
	at java.base/java.io.FileOutputStream.<init>(FileOutputStream.java:230)
	at com.google.common.io.Files$FileByteSink.openStream(Files.java:197)
	at com.google.common.io.Files$FileByteSink.openStream(Files.java:185)
	at com.google.common.io.ByteSink$AsCharSink.openStream(ByteSink.java:152)
	at com.google.common.io.CharSource$StringCharSource.copyTo(CharSource.java:662)
	at org.eclipse.buildship.core.internal.util.gradle.PublishedGradleVersions.storeCacheVersionsFile(PublishedGradleVersions.java:184)
	at org.eclipse.buildship.core.internal.util.gradle.PublishedGradleVersions.tryToDownloadAndCacheVersions(PublishedGradleVersions.java:150)
	at org.eclipse.buildship.core.internal.util.gradle.PublishedGradleVersions.tryToUpdateOutdatedVersionsFile(PublishedGradleVersions.java:133)
	at org.eclipse.buildship.core.internal.util.gradle.PublishedGradleVersions.create(PublishedGradleVersions.java:117)
	at org.eclipse.buildship.core.internal.util.gradle.PublishedGradleVersionsWrapper$LoadVersionsJob.run(PublishedGradleVersionsWrapper.java:73)
	at org.eclipse.core.internal.jobs.Worker.run(Worker.java:63)
2025-05-26 11:08:13,672 [Worker-14: Launching bombero - BomberoApplication] INFO  o.a.m.s.f.DefaultMavenResourcesFiltering - Copying 1 resource from src\main\resources to target\classes
2025-05-26 11:08:13,695 [Worker-14: Launching bombero - BomberoApplication] INFO  o.a.m.s.f.DefaultMavenResourcesFiltering - Copying 0 resource from src\main\resources to target\classes
2025-05-26 11:08:13,701 [Worker-14: Launching bombero - BomberoApplication] INFO  o.a.m.s.f.DefaultMavenResourcesFiltering - skip non existing resourceDirectory C:\src\proyectobomber\JavaWorskpace\bombero\src\test\resources
2025-05-26 20:00:37,996 [Worker-7: Loading available Gradle versions] INFO  o.e.b.c.i.u.g.PublishedGradleVersions - Gradle version information cache is out-of-date. Trying to update.
2025-05-26 20:00:38,948 [Worker-7: Loading available Gradle versions] INFO  o.e.b.c.i.u.g.PublishedGradleVersions - Updating Gradle version information cache failed. Using outdated cache.
2025-05-27 08:12:18,308 [Worker-7: Loading available Gradle versions] INFO  o.e.b.c.i.u.g.PublishedGradleVersions - Gradle version information cache is out-of-date. Trying to update.
2025-05-27 08:12:19,716 [Worker-7: Loading available Gradle versions] ERROR o.e.b.c.i.u.g.PublishedGradleVersions - Cannot write Gradle version information cache file.
java.io.FileNotFoundException: C:\Users\user\.cache\tooling\gradle\versions.json (Acceso denegado)
	at java.base/java.io.FileOutputStream.open0(Native Method)
	at java.base/java.io.FileOutputStream.open(FileOutputStream.java:289)
	at java.base/java.io.FileOutputStream.<init>(FileOutputStream.java:230)
	at com.google.common.io.Files$FileByteSink.openStream(Files.java:197)
	at com.google.common.io.Files$FileByteSink.openStream(Files.java:185)
	at com.google.common.io.ByteSink$AsCharSink.openStream(ByteSink.java:152)
	at com.google.common.io.CharSource$StringCharSource.copyTo(CharSource.java:662)
	at org.eclipse.buildship.core.internal.util.gradle.PublishedGradleVersions.storeCacheVersionsFile(PublishedGradleVersions.java:184)
	at org.eclipse.buildship.core.internal.util.gradle.PublishedGradleVersions.tryToDownloadAndCacheVersions(PublishedGradleVersions.java:150)
	at org.eclipse.buildship.core.internal.util.gradle.PublishedGradleVersions.tryToUpdateOutdatedVersionsFile(PublishedGradleVersions.java:133)
	at org.eclipse.buildship.core.internal.util.gradle.PublishedGradleVersions.create(PublishedGradleVersions.java:117)
	at org.eclipse.buildship.core.internal.util.gradle.PublishedGradleVersionsWrapper$LoadVersionsJob.run(PublishedGradleVersionsWrapper.java:73)
	at org.eclipse.core.internal.jobs.Worker.run(Worker.java:63)
2025-05-27 09:27:01,517 [Worker-32: Building] INFO  o.a.m.s.f.DefaultMavenResourcesFiltering - Copying 1 resource from src\main\resources to target\classes
2025-05-27 09:27:01,538 [Worker-32: Building] INFO  o.a.m.s.f.DefaultMavenResourcesFiltering - Copying 0 resource from src\main\resources to target\classes
2025-05-27 09:27:01,543 [Worker-32: Building] INFO  o.a.m.s.f.DefaultMavenResourcesFiltering - skip non existing resourceDirectory C:\src\proyectobomber\JavaWorskpace\bombero\src\test\resources
2025-05-27 09:27:34,210 [Worker-31: Building] INFO  o.a.m.s.f.DefaultMavenResourcesFiltering - Copying 1 resource from src\main\resources to target\classes
2025-05-27 09:27:34,214 [Worker-31: Building] INFO  o.a.m.s.f.DefaultMavenResourcesFiltering - Copying 0 resource from src\main\resources to target\classes
2025-05-27 09:27:34,217 [Worker-31: Building] INFO  o.a.m.s.f.DefaultMavenResourcesFiltering - skip non existing resourceDirectory C:\src\proyectobomber\JavaWorskpace\bombero\src\test\resources
2025-05-27 09:28:23,174 [Worker-31: Building] INFO  o.a.m.s.f.DefaultMavenResourcesFiltering - Copying 1 resource from src\main\resources to target\classes
2025-05-27 09:28:23,177 [Worker-31: Building] INFO  o.a.m.s.f.DefaultMavenResourcesFiltering - Copying 0 resource from src\main\resources to target\classes
2025-05-27 09:28:23,180 [Worker-31: Building] INFO  o.a.m.s.f.DefaultMavenResourcesFiltering - skip non existing resourceDirectory C:\src\proyectobomber\JavaWorskpace\bombero\src\test\resources
2025-05-27 09:29:45,030 [Worker-28: Building] INFO  o.a.m.s.f.DefaultMavenResourcesFiltering - Copying 1 resource from src\main\resources to target\classes
2025-05-27 09:29:45,035 [Worker-28: Building] INFO  o.a.m.s.f.DefaultMavenResourcesFiltering - Copying 0 resource from src\main\resources to target\classes
2025-05-27 09:29:45,038 [Worker-28: Building] INFO  o.a.m.s.f.DefaultMavenResourcesFiltering - skip non existing resourceDirectory C:\src\proyectobomber\JavaWorskpace\bombero\src\test\resources
2025-05-27 09:29:50,447 [Worker-24: Building] INFO  o.a.m.s.f.DefaultMavenResourcesFiltering - Copying 1 resource from src\main\resources to target\classes
2025-05-27 09:29:50,450 [Worker-24: Building] INFO  o.a.m.s.f.DefaultMavenResourcesFiltering - Copying 0 resource from src\main\resources to target\classes
2025-05-27 09:29:50,452 [Worker-24: Building] INFO  o.a.m.s.f.DefaultMavenResourcesFiltering - skip non existing resourceDirectory C:\src\proyectobomber\JavaWorskpace\bombero\src\test\resources
2025-05-27 09:32:54,817 [Worker-37: Building] INFO  o.a.m.s.f.DefaultMavenResourcesFiltering - Copying 1 resource from src\main\resources to target\classes
2025-05-27 09:32:54,823 [Worker-37: Building] INFO  o.a.m.s.f.DefaultMavenResourcesFiltering - Copying 0 resource from src\main\resources to target\classes
2025-05-27 09:32:54,824 [Worker-37: Building] INFO  o.a.m.s.f.DefaultMavenResourcesFiltering - skip non existing resourceDirectory C:\src\proyectobomber\JavaWorskpace\bombero\src\test\resources
2025-05-27 09:32:59,658 [Worker-38: Building] INFO  o.a.m.s.f.DefaultMavenResourcesFiltering - Copying 1 resource from src\main\resources to target\classes
2025-05-27 09:32:59,662 [Worker-38: Building] INFO  o.a.m.s.f.DefaultMavenResourcesFiltering - Copying 0 resource from src\main\resources to target\classes
2025-05-27 09:32:59,665 [Worker-38: Building] INFO  o.a.m.s.f.DefaultMavenResourcesFiltering - skip non existing resourceDirectory C:\src\proyectobomber\JavaWorskpace\bombero\src\test\resources
2025-05-27 09:34:03,411 [Worker-38: Building] INFO  o.a.m.s.f.DefaultMavenResourcesFiltering - Copying 1 resource from src\main\resources to target\classes
2025-05-27 09:34:03,415 [Worker-38: Building] INFO  o.a.m.s.f.DefaultMavenResourcesFiltering - Copying 0 resource from src\main\resources to target\classes
2025-05-27 09:34:03,417 [Worker-38: Building] INFO  o.a.m.s.f.DefaultMavenResourcesFiltering - skip non existing resourceDirectory C:\src\proyectobomber\JavaWorskpace\bombero\src\test\resources
2025-05-27 09:34:05,565 [Worker-35: Building] INFO  o.a.m.s.f.DefaultMavenResourcesFiltering - Copying 1 resource from src\main\resources to target\classes
2025-05-27 09:34:05,573 [Worker-35: Building] INFO  o.a.m.s.f.DefaultMavenResourcesFiltering - Copying 0 resource from src\main\resources to target\classes
2025-05-27 09:34:05,577 [Worker-35: Building] INFO  o.a.m.s.f.DefaultMavenResourcesFiltering - skip non existing resourceDirectory C:\src\proyectobomber\JavaWorskpace\bombero\src\test\resources
2025-05-27 09:36:32,833 [Worker-39: Building] INFO  o.a.m.s.f.DefaultMavenResourcesFiltering - Copying 1 resource from src\main\resources to target\classes
2025-05-27 09:36:32,855 [Worker-39: Building] INFO  o.a.m.s.f.DefaultMavenResourcesFiltering - Copying 0 resource from src\main\resources to target\classes
2025-05-27 09:36:32,860 [Worker-39: Building] INFO  o.a.m.s.f.DefaultMavenResourcesFiltering - skip non existing resourceDirectory C:\src\proyectobomber\JavaWorskpace\bombero\src\test\resources
2025-05-27 10:13:49,530 [Worker-47: Building] INFO  o.a.m.s.f.DefaultMavenResourcesFiltering - Copying 1 resource from src\main\resources to target\classes
2025-05-27 10:13:49,539 [Worker-47: Building] INFO  o.a.m.s.f.DefaultMavenResourcesFiltering - Copying 0 resource from src\main\resources to target\classes
2025-05-27 10:13:49,542 [Worker-47: Building] INFO  o.a.m.s.f.DefaultMavenResourcesFiltering - skip non existing resourceDirectory C:\src\proyectobomber\JavaWorskpace\bombero\src\test\resources
2025-05-27 10:14:06,953 [Worker-47: Building] INFO  o.a.m.s.f.DefaultMavenResourcesFiltering - Copying 1 resource from src\main\resources to target\classes
2025-05-27 10:14:06,965 [Worker-47: Building] INFO  o.a.m.s.f.DefaultMavenResourcesFiltering - Copying 0 resource from src\main\resources to target\classes
2025-05-27 10:14:06,968 [Worker-47: Building] INFO  o.a.m.s.f.DefaultMavenResourcesFiltering - skip non existing resourceDirectory C:\src\proyectobomber\JavaWorskpace\bombero\src\test\resources
2025-05-27 10:14:15,842 [Worker-48: Building] INFO  o.a.m.s.f.DefaultMavenResourcesFiltering - Copying 1 resource from src\main\resources to target\classes
2025-05-27 10:14:15,845 [Worker-48: Building] INFO  o.a.m.s.f.DefaultMavenResourcesFiltering - Copying 0 resource from src\main\resources to target\classes
2025-05-27 10:14:15,848 [Worker-48: Building] INFO  o.a.m.s.f.DefaultMavenResourcesFiltering - skip non existing resourceDirectory C:\src\proyectobomber\JavaWorskpace\bombero\src\test\resources
2025-05-27 10:14:49,463 [Worker-45: Building] INFO  o.a.m.s.f.DefaultMavenResourcesFiltering - Copying 1 resource from src\main\resources to target\classes
2025-05-27 10:14:49,470 [Worker-45: Building] INFO  o.a.m.s.f.DefaultMavenResourcesFiltering - Copying 0 resource from src\main\resources to target\classes
2025-05-27 10:14:49,474 [Worker-45: Building] INFO  o.a.m.s.f.DefaultMavenResourcesFiltering - skip non existing resourceDirectory C:\src\proyectobomber\JavaWorskpace\bombero\src\test\resources
2025-05-27 10:14:54,458 [Worker-50: Building] INFO  o.a.m.s.f.DefaultMavenResourcesFiltering - Copying 1 resource from src\main\resources to target\classes
2025-05-27 10:14:54,461 [Worker-50: Building] INFO  o.a.m.s.f.DefaultMavenResourcesFiltering - Copying 0 resource from src\main\resources to target\classes
2025-05-27 10:14:54,463 [Worker-50: Building] INFO  o.a.m.s.f.DefaultMavenResourcesFiltering - skip non existing resourceDirectory C:\src\proyectobomber\JavaWorskpace\bombero\src\test\resources
2025-05-27 10:15:02,297 [Worker-50: Building] INFO  o.a.m.s.f.DefaultMavenResourcesFiltering - Copying 1 resource from src\main\resources to target\classes
2025-05-27 10:15:02,300 [Worker-50: Building] INFO  o.a.m.s.f.DefaultMavenResourcesFiltering - Copying 0 resource from src\main\resources to target\classes
2025-05-27 10:15:02,302 [Worker-50: Building] INFO  o.a.m.s.f.DefaultMavenResourcesFiltering - skip non existing resourceDirectory C:\src\proyectobomber\JavaWorskpace\bombero\src\test\resources
2025-05-27 10:15:24,047 [Worker-45: Building] INFO  o.a.m.s.f.DefaultMavenResourcesFiltering - Copying 1 resource from src\main\resources to target\classes
2025-05-27 10:15:24,061 [Worker-45: Building] INFO  o.a.m.s.f.DefaultMavenResourcesFiltering - Copying 0 resource from src\main\resources to target\classes
2025-05-27 10:15:24,065 [Worker-45: Building] INFO  o.a.m.s.f.DefaultMavenResourcesFiltering - skip non existing resourceDirectory C:\src\proyectobomber\JavaWorskpace\bombero\src\test\resources
2025-05-27 10:16:15,524 [Worker-45: Building] INFO  o.a.m.s.f.DefaultMavenResourcesFiltering - Copying 1 resource from src\main\resources to target\classes
2025-05-27 10:16:15,529 [Worker-45: Building] INFO  o.a.m.s.f.DefaultMavenResourcesFiltering - Copying 0 resource from src\main\resources to target\classes
2025-05-27 10:16:15,532 [Worker-45: Building] INFO  o.a.m.s.f.DefaultMavenResourcesFiltering - skip non existing resourceDirectory C:\src\proyectobomber\JavaWorskpace\bombero\src\test\resources
2025-05-27 10:16:36,285 [Worker-47: Building] INFO  o.a.m.s.f.DefaultMavenResourcesFiltering - Copying 1 resource from src\main\resources to target\classes
2025-05-27 10:16:36,301 [Worker-47: Building] INFO  o.a.m.s.f.DefaultMavenResourcesFiltering - Copying 0 resource from src\main\resources to target\classes
2025-05-27 10:16:36,306 [Worker-47: Building] INFO  o.a.m.s.f.DefaultMavenResourcesFiltering - skip non existing resourceDirectory C:\src\proyectobomber\JavaWorskpace\bombero\src\test\resources
2025-05-27 10:17:24,302 [Worker-49: Building] INFO  o.a.m.s.f.DefaultMavenResourcesFiltering - Copying 1 resource from src\main\resources to target\classes
2025-05-27 10:17:24,305 [Worker-49: Building] INFO  o.a.m.s.f.DefaultMavenResourcesFiltering - Copying 0 resource from src\main\resources to target\classes
2025-05-27 10:17:24,307 [Worker-49: Building] INFO  o.a.m.s.f.DefaultMavenResourcesFiltering - skip non existing resourceDirectory C:\src\proyectobomber\JavaWorskpace\bombero\src\test\resources
2025-05-27 10:18:46,146 [Worker-47: Building] INFO  o.a.m.s.f.DefaultMavenResourcesFiltering - Copying 1 resource from src\main\resources to target\classes
2025-05-27 10:18:46,151 [Worker-47: Building] INFO  o.a.m.s.f.DefaultMavenResourcesFiltering - Copying 0 resource from src\main\resources to target\classes
2025-05-27 10:18:46,155 [Worker-47: Building] INFO  o.a.m.s.f.DefaultMavenResourcesFiltering - skip non existing resourceDirectory C:\src\proyectobomber\JavaWorskpace\bombero\src\test\resources
2025-05-27 10:19:35,861 [Worker-47: Building] INFO  o.a.m.s.f.DefaultMavenResourcesFiltering - Copying 1 resource from src\main\resources to target\classes
2025-05-27 10:19:35,865 [Worker-47: Building] INFO  o.a.m.s.f.DefaultMavenResourcesFiltering - Copying 0 resource from src\main\resources to target\classes
2025-05-27 10:19:35,867 [Worker-47: Building] INFO  o.a.m.s.f.DefaultMavenResourcesFiltering - skip non existing resourceDirectory C:\src\proyectobomber\JavaWorskpace\bombero\src\test\resources
2025-05-27 10:37:11,623 [Worker-57: Building] INFO  o.a.m.s.f.DefaultMavenResourcesFiltering - Copying 1 resource from src\main\resources to target\classes
2025-05-27 10:37:11,629 [Worker-57: Building] INFO  o.a.m.s.f.DefaultMavenResourcesFiltering - Copying 0 resource from src\main\resources to target\classes
2025-05-27 10:37:11,632 [Worker-57: Building] INFO  o.a.m.s.f.DefaultMavenResourcesFiltering - skip non existing resourceDirectory C:\src\proyectobomber\JavaWorskpace\bombero\src\test\resources
2025-05-27 10:37:26,862 [Worker-56: Building] INFO  o.a.m.s.f.DefaultMavenResourcesFiltering - Copying 1 resource from src\main\resources to target\classes
2025-05-27 10:37:26,866 [Worker-56: Building] INFO  o.a.m.s.f.DefaultMavenResourcesFiltering - Copying 0 resource from src\main\resources to target\classes
2025-05-27 10:37:26,869 [Worker-56: Building] INFO  o.a.m.s.f.DefaultMavenResourcesFiltering - skip non existing resourceDirectory C:\src\proyectobomber\JavaWorskpace\bombero\src\test\resources
2025-05-27 10:42:10,808 [Worker-55: Building] INFO  o.a.m.s.f.DefaultMavenResourcesFiltering - Copying 1 resource from src\main\resources to target\classes
2025-05-27 10:42:10,813 [Worker-55: Building] INFO  o.a.m.s.f.DefaultMavenResourcesFiltering - Copying 0 resource from src\main\resources to target\classes
2025-05-27 10:42:10,817 [Worker-55: Building] INFO  o.a.m.s.f.DefaultMavenResourcesFiltering - skip non existing resourceDirectory C:\src\proyectobomber\JavaWorskpace\bombero\src\test\resources
2025-05-27 10:42:33,449 [Worker-61: Building] INFO  o.a.m.s.f.DefaultMavenResourcesFiltering - Copying 1 resource from src\main\resources to target\classes
2025-05-27 10:42:33,453 [Worker-61: Building] INFO  o.a.m.s.f.DefaultMavenResourcesFiltering - Copying 0 resource from src\main\resources to target\classes
2025-05-27 10:42:33,456 [Worker-61: Building] INFO  o.a.m.s.f.DefaultMavenResourcesFiltering - skip non existing resourceDirectory C:\src\proyectobomber\JavaWorskpace\bombero\src\test\resources
2025-05-27 11:00:20,997 [Worker-66: Building] INFO  o.a.m.s.f.DefaultMavenResourcesFiltering - Copying 1 resource from src\main\resources to target\classes
2025-05-27 11:00:21,005 [Worker-66: Building] INFO  o.a.m.s.f.DefaultMavenResourcesFiltering - Copying 0 resource from src\main\resources to target\classes
2025-05-27 11:00:21,009 [Worker-66: Building] INFO  o.a.m.s.f.DefaultMavenResourcesFiltering - skip non existing resourceDirectory C:\src\proyectobomber\JavaWorskpace\bombero\src\test\resources
2025-05-27 11:02:55,753 [Worker-70: Building] INFO  o.a.m.s.f.DefaultMavenResourcesFiltering - Copying 1 resource from src\main\resources to target\classes
2025-05-27 11:02:55,756 [Worker-70: Building] INFO  o.a.m.s.f.DefaultMavenResourcesFiltering - Copying 0 resource from src\main\resources to target\classes
2025-05-27 11:02:55,759 [Worker-70: Building] INFO  o.a.m.s.f.DefaultMavenResourcesFiltering - skip non existing resourceDirectory C:\src\proyectobomber\JavaWorskpace\bombero\src\test\resources
2025-05-27 11:03:54,051 [Worker-73: Building] INFO  o.a.m.s.f.DefaultMavenResourcesFiltering - Copying 1 resource from src\main\resources to target\classes
2025-05-27 11:03:54,055 [Worker-73: Building] INFO  o.a.m.s.f.DefaultMavenResourcesFiltering - Copying 0 resource from src\main\resources to target\classes
2025-05-27 11:03:54,057 [Worker-73: Building] INFO  o.a.m.s.f.DefaultMavenResourcesFiltering - skip non existing resourceDirectory C:\src\proyectobomber\JavaWorskpace\bombero\src\test\resources
2025-05-27 13:54:00,610 [Worker-24: Cleaning all projects] INFO  o.e.m.w.i.f.ResourceFilteringBuildParticipant - Cleaning filtered folder for bombero
2025-05-27 13:54:01,326 [Worker-24: Building] INFO  o.a.m.s.f.DefaultMavenResourcesFiltering - Copying 1 resource from src\main\resources to target\classes
2025-05-27 13:54:01,335 [Worker-24: Building] INFO  o.a.m.s.f.DefaultMavenResourcesFiltering - Copying 0 resource from src\main\resources to target\classes
2025-05-27 13:54:01,339 [Worker-24: Building] INFO  o.a.m.s.f.DefaultMavenResourcesFiltering - skip non existing resourceDirectory C:\src\proyectobomber\JavaWorskpace\bombero\src\test\resources
2025-05-27 13:54:01,339 [Worker-24: Building] INFO  o.e.m.w.i.f.ResourceFilteringBuildParticipant - Changed resources require a complete clean of filtered resources of bombero
2025-05-27 13:54:01,341 [Worker-24: Building] INFO  o.e.m.w.i.f.ResourceFilteringBuildParticipant - Executing resource filtering for bombero
2025-05-27 13:54:25,942 [Worker-129: Cleaning all projects] INFO  o.e.m.w.i.f.ResourceFilteringBuildParticipant - Cleaning filtered folder for bombero
2025-05-27 13:54:26,455 [Worker-124: Building] INFO  o.a.m.s.f.DefaultMavenResourcesFiltering - Copying 1 resource from src\main\resources to target\classes
2025-05-27 13:54:26,458 [Worker-124: Building] INFO  o.a.m.s.f.DefaultMavenResourcesFiltering - Copying 0 resource from src\main\resources to target\classes
2025-05-27 13:54:26,462 [Worker-124: Building] INFO  o.a.m.s.f.DefaultMavenResourcesFiltering - skip non existing resourceDirectory C:\src\proyectobomber\JavaWorskpace\bombero\src\test\resources
2025-05-27 13:54:26,463 [Worker-124: Building] INFO  o.e.m.w.i.f.ResourceFilteringBuildParticipant - Changed resources require a complete clean of filtered resources of bombero
2025-05-27 13:54:26,463 [Worker-124: Building] INFO  o.e.m.w.i.f.ResourceFilteringBuildParticipant - Executing resource filtering for bombero
2025-05-27 14:10:33,384 [Worker-128: Cleaning all projects] INFO  o.e.m.w.i.f.ResourceFilteringBuildParticipant - Cleaning filtered folder for bombero
2025-05-27 14:10:33,829 [Worker-128: Building] INFO  o.a.m.s.f.DefaultMavenResourcesFiltering - Copying 1 resource from src\main\resources to target\classes
2025-05-27 14:10:33,831 [Worker-128: Building] INFO  o.a.m.s.f.DefaultMavenResourcesFiltering - Copying 3 resources from src\main\resources to target\classes
2025-05-27 14:10:33,840 [Worker-128: Building] INFO  o.a.m.s.f.DefaultMavenResourcesFiltering - skip non existing resourceDirectory C:\src\proyectobomber\JavaWorskpace\bombero\src\test\resources
2025-05-27 14:10:33,840 [Worker-128: Building] INFO  o.e.m.w.i.f.ResourceFilteringBuildParticipant - Changed resources require a complete clean of filtered resources of bombero
2025-05-27 14:10:33,841 [Worker-128: Building] INFO  o.e.m.w.i.f.ResourceFilteringBuildParticipant - Executing resource filtering for bombero
2025-05-27 14:10:35,248 [Worker-133: Building] INFO  o.a.m.s.f.DefaultMavenResourcesFiltering - Copying 1 resource from src\main\resources to target\classes
2025-05-27 14:10:35,250 [Worker-133: Building] INFO  o.a.m.s.f.DefaultMavenResourcesFiltering - Copying 3 resources from src\main\resources to target\classes
2025-05-27 14:10:35,257 [Worker-133: Building] INFO  o.a.m.s.f.DefaultMavenResourcesFiltering - skip non existing resourceDirectory C:\src\proyectobomber\JavaWorskpace\bombero\src\test\resources
2025-05-27 14:10:35,257 [Worker-133: Building] INFO  o.e.m.w.i.f.ResourceFilteringBuildParticipant - Changed resources require a complete clean of filtered resources of bombero
2025-05-27 14:10:35,257 [Worker-133: Building] INFO  o.e.m.w.i.f.ResourceFilteringBuildParticipant - Executing resource filtering for bombero
2025-05-27 14:12:59,548 [Worker-136: Cleaning all projects] INFO  o.e.m.w.i.f.ResourceFilteringBuildParticipant - Cleaning filtered folder for bombero
2025-05-27 14:13:00,591 [Worker-137: Building] INFO  o.a.m.s.f.DefaultMavenResourcesFiltering - Copying 1 resource from src\main\resources to target\classes
2025-05-27 14:13:00,593 [Worker-137: Building] INFO  o.a.m.s.f.DefaultMavenResourcesFiltering - Copying 3 resources from src\main\resources to target\classes
2025-05-27 14:13:00,600 [Worker-137: Building] INFO  o.a.m.s.f.DefaultMavenResourcesFiltering - skip non existing resourceDirectory C:\src\proyectobomber\JavaWorskpace\bombero\src\test\resources
2025-05-27 14:13:00,600 [Worker-137: Building] INFO  o.e.m.w.i.f.ResourceFilteringBuildParticipant - Changed resources require a complete clean of filtered resources of bombero
2025-05-27 14:13:00,600 [Worker-137: Building] INFO  o.e.m.w.i.f.ResourceFilteringBuildParticipant - Executing resource filtering for bombero
2025-05-27 15:31:32,217 [Worker-138: Cleaning all projects] INFO  o.e.m.w.i.f.ResourceFilteringBuildParticipant - Cleaning filtered folder for bombero
2025-05-27 15:31:32,635 [Worker-145: Building] INFO  o.a.m.s.f.DefaultMavenResourcesFiltering - Copying 1 resource from src\main\resources to target\classes
2025-05-27 15:31:32,636 [Worker-145: Building] INFO  o.a.m.s.f.DefaultMavenResourcesFiltering - Copying 5 resources from src\main\resources to target\classes
2025-05-27 15:31:32,645 [Worker-145: Building] INFO  o.a.m.s.f.DefaultMavenResourcesFiltering - skip non existing resourceDirectory C:\src\proyectobomber\JavaWorskpace\bombero\src\test\resources
2025-05-27 15:31:32,645 [Worker-145: Building] INFO  o.e.m.w.i.f.ResourceFilteringBuildParticipant - Changed resources require a complete clean of filtered resources of bombero
2025-05-27 15:31:32,645 [Worker-145: Building] INFO  o.e.m.w.i.f.ResourceFilteringBuildParticipant - Executing resource filtering for bombero
2025-05-27 15:31:34,209 [Worker-150: Building] INFO  o.a.m.s.f.DefaultMavenResourcesFiltering - Copying 1 resource from src\main\resources to target\classes
2025-05-27 15:31:34,211 [Worker-150: Building] INFO  o.a.m.s.f.DefaultMavenResourcesFiltering - Copying 5 resources from src\main\resources to target\classes
2025-05-27 15:31:34,221 [Worker-150: Building] INFO  o.a.m.s.f.DefaultMavenResourcesFiltering - skip non existing resourceDirectory C:\src\proyectobomber\JavaWorskpace\bombero\src\test\resources
2025-05-27 15:31:34,221 [Worker-150: Building] INFO  o.e.m.w.i.f.ResourceFilteringBuildParticipant - Changed resources require a complete clean of filtered resources of bombero
2025-05-27 15:31:34,221 [Worker-150: Building] INFO  o.e.m.w.i.f.ResourceFilteringBuildParticipant - Executing resource filtering for bombero
2025-05-27 16:15:39,494 [Worker-149: Cleaning all projects] INFO  o.e.m.w.i.f.ResourceFilteringBuildParticipant - Cleaning filtered folder for bombero
2025-05-27 16:15:39,971 [Worker-149: Building] INFO  o.a.m.s.f.DefaultMavenResourcesFiltering - Copying 1 resource from src\main\resources to target\classes
2025-05-27 16:15:39,974 [Worker-149: Building] INFO  o.a.m.s.f.DefaultMavenResourcesFiltering - Copying 7 resources from src\main\resources to target\classes
2025-05-27 16:15:39,988 [Worker-149: Building] INFO  o.a.m.s.f.DefaultMavenResourcesFiltering - skip non existing resourceDirectory C:\src\proyectobomber\JavaWorskpace\bombero\src\test\resources
2025-05-27 16:15:39,988 [Worker-149: Building] INFO  o.e.m.w.i.f.ResourceFilteringBuildParticipant - Changed resources require a complete clean of filtered resources of bombero
2025-05-27 16:15:39,988 [Worker-149: Building] INFO  o.e.m.w.i.f.ResourceFilteringBuildParticipant - Executing resource filtering for bombero
2025-05-27 16:15:41,412 [Worker-152: Building] INFO  o.a.m.s.f.DefaultMavenResourcesFiltering - Copying 1 resource from src\main\resources to target\classes
2025-05-27 16:15:41,415 [Worker-152: Building] INFO  o.a.m.s.f.DefaultMavenResourcesFiltering - Copying 7 resources from src\main\resources to target\classes
2025-05-27 16:15:41,425 [Worker-152: Building] INFO  o.a.m.s.f.DefaultMavenResourcesFiltering - skip non existing resourceDirectory C:\src\proyectobomber\JavaWorskpace\bombero\src\test\resources
2025-05-27 16:15:41,426 [Worker-152: Building] INFO  o.e.m.w.i.f.ResourceFilteringBuildParticipant - Changed resources require a complete clean of filtered resources of bombero
2025-05-27 16:15:41,426 [Worker-152: Building] INFO  o.e.m.w.i.f.ResourceFilteringBuildParticipant - Executing resource filtering for bombero
2025-05-27 16:23:23,679 [Worker-155: Cleaning all projects] INFO  o.e.m.w.i.f.ResourceFilteringBuildParticipant - Cleaning filtered folder for bombero
2025-05-27 16:23:24,041 [Worker-155: Building] INFO  o.a.m.s.f.DefaultMavenResourcesFiltering - Copying 1 resource from src\main\resources to target\classes
2025-05-27 16:23:24,044 [Worker-155: Building] INFO  o.a.m.s.f.DefaultMavenResourcesFiltering - Copying 9 resources from src\main\resources to target\classes
2025-05-27 16:23:24,064 [Worker-155: Building] INFO  o.a.m.s.f.DefaultMavenResourcesFiltering - skip non existing resourceDirectory C:\src\proyectobomber\JavaWorskpace\bombero\src\test\resources
2025-05-27 16:23:24,065 [Worker-155: Building] INFO  o.e.m.w.i.f.ResourceFilteringBuildParticipant - Changed resources require a complete clean of filtered resources of bombero
2025-05-27 16:23:24,065 [Worker-155: Building] INFO  o.e.m.w.i.f.ResourceFilteringBuildParticipant - Executing resource filtering for bombero
2025-05-27 16:23:25,567 [Worker-156: Building] INFO  o.a.m.s.f.DefaultMavenResourcesFiltering - Copying 1 resource from src\main\resources to target\classes
2025-05-27 16:23:25,569 [Worker-156: Building] INFO  o.a.m.s.f.DefaultMavenResourcesFiltering - Copying 9 resources from src\main\resources to target\classes
2025-05-27 16:23:25,584 [Worker-156: Building] INFO  o.a.m.s.f.DefaultMavenResourcesFiltering - skip non existing resourceDirectory C:\src\proyectobomber\JavaWorskpace\bombero\src\test\resources
2025-05-27 16:23:25,584 [Worker-156: Building] INFO  o.e.m.w.i.f.ResourceFilteringBuildParticipant - Changed resources require a complete clean of filtered resources of bombero
2025-05-27 16:23:25,584 [Worker-156: Building] INFO  o.e.m.w.i.f.ResourceFilteringBuildParticipant - Executing resource filtering for bombero
2025-05-27 16:45:57,120 [Worker-156: Building] INFO  o.a.m.s.f.DefaultMavenResourcesFiltering - Copying 1 resource from src\main\resources to target\classes
2025-05-27 16:45:57,128 [Worker-156: Building] INFO  o.a.m.s.f.DefaultMavenResourcesFiltering - Copying 11 resources from src\main\resources to target\classes
2025-05-27 16:45:57,136 [Worker-156: Building] INFO  o.a.m.s.f.DefaultMavenResourcesFiltering - skip non existing resourceDirectory C:\src\proyectobomber\JavaWorskpace\bombero\src\test\resources
2025-05-27 16:45:58,474 [Worker-163: Building] INFO  o.a.m.s.f.DefaultMavenResourcesFiltering - Copying 1 resource from src\main\resources to target\classes
2025-05-27 16:45:58,476 [Worker-163: Building] INFO  o.a.m.s.f.DefaultMavenResourcesFiltering - Copying 11 resources from src\main\resources to target\classes
2025-05-27 16:45:58,489 [Worker-163: Building] INFO  o.a.m.s.f.DefaultMavenResourcesFiltering - skip non existing resourceDirectory C:\src\proyectobomber\JavaWorskpace\bombero\src\test\resources
2025-05-27 16:45:58,490 [Worker-163: Building] INFO  o.e.m.w.i.f.ResourceFilteringBuildParticipant - Changed resources require a complete clean of filtered resources of bombero
2025-05-27 16:45:58,490 [Worker-163: Building] INFO  o.e.m.w.i.f.ResourceFilteringBuildParticipant - Executing resource filtering for bombero
2025-05-27 16:46:25,419 [Worker-161: Building] INFO  o.a.m.s.f.DefaultMavenResourcesFiltering - Copying 1 resource from src\main\resources to target\classes
2025-05-27 16:46:25,426 [Worker-161: Building] INFO  o.a.m.s.f.DefaultMavenResourcesFiltering - Copying 11 resources from src\main\resources to target\classes
2025-05-27 16:46:25,433 [Worker-161: Building] INFO  o.a.m.s.f.DefaultMavenResourcesFiltering - skip non existing resourceDirectory C:\src\proyectobomber\JavaWorskpace\bombero\src\test\resources
2025-05-27 16:50:43,347 [Worker-162: Building] INFO  o.e.m.c.i.l.LifecycleMappingFactory - Using org.maven.ide.eclipse.wtp.WarLifecycleMapping lifecycle mapping for MavenProject: py.edu.com.facitec:bombero:0.0.1-SNAPSHOT @ C:\src\proyectobomber\JavaWorskpace\bombero\pom.xml.
2025-05-27 16:50:43,838 [Worker-162: Building] INFO  o.e.m.c.i.e.AbstractTransferListenerAdapter - Downloading https://repo.maven.apache.org/maven2/net/sf/jasperreports/jasperreports/6.20.0/jasperreports-6.20.0.pom
2025-05-27 16:50:43,856 [Worker-162: Building] INFO  o.e.m.c.i.e.AbstractTransferListenerAdapter - Downloaded https://repo.maven.apache.org/maven2/net/sf/jasperreports/jasperreports/6.20.0/jasperreports-6.20.0.pom
2025-05-27 16:50:43,885 [Worker-162: Building] INFO  o.e.m.c.i.e.AbstractTransferListenerAdapter - Downloading https://repo.maven.apache.org/maven2/commons-beanutils/commons-beanutils/1.9.4/commons-beanutils-1.9.4.pom
2025-05-27 16:50:43,892 [Worker-162: Building] INFO  o.e.m.c.i.e.AbstractTransferListenerAdapter - Downloaded https://repo.maven.apache.org/maven2/commons-beanutils/commons-beanutils/1.9.4/commons-beanutils-1.9.4.pom
2025-05-27 16:50:43,920 [Worker-162: Building] INFO  o.e.m.c.i.e.AbstractTransferListenerAdapter - Downloading https://repo.maven.apache.org/maven2/org/apache/commons/commons-parent/47/commons-parent-47.pom
2025-05-27 16:50:43,948 [Worker-162: Building] INFO  o.e.m.c.i.e.AbstractTransferListenerAdapter - Downloaded https://repo.maven.apache.org/maven2/org/apache/commons/commons-parent/47/commons-parent-47.pom
2025-05-27 16:50:43,978 [Worker-162: Building] INFO  o.e.m.c.i.e.AbstractTransferListenerAdapter - Downloading https://repo.maven.apache.org/maven2/org/apache/apache/19/apache-19.pom
2025-05-27 16:50:43,981 [Worker-162: Building] INFO  o.e.m.c.i.e.AbstractTransferListenerAdapter - Downloaded https://repo.maven.apache.org/maven2/org/apache/apache/19/apache-19.pom
2025-05-27 16:50:44,009 [Worker-162: Building] INFO  o.e.m.c.i.e.AbstractTransferListenerAdapter - Downloading https://repo.maven.apache.org/maven2/commons-logging/commons-logging/1.2/commons-logging-1.2.pom
2025-05-27 16:50:44,013 [Worker-162: Building] INFO  o.e.m.c.i.e.AbstractTransferListenerAdapter - Downloaded https://repo.maven.apache.org/maven2/commons-logging/commons-logging/1.2/commons-logging-1.2.pom
2025-05-27 16:50:44,039 [Worker-162: Building] INFO  o.e.m.c.i.e.AbstractTransferListenerAdapter - Downloading https://repo.maven.apache.org/maven2/org/apache/commons/commons-parent/34/commons-parent-34.pom
2025-05-27 16:50:44,047 [Worker-162: Building] INFO  o.e.m.c.i.e.AbstractTransferListenerAdapter - Downloaded https://repo.maven.apache.org/maven2/org/apache/commons/commons-parent/34/commons-parent-34.pom
2025-05-27 16:50:44,077 [Worker-162: Building] INFO  o.e.m.c.i.e.AbstractTransferListenerAdapter - Downloading https://repo.maven.apache.org/maven2/commons-collections/commons-collections/3.2.2/commons-collections-3.2.2.pom
2025-05-27 16:50:44,080 [Worker-162: Building] INFO  o.e.m.c.i.e.AbstractTransferListenerAdapter - Downloaded https://repo.maven.apache.org/maven2/commons-collections/commons-collections/3.2.2/commons-collections-3.2.2.pom
2025-05-27 16:50:44,107 [Worker-162: Building] INFO  o.e.m.c.i.e.AbstractTransferListenerAdapter - Downloading https://repo.maven.apache.org/maven2/org/apache/commons/commons-parent/39/commons-parent-39.pom
2025-05-27 16:50:44,116 [Worker-162: Building] INFO  o.e.m.c.i.e.AbstractTransferListenerAdapter - Downloaded https://repo.maven.apache.org/maven2/org/apache/commons/commons-parent/39/commons-parent-39.pom
2025-05-27 16:50:44,145 [Worker-162: Building] INFO  o.e.m.c.i.e.AbstractTransferListenerAdapter - Downloading https://repo.maven.apache.org/maven2/commons-digester/commons-digester/2.1/commons-digester-2.1.pom
2025-05-27 16:50:44,150 [Worker-162: Building] INFO  o.e.m.c.i.e.AbstractTransferListenerAdapter - Downloaded https://repo.maven.apache.org/maven2/commons-digester/commons-digester/2.1/commons-digester-2.1.pom
2025-05-27 16:50:44,175 [Worker-162: Building] INFO  o.e.m.c.i.e.AbstractTransferListenerAdapter - Downloading https://repo.maven.apache.org/maven2/org/apache/commons/commons-parent/17/commons-parent-17.pom
2025-05-27 16:50:44,180 [Worker-162: Building] INFO  o.e.m.c.i.e.AbstractTransferListenerAdapter - Downloaded https://repo.maven.apache.org/maven2/org/apache/commons/commons-parent/17/commons-parent-17.pom
2025-05-27 16:50:44,206 [Worker-162: Building] INFO  o.e.m.c.i.e.AbstractTransferListenerAdapter - Downloading https://repo.maven.apache.org/maven2/org/apache/apache/7/apache-7.pom
2025-05-27 16:50:44,210 [Worker-162: Building] INFO  o.e.m.c.i.e.AbstractTransferListenerAdapter - Downloaded https://repo.maven.apache.org/maven2/org/apache/apache/7/apache-7.pom
2025-05-27 16:50:44,237 [Worker-162: Building] INFO  o.e.m.c.i.e.AbstractTransferListenerAdapter - Downloading https://repo.maven.apache.org/maven2/commons-beanutils/commons-beanutils/1.8.3/commons-beanutils-1.8.3.pom
2025-05-27 16:50:44,241 [Worker-162: Building] INFO  o.e.m.c.i.e.AbstractTransferListenerAdapter - Downloaded https://repo.maven.apache.org/maven2/commons-beanutils/commons-beanutils/1.8.3/commons-beanutils-1.8.3.pom
2025-05-27 16:50:44,267 [Worker-162: Building] INFO  o.e.m.c.i.e.AbstractTransferListenerAdapter - Downloading https://repo.maven.apache.org/maven2/org/apache/commons/commons-parent/14/commons-parent-14.pom
2025-05-27 16:50:44,275 [Worker-162: Building] INFO  o.e.m.c.i.e.AbstractTransferListenerAdapter - Downloaded https://repo.maven.apache.org/maven2/org/apache/commons/commons-parent/14/commons-parent-14.pom
2025-05-27 16:50:44,303 [Worker-162: Building] INFO  o.e.m.c.i.e.AbstractTransferListenerAdapter - Downloading https://repo.maven.apache.org/maven2/commons-logging/commons-logging/1.1.1/commons-logging-1.1.1.pom
2025-05-27 16:50:44,307 [Worker-162: Building] INFO  o.e.m.c.i.e.AbstractTransferListenerAdapter - Downloaded https://repo.maven.apache.org/maven2/commons-logging/commons-logging/1.1.1/commons-logging-1.1.1.pom
2025-05-27 16:50:44,334 [Worker-162: Building] INFO  o.e.m.c.i.e.AbstractTransferListenerAdapter - Downloading https://repo.maven.apache.org/maven2/org/apache/commons/commons-parent/5/commons-parent-5.pom
2025-05-27 16:50:44,338 [Worker-162: Building] INFO  o.e.m.c.i.e.AbstractTransferListenerAdapter - Downloaded https://repo.maven.apache.org/maven2/org/apache/commons/commons-parent/5/commons-parent-5.pom
2025-05-27 16:50:44,368 [Worker-162: Building] INFO  o.e.m.c.i.e.AbstractTransferListenerAdapter - Downloading https://repo.maven.apache.org/maven2/org/apache/commons/commons-collections4/4.2/commons-collections4-4.2.pom
2025-05-27 16:50:44,372 [Worker-162: Building] INFO  o.e.m.c.i.e.AbstractTransferListenerAdapter - Downloaded https://repo.maven.apache.org/maven2/org/apache/commons/commons-collections4/4.2/commons-collections4-4.2.pom
2025-05-27 16:50:44,403 [Worker-162: Building] INFO  o.e.m.c.i.e.AbstractTransferListenerAdapter - Downloaded https://repo.maven.apache.org/maven2/com/lowagie/itext/2.1.7.js10/itext-2.1.7.js10.pom
2025-05-27 16:50:45,057 [Worker-162: Building] INFO  o.e.m.c.i.e.AbstractTransferListenerAdapter - Downloading https://jaspersoft.jfrog.io/jaspersoft/third-party-ce-artifacts/com/lowagie/itext/2.1.7.js10/itext-2.1.7.js10.pom
2025-05-27 16:50:45,062 [Worker-162: Building] INFO  o.e.m.c.i.e.AbstractTransferListenerAdapter - Downloaded https://jaspersoft.jfrog.io/jaspersoft/third-party-ce-artifacts/com/lowagie/itext/2.1.7.js10/itext-2.1.7.js10.pom
2025-05-27 16:50:45,090 [Worker-162: Building] INFO  o.e.m.c.i.e.AbstractTransferListenerAdapter - Downloading https://repo.maven.apache.org/maven2/org/bouncycastle/bcprov-jdk15on/1.70/bcprov-jdk15on-1.70.pom
2025-05-27 16:50:45,095 [Worker-162: Building] INFO  o.e.m.c.i.e.AbstractTransferListenerAdapter - Downloaded https://repo.maven.apache.org/maven2/org/bouncycastle/bcprov-jdk15on/1.70/bcprov-jdk15on-1.70.pom
2025-05-27 16:50:45,124 [Worker-162: Building] INFO  o.e.m.c.i.e.AbstractTransferListenerAdapter - Downloading https://repo.maven.apache.org/maven2/org/bouncycastle/bcutil-jdk15on/1.70/bcutil-jdk15on-1.70.pom
2025-05-27 16:50:45,128 [Worker-162: Building] INFO  o.e.m.c.i.e.AbstractTransferListenerAdapter - Downloaded https://repo.maven.apache.org/maven2/org/bouncycastle/bcutil-jdk15on/1.70/bcutil-jdk15on-1.70.pom
2025-05-27 16:50:45,156 [Worker-162: Building] INFO  o.e.m.c.i.e.AbstractTransferListenerAdapter - Downloading https://repo.maven.apache.org/maven2/org/jfree/jcommon/1.0.23/jcommon-1.0.23.pom
2025-05-27 16:50:45,160 [Worker-162: Building] INFO  o.e.m.c.i.e.AbstractTransferListenerAdapter - Downloaded https://repo.maven.apache.org/maven2/org/jfree/jcommon/1.0.23/jcommon-1.0.23.pom
2025-05-27 16:50:45,187 [Worker-162: Building] INFO  o.e.m.c.i.e.AbstractTransferListenerAdapter - Downloading https://repo.maven.apache.org/maven2/org/jfree/jfreechart/1.0.19/jfreechart-1.0.19.pom
2025-05-27 16:50:45,192 [Worker-162: Building] INFO  o.e.m.c.i.e.AbstractTransferListenerAdapter - Downloaded https://repo.maven.apache.org/maven2/org/jfree/jfreechart/1.0.19/jfreechart-1.0.19.pom
2025-05-27 16:50:45,219 [Worker-162: Building] INFO  o.e.m.c.i.e.AbstractTransferListenerAdapter - Downloading https://repo.maven.apache.org/maven2/org/eclipse/jdt/ecj/3.21.0/ecj-3.21.0.pom
2025-05-27 16:50:45,223 [Worker-162: Building] INFO  o.e.m.c.i.e.AbstractTransferListenerAdapter - Downloaded https://repo.maven.apache.org/maven2/org/eclipse/jdt/ecj/3.21.0/ecj-3.21.0.pom
2025-05-27 16:50:45,251 [Worker-162: Building] INFO  o.e.m.c.i.e.AbstractTransferListenerAdapter - Downloading https://repo.maven.apache.org/maven2/com/fasterxml/jackson/dataformat/jackson-dataformat-xml/2.18.2/jackson-dataformat-xml-2.18.2.pom
2025-05-27 16:50:45,255 [Worker-162: Building] INFO  o.e.m.c.i.e.AbstractTransferListenerAdapter - Downloaded https://repo.maven.apache.org/maven2/com/fasterxml/jackson/dataformat/jackson-dataformat-xml/2.18.2/jackson-dataformat-xml-2.18.2.pom
2025-05-27 16:50:45,283 [Worker-162: Building] INFO  o.e.m.c.i.e.AbstractTransferListenerAdapter - Downloading https://repo.maven.apache.org/maven2/org/codehaus/woodstox/stax2-api/4.2.2/stax2-api-4.2.2.pom
2025-05-27 16:50:45,287 [Worker-162: Building] INFO  o.e.m.c.i.e.AbstractTransferListenerAdapter - Downloaded https://repo.maven.apache.org/maven2/org/codehaus/woodstox/stax2-api/4.2.2/stax2-api-4.2.2.pom
2025-05-27 16:50:45,315 [Worker-162: Building] INFO  o.e.m.c.i.e.AbstractTransferListenerAdapter - Downloading https://repo.maven.apache.org/maven2/com/fasterxml/oss-parent/55/oss-parent-55.pom
2025-05-27 16:50:45,320 [Worker-162: Building] INFO  o.e.m.c.i.e.AbstractTransferListenerAdapter - Downloaded https://repo.maven.apache.org/maven2/com/fasterxml/oss-parent/55/oss-parent-55.pom
2025-05-27 16:50:45,350 [Worker-162: Building] INFO  o.e.m.c.i.e.AbstractTransferListenerAdapter - Downloading https://repo.maven.apache.org/maven2/com/fasterxml/woodstox/woodstox-core/7.0.0/woodstox-core-7.0.0.pom
2025-05-27 16:50:45,353 [Worker-162: Building] INFO  o.e.m.c.i.e.AbstractTransferListenerAdapter - Downloaded https://repo.maven.apache.org/maven2/com/fasterxml/woodstox/woodstox-core/7.0.0/woodstox-core-7.0.0.pom
2025-05-27 16:50:45,380 [Worker-162: Building] INFO  o.e.m.c.i.e.AbstractTransferListenerAdapter - Downloading https://repo.maven.apache.org/maven2/com/fasterxml/oss-parent/59/oss-parent-59.pom
2025-05-27 16:50:45,384 [Worker-162: Building] INFO  o.e.m.c.i.e.AbstractTransferListenerAdapter - Downloaded https://repo.maven.apache.org/maven2/com/fasterxml/oss-parent/59/oss-parent-59.pom
2025-05-27 16:50:45,588 [Worker-162: Building] INFO  o.e.m.c.i.e.AbstractTransferListenerAdapter - Downloading https://repo.maven.apache.org/maven2/net/sf/jasperreports/jasperreports/6.20.0/jasperreports-6.20.0.jar
2025-05-27 16:50:45,733 [Worker-162: Building] INFO  o.e.m.c.i.e.AbstractTransferListenerAdapter - Downloaded https://repo.maven.apache.org/maven2/net/sf/jasperreports/jasperreports/6.20.0/jasperreports-6.20.0.jar
2025-05-27 16:50:45,757 [BasicRepositoryConnector-repo.maven.apache.org-0-0] INFO  o.e.m.c.i.e.AbstractTransferListenerAdapter - Downloading https://repo.maven.apache.org/maven2/commons-beanutils/commons-beanutils/1.9.4/commons-beanutils-1.9.4.jar
2025-05-27 16:50:45,764 [BasicRepositoryConnector-repo.maven.apache.org-0-0] INFO  o.e.m.c.i.e.AbstractTransferListenerAdapter - Downloaded https://repo.maven.apache.org/maven2/commons-beanutils/commons-beanutils/1.9.4/commons-beanutils-1.9.4.jar
2025-05-27 16:50:45,786 [BasicRepositoryConnector-repo.maven.apache.org-0-0] INFO  o.e.m.c.i.e.AbstractTransferListenerAdapter - Downloaded https://repo.maven.apache.org/maven2/com/lowagie/itext/2.1.7.js10/itext-2.1.7.js10.jar
2025-05-27 16:50:45,807 [BasicRepositoryConnector-repo.maven.apache.org-0-4] INFO  o.e.m.c.i.e.AbstractTransferListenerAdapter - Downloading https://repo.maven.apache.org/maven2/org/apache/commons/commons-collections4/4.2/commons-collections4-4.2.jar
2025-05-27 16:50:45,809 [BasicRepositoryConnector-repo.maven.apache.org-0-2] INFO  o.e.m.c.i.e.AbstractTransferListenerAdapter - Downloading https://repo.maven.apache.org/maven2/commons-digester/commons-digester/2.1/commons-digester-2.1.jar
2025-05-27 16:50:45,811 [BasicRepositoryConnector-repo.maven.apache.org-0-3] INFO  o.e.m.c.i.e.AbstractTransferListenerAdapter - Downloading https://repo.maven.apache.org/maven2/commons-logging/commons-logging/1.1.1/commons-logging-1.1.1.jar
2025-05-27 16:50:45,811 [BasicRepositoryConnector-repo.maven.apache.org-0-1] INFO  o.e.m.c.i.e.AbstractTransferListenerAdapter - Downloading https://repo.maven.apache.org/maven2/commons-collections/commons-collections/3.2.2/commons-collections-3.2.2.jar
2025-05-27 16:50:45,823 [BasicRepositoryConnector-repo.maven.apache.org-0-0] INFO  o.e.m.c.i.e.AbstractTransferListenerAdapter - Downloading https://repo.maven.apache.org/maven2/org/bouncycastle/bcprov-jdk15on/1.70/bcprov-jdk15on-1.70.jar
2025-05-27 16:50:45,849 [BasicRepositoryConnector-repo.maven.apache.org-0-3] INFO  o.e.m.c.i.e.AbstractTransferListenerAdapter - Downloaded https://repo.maven.apache.org/maven2/commons-logging/commons-logging/1.1.1/commons-logging-1.1.1.jar
2025-05-27 16:50:45,875 [BasicRepositoryConnector-repo.maven.apache.org-0-3] INFO  o.e.m.c.i.e.AbstractTransferListenerAdapter - Downloading https://repo.maven.apache.org/maven2/org/bouncycastle/bcutil-jdk15on/1.70/bcutil-jdk15on-1.70.jar
2025-05-27 16:50:45,899 [BasicRepositoryConnector-repo.maven.apache.org-0-2] INFO  o.e.m.c.i.e.AbstractTransferListenerAdapter - Downloaded https://repo.maven.apache.org/maven2/commons-digester/commons-digester/2.1/commons-digester-2.1.jar
2025-05-27 16:50:45,925 [BasicRepositoryConnector-repo.maven.apache.org-0-2] INFO  o.e.m.c.i.e.AbstractTransferListenerAdapter - Downloading https://repo.maven.apache.org/maven2/org/jfree/jcommon/1.0.23/jcommon-1.0.23.jar
2025-05-27 16:50:45,946 [BasicRepositoryConnector-repo.maven.apache.org-0-3] INFO  o.e.m.c.i.e.AbstractTransferListenerAdapter - Downloaded https://repo.maven.apache.org/maven2/org/bouncycastle/bcutil-jdk15on/1.70/bcutil-jdk15on-1.70.jar
2025-05-27 16:50:45,973 [BasicRepositoryConnector-repo.maven.apache.org-0-3] INFO  o.e.m.c.i.e.AbstractTransferListenerAdapter - Downloading https://repo.maven.apache.org/maven2/org/jfree/jfreechart/1.0.19/jfreechart-1.0.19.jar
2025-05-27 16:50:45,974 [BasicRepositoryConnector-repo.maven.apache.org-0-1] INFO  o.e.m.c.i.e.AbstractTransferListenerAdapter - Downloaded https://repo.maven.apache.org/maven2/commons-collections/commons-collections/3.2.2/commons-collections-3.2.2.jar
2025-05-27 16:50:45,994 [BasicRepositoryConnector-repo.maven.apache.org-0-4] INFO  o.e.m.c.i.e.AbstractTransferListenerAdapter - Downloaded https://repo.maven.apache.org/maven2/org/apache/commons/commons-collections4/4.2/commons-collections4-4.2.jar
2025-05-27 16:50:46,005 [BasicRepositoryConnector-repo.maven.apache.org-0-1] INFO  o.e.m.c.i.e.AbstractTransferListenerAdapter - Downloading https://repo.maven.apache.org/maven2/org/eclipse/jdt/ecj/3.21.0/ecj-3.21.0.jar
2025-05-27 16:50:46,017 [BasicRepositoryConnector-repo.maven.apache.org-0-4] INFO  o.e.m.c.i.e.AbstractTransferListenerAdapter - Downloading https://repo.maven.apache.org/maven2/com/fasterxml/jackson/dataformat/jackson-dataformat-xml/2.18.2/jackson-dataformat-xml-2.18.2.jar
2025-05-27 16:50:46,019 [BasicRepositoryConnector-repo.maven.apache.org-0-3] INFO  o.e.m.c.i.e.AbstractTransferListenerAdapter - Downloaded https://repo.maven.apache.org/maven2/org/jfree/jfreechart/1.0.19/jfreechart-1.0.19.jar
2025-05-27 16:50:46,022 [BasicRepositoryConnector-repo.maven.apache.org-0-2] INFO  o.e.m.c.i.e.AbstractTransferListenerAdapter - Downloaded https://repo.maven.apache.org/maven2/org/jfree/jcommon/1.0.23/jcommon-1.0.23.jar
2025-05-27 16:50:46,039 [BasicRepositoryConnector-repo.maven.apache.org-0-4] INFO  o.e.m.c.i.e.AbstractTransferListenerAdapter - Downloaded https://repo.maven.apache.org/maven2/com/fasterxml/jackson/dataformat/jackson-dataformat-xml/2.18.2/jackson-dataformat-xml-2.18.2.jar
2025-05-27 16:50:46,044 [BasicRepositoryConnector-repo.maven.apache.org-0-3] INFO  o.e.m.c.i.e.AbstractTransferListenerAdapter - Downloading https://repo.maven.apache.org/maven2/org/codehaus/woodstox/stax2-api/4.2.2/stax2-api-4.2.2.jar
2025-05-27 16:50:46,050 [BasicRepositoryConnector-repo.maven.apache.org-0-2] INFO  o.e.m.c.i.e.AbstractTransferListenerAdapter - Downloading https://repo.maven.apache.org/maven2/com/fasterxml/woodstox/woodstox-core/7.0.0/woodstox-core-7.0.0.jar
2025-05-27 16:50:46,103 [BasicRepositoryConnector-repo.maven.apache.org-0-3] INFO  o.e.m.c.i.e.AbstractTransferListenerAdapter - Downloaded https://repo.maven.apache.org/maven2/org/codehaus/woodstox/stax2-api/4.2.2/stax2-api-4.2.2.jar
2025-05-27 16:50:46,170 [BasicRepositoryConnector-repo.maven.apache.org-0-2] INFO  o.e.m.c.i.e.AbstractTransferListenerAdapter - Downloaded https://repo.maven.apache.org/maven2/com/fasterxml/woodstox/woodstox-core/7.0.0/woodstox-core-7.0.0.jar
2025-05-27 16:50:46,206 [BasicRepositoryConnector-repo.maven.apache.org-0-0] INFO  o.e.m.c.i.e.AbstractTransferListenerAdapter - Downloaded https://repo.maven.apache.org/maven2/org/bouncycastle/bcprov-jdk15on/1.70/bcprov-jdk15on-1.70.jar
2025-05-27 16:50:46,362 [BasicRepositoryConnector-repo.maven.apache.org-0-1] INFO  o.e.m.c.i.e.AbstractTransferListenerAdapter - Downloaded https://repo.maven.apache.org/maven2/org/eclipse/jdt/ecj/3.21.0/ecj-3.21.0.jar
2025-05-27 16:50:47,075 [Worker-162: Building] INFO  o.e.m.c.i.e.AbstractTransferListenerAdapter - Downloading https://jaspersoft.jfrog.io/jaspersoft/third-party-ce-artifacts/com/lowagie/itext/2.1.7.js10/itext-2.1.7.js10.jar
2025-05-27 16:50:51,875 [Worker-162: Building] INFO  o.e.m.c.i.e.AbstractTransferListenerAdapter - Downloaded https://jaspersoft.jfrog.io/jaspersoft/third-party-ce-artifacts/com/lowagie/itext/2.1.7.js10/itext-2.1.7.js10.jar
2025-05-27 16:50:52,368 [Worker-162: Building] INFO  o.a.m.s.f.DefaultMavenResourcesFiltering - Copying 0 resource from src\main\resources to target\classes
2025-05-27 16:50:52,370 [Worker-162: Building] INFO  o.a.m.s.f.DefaultMavenResourcesFiltering - Copying 0 resource from src\main\resources to target\classes
2025-05-27 16:50:52,374 [Worker-162: Building] INFO  o.a.m.s.f.DefaultMavenResourcesFiltering - skip non existing resourceDirectory C:\src\proyectobomber\JavaWorskpace\bombero\src\test\resources
2025-05-27 16:50:52,374 [Worker-162: Building] INFO  o.e.m.w.i.f.ResourceFilteringBuildParticipant - Changed resources require a complete clean of filtered resources of bombero
2025-05-27 16:50:52,374 [Worker-162: Building] INFO  o.e.m.w.i.f.ResourceFilteringBuildParticipant - Executing resource filtering for bombero
2025-05-27 16:50:53,282 [Worker-164: Download sources and javadoc] INFO  o.e.m.c.i.e.AbstractTransferListenerAdapter - Downloading https://repo.maven.apache.org/maven2/net/sf/jasperreports/jasperreports/6.20.0/jasperreports-6.20.0-sources.jar
2025-05-27 16:50:53,523 [Worker-164: Download sources and javadoc] INFO  o.e.m.c.i.e.AbstractTransferListenerAdapter - Downloaded https://repo.maven.apache.org/maven2/net/sf/jasperreports/jasperreports/6.20.0/jasperreports-6.20.0-sources.jar
2025-05-27 16:50:53,530 [Worker-164: Download sources and javadoc] INFO  o.e.m.j.internal.DownloadSourcesJob - Downloaded sources for net.sf.jasperreports:jasperreports:6.20.0
2025-05-27 16:50:53,608 [Worker-164: Download sources and javadoc] INFO  o.e.m.c.i.e.AbstractTransferListenerAdapter - Downloading https://repo.maven.apache.org/maven2/commons-beanutils/commons-beanutils/1.9.4/commons-beanutils-1.9.4-sources.jar
2025-05-27 16:50:53,679 [Worker-164: Download sources and javadoc] INFO  o.e.m.c.i.e.AbstractTransferListenerAdapter - Downloaded https://repo.maven.apache.org/maven2/commons-beanutils/commons-beanutils/1.9.4/commons-beanutils-1.9.4-sources.jar
2025-05-27 16:50:53,683 [Worker-164: Download sources and javadoc] INFO  o.e.m.j.internal.DownloadSourcesJob - Downloaded sources for commons-beanutils:commons-beanutils:1.9.4
2025-05-27 16:50:53,787 [Worker-164: Download sources and javadoc] INFO  o.e.m.c.i.e.AbstractTransferListenerAdapter - Downloading https://repo.maven.apache.org/maven2/commons-collections/commons-collections/3.2.2/commons-collections-3.2.2-sources.jar
2025-05-27 16:50:53,927 [Worker-164: Download sources and javadoc] INFO  o.e.m.c.i.e.AbstractTransferListenerAdapter - Downloaded https://repo.maven.apache.org/maven2/commons-collections/commons-collections/3.2.2/commons-collections-3.2.2-sources.jar
2025-05-27 16:50:53,932 [Worker-164: Download sources and javadoc] INFO  o.e.m.j.internal.DownloadSourcesJob - Downloaded sources for commons-collections:commons-collections:3.2.2
2025-05-27 16:50:53,966 [Worker-162: Building] INFO  o.a.m.s.f.DefaultMavenResourcesFiltering - Copying 1 resource from src\main\resources to target\classes
2025-05-27 16:50:53,984 [Worker-162: Building] INFO  o.a.m.s.f.DefaultMavenResourcesFiltering - Copying 11 resources from src\main\resources to target\classes
2025-05-27 16:50:54,003 [Worker-162: Building] INFO  o.a.m.s.f.DefaultMavenResourcesFiltering - skip non existing resourceDirectory C:\src\proyectobomber\JavaWorskpace\bombero\src\test\resources
2025-05-27 16:50:54,030 [Worker-164: Download sources and javadoc] INFO  o.e.m.c.i.e.AbstractTransferListenerAdapter - Downloading https://repo.maven.apache.org/maven2/commons-digester/commons-digester/2.1/commons-digester-2.1-sources.jar
2025-05-27 16:50:54,136 [Worker-164: Download sources and javadoc] INFO  o.e.m.c.i.e.AbstractTransferListenerAdapter - Downloaded https://repo.maven.apache.org/maven2/commons-digester/commons-digester/2.1/commons-digester-2.1-sources.jar
2025-05-27 16:50:54,140 [Worker-164: Download sources and javadoc] INFO  o.e.m.j.internal.DownloadSourcesJob - Downloaded sources for commons-digester:commons-digester:2.1
2025-05-27 16:50:54,221 [Worker-164: Download sources and javadoc] INFO  o.e.m.c.i.e.AbstractTransferListenerAdapter - Downloading https://repo.maven.apache.org/maven2/commons-logging/commons-logging/1.1.1/commons-logging-1.1.1-sources.jar
2025-05-27 16:50:54,255 [Worker-164: Download sources and javadoc] INFO  o.e.m.c.i.e.AbstractTransferListenerAdapter - Downloaded https://repo.maven.apache.org/maven2/commons-logging/commons-logging/1.1.1/commons-logging-1.1.1-sources.jar
2025-05-27 16:50:54,261 [Worker-164: Download sources and javadoc] INFO  o.e.m.j.internal.DownloadSourcesJob - Downloaded sources for commons-logging:commons-logging:1.1.1
2025-05-27 16:50:54,352 [Worker-164: Download sources and javadoc] INFO  o.e.m.c.i.e.AbstractTransferListenerAdapter - Downloading https://repo.maven.apache.org/maven2/org/apache/commons/commons-collections4/4.2/commons-collections4-4.2-sources.jar
2025-05-27 16:50:54,482 [Worker-164: Download sources and javadoc] INFO  o.e.m.c.i.e.AbstractTransferListenerAdapter - Downloaded https://repo.maven.apache.org/maven2/org/apache/commons/commons-collections4/4.2/commons-collections4-4.2-sources.jar
2025-05-27 16:50:54,488 [Worker-164: Download sources and javadoc] INFO  o.e.m.j.internal.DownloadSourcesJob - Downloaded sources for org.apache.commons:commons-collections4:4.2
2025-05-27 16:50:54,729 [Worker-164: Download sources and javadoc] INFO  o.e.m.c.i.e.AbstractTransferListenerAdapter - Downloaded https://repo.maven.apache.org/maven2/com/lowagie/itext/2.1.7.js10/itext-2.1.7.js10-sources.jar
2025-05-27 16:50:54,735 [Worker-164: Download sources and javadoc] ERROR o.e.m.j.internal.DownloadSourcesJob - Could not download sources for com.lowagie:itext:2.1.7.js10
org.eclipse.core.runtime.CoreException: Could not resolve artifact com.lowagie:itext:jar:sources:2.1.7.js10
	at org.eclipse.m2e.core.internal.embedder.MavenImpl.lambda$7(MavenImpl.java:540)
	at org.eclipse.m2e.core.internal.embedder.MavenExecutionContext.executeBare(MavenExecutionContext.java:458)
	at org.eclipse.m2e.core.internal.embedder.MavenExecutionContext.execute(MavenExecutionContext.java:292)
	at org.eclipse.m2e.core.internal.embedder.MavenExecutionContext.execute(MavenExecutionContext.java:278)
	at org.eclipse.m2e.core.internal.embedder.MavenImpl.resolve(MavenImpl.java:509)
	at org.eclipse.m2e.core.internal.embedder.MavenImpl.resolve(MavenImpl.java:494)
	at org.eclipse.m2e.jdt.internal.DownloadSourcesJob.download(DownloadSourcesJob.java:308)
	at org.eclipse.m2e.jdt.internal.DownloadSourcesJob.downloadAttachments(DownloadSourcesJob.java:282)
	at org.eclipse.m2e.jdt.internal.DownloadSourcesJob.downloadMaven(DownloadSourcesJob.java:252)
	at org.eclipse.m2e.jdt.internal.DownloadSourcesJob.downloadFilesAndPopulateToUpdate(DownloadSourcesJob.java:220)
	at org.eclipse.m2e.jdt.internal.DownloadSourcesJob.lambda$0(DownloadSourcesJob.java:149)
	at org.eclipse.m2e.core.internal.embedder.MavenExecutionContext.executeBare(MavenExecutionContext.java:458)
	at org.eclipse.m2e.core.internal.embedder.MavenExecutionContext.execute(MavenExecutionContext.java:339)
	at org.eclipse.m2e.core.internal.embedder.MavenExecutionContext.execute(MavenExecutionContext.java:278)
	at org.eclipse.m2e.core.embedder.IMaven.execute(IMaven.java:300)
	at org.eclipse.m2e.jdt.internal.DownloadSourcesJob.run(DownloadSourcesJob.java:149)
	at org.eclipse.core.internal.jobs.Worker.run(Worker.java:63)
2025-05-27 16:50:54,813 [Worker-164: Download sources and javadoc] INFO  o.e.m.c.i.e.AbstractTransferListenerAdapter - Downloading https://repo.maven.apache.org/maven2/org/bouncycastle/bcprov-jdk15on/1.70/bcprov-jdk15on-1.70-sources.jar
2025-05-27 16:50:54,961 [Worker-164: Download sources and javadoc] INFO  o.e.m.c.i.e.AbstractTransferListenerAdapter - Downloaded https://repo.maven.apache.org/maven2/org/bouncycastle/bcprov-jdk15on/1.70/bcprov-jdk15on-1.70-sources.jar
2025-05-27 16:50:54,965 [Worker-164: Download sources and javadoc] INFO  o.e.m.j.internal.DownloadSourcesJob - Downloaded sources for org.bouncycastle:bcprov-jdk15on:1.70
2025-05-27 16:50:55,043 [Worker-164: Download sources and javadoc] INFO  o.e.m.c.i.e.AbstractTransferListenerAdapter - Downloading https://repo.maven.apache.org/maven2/org/bouncycastle/bcutil-jdk15on/1.70/bcutil-jdk15on-1.70-sources.jar
2025-05-27 16:50:55,124 [Worker-164: Download sources and javadoc] INFO  o.e.m.c.i.e.AbstractTransferListenerAdapter - Downloaded https://repo.maven.apache.org/maven2/org/bouncycastle/bcutil-jdk15on/1.70/bcutil-jdk15on-1.70-sources.jar
2025-05-27 16:50:55,128 [Worker-164: Download sources and javadoc] INFO  o.e.m.j.internal.DownloadSourcesJob - Downloaded sources for org.bouncycastle:bcutil-jdk15on:1.70
2025-05-27 16:50:55,202 [Worker-164: Download sources and javadoc] INFO  o.e.m.c.i.e.AbstractTransferListenerAdapter - Downloading https://repo.maven.apache.org/maven2/org/jfree/jcommon/1.0.23/jcommon-1.0.23-sources.jar
2025-05-27 16:50:55,295 [Worker-164: Download sources and javadoc] INFO  o.e.m.c.i.e.AbstractTransferListenerAdapter - Downloaded https://repo.maven.apache.org/maven2/org/jfree/jcommon/1.0.23/jcommon-1.0.23-sources.jar
2025-05-27 16:50:55,300 [Worker-164: Download sources and javadoc] INFO  o.e.m.j.internal.DownloadSourcesJob - Downloaded sources for org.jfree:jcommon:1.0.23
2025-05-27 16:50:55,377 [Worker-164: Download sources and javadoc] INFO  o.e.m.c.i.e.AbstractTransferListenerAdapter - Downloading https://repo.maven.apache.org/maven2/org/jfree/jfreechart/1.0.19/jfreechart-1.0.19-sources.jar
2025-05-27 16:50:55,505 [Worker-164: Download sources and javadoc] INFO  o.e.m.c.i.e.AbstractTransferListenerAdapter - Downloaded https://repo.maven.apache.org/maven2/org/jfree/jfreechart/1.0.19/jfreechart-1.0.19-sources.jar
2025-05-27 16:50:55,508 [Worker-164: Download sources and javadoc] INFO  o.e.m.j.internal.DownloadSourcesJob - Downloaded sources for org.jfree:jfreechart:1.0.19
2025-05-27 16:50:55,581 [Worker-164: Download sources and javadoc] INFO  o.e.m.c.i.e.AbstractTransferListenerAdapter - Downloading https://repo.maven.apache.org/maven2/org/eclipse/jdt/ecj/3.21.0/ecj-3.21.0-sources.jar
2025-05-27 16:50:55,736 [Worker-164: Download sources and javadoc] INFO  o.e.m.c.i.e.AbstractTransferListenerAdapter - Downloaded https://repo.maven.apache.org/maven2/org/eclipse/jdt/ecj/3.21.0/ecj-3.21.0-sources.jar
2025-05-27 16:50:55,741 [Worker-164: Download sources and javadoc] INFO  o.e.m.j.internal.DownloadSourcesJob - Downloaded sources for org.eclipse.jdt:ecj:3.21.0
2025-05-27 16:50:55,816 [Worker-164: Download sources and javadoc] INFO  o.e.m.c.i.e.AbstractTransferListenerAdapter - Downloading https://repo.maven.apache.org/maven2/com/fasterxml/jackson/dataformat/jackson-dataformat-xml/2.18.2/jackson-dataformat-xml-2.18.2-sources.jar
2025-05-27 16:50:55,848 [Worker-164: Download sources and javadoc] INFO  o.e.m.c.i.e.AbstractTransferListenerAdapter - Downloaded https://repo.maven.apache.org/maven2/com/fasterxml/jackson/dataformat/jackson-dataformat-xml/2.18.2/jackson-dataformat-xml-2.18.2-sources.jar
2025-05-27 16:50:55,853 [Worker-164: Download sources and javadoc] INFO  o.e.m.j.internal.DownloadSourcesJob - Downloaded sources for com.fasterxml.jackson.dataformat:jackson-dataformat-xml:2.18.2
2025-05-27 16:50:55,934 [Worker-164: Download sources and javadoc] INFO  o.e.m.c.i.e.AbstractTransferListenerAdapter - Downloading https://repo.maven.apache.org/maven2/org/codehaus/woodstox/stax2-api/4.2.2/stax2-api-4.2.2-sources.jar
2025-05-27 16:50:55,989 [Worker-164: Download sources and javadoc] INFO  o.e.m.c.i.e.AbstractTransferListenerAdapter - Downloaded https://repo.maven.apache.org/maven2/org/codehaus/woodstox/stax2-api/4.2.2/stax2-api-4.2.2-sources.jar
2025-05-27 16:50:55,993 [Worker-164: Download sources and javadoc] INFO  o.e.m.j.internal.DownloadSourcesJob - Downloaded sources for org.codehaus.woodstox:stax2-api:4.2.2
2025-05-27 16:50:56,065 [Worker-164: Download sources and javadoc] INFO  o.e.m.c.i.e.AbstractTransferListenerAdapter - Downloading https://repo.maven.apache.org/maven2/com/fasterxml/woodstox/woodstox-core/7.0.0/woodstox-core-7.0.0-sources.jar
2025-05-27 16:50:56,150 [Worker-164: Download sources and javadoc] INFO  o.e.m.c.i.e.AbstractTransferListenerAdapter - Downloaded https://repo.maven.apache.org/maven2/com/fasterxml/woodstox/woodstox-core/7.0.0/woodstox-core-7.0.0-sources.jar
2025-05-27 16:50:56,153 [Worker-164: Download sources and javadoc] INFO  o.e.m.j.internal.DownloadSourcesJob - Downloaded sources for com.fasterxml.woodstox:woodstox-core:7.0.0
2025-05-27 16:51:05,311 [Worker-165: Cleaning all projects] INFO  o.e.m.w.i.f.ResourceFilteringBuildParticipant - Cleaning filtered folder for bombero
2025-05-27 16:51:05,718 [Worker-165: Building] INFO  o.a.m.s.f.DefaultMavenResourcesFiltering - Copying 1 resource from src\main\resources to target\classes
2025-05-27 16:51:05,720 [Worker-165: Building] INFO  o.a.m.s.f.DefaultMavenResourcesFiltering - Copying 11 resources from src\main\resources to target\classes
2025-05-27 16:51:05,735 [Worker-165: Building] INFO  o.a.m.s.f.DefaultMavenResourcesFiltering - skip non existing resourceDirectory C:\src\proyectobomber\JavaWorskpace\bombero\src\test\resources
2025-05-27 16:51:05,736 [Worker-165: Building] INFO  o.e.m.w.i.f.ResourceFilteringBuildParticipant - Changed resources require a complete clean of filtered resources of bombero
2025-05-27 16:51:05,736 [Worker-165: Building] INFO  o.e.m.w.i.f.ResourceFilteringBuildParticipant - Executing resource filtering for bombero
2025-05-27 17:34:06,024 [Worker-172: Building] INFO  o.a.m.s.f.DefaultMavenResourcesFiltering - Copying 1 resource from src\main\resources to target\classes
2025-05-27 17:34:06,033 [Worker-172: Building] INFO  o.a.m.s.f.DefaultMavenResourcesFiltering - Copying 11 resources from src\main\resources to target\classes
2025-05-27 17:34:06,042 [Worker-172: Building] INFO  o.a.m.s.f.DefaultMavenResourcesFiltering - skip non existing resourceDirectory C:\src\proyectobomber\JavaWorskpace\bombero\src\test\resources
2025-05-27 17:34:46,745 [Worker-176: Building] INFO  o.a.m.s.f.DefaultMavenResourcesFiltering - Copying 1 resource from src\main\resources to target\classes
2025-05-27 17:34:46,756 [Worker-176: Building] INFO  o.a.m.s.f.DefaultMavenResourcesFiltering - Copying 11 resources from src\main\resources to target\classes
2025-05-27 17:34:46,761 [Worker-176: Building] INFO  o.a.m.s.f.DefaultMavenResourcesFiltering - skip non existing resourceDirectory C:\src\proyectobomber\JavaWorskpace\bombero\src\test\resources
2025-05-27 17:36:47,564 [Worker-174: Building] INFO  o.a.m.s.f.DefaultMavenResourcesFiltering - Copying 1 resource from src\main\resources to target\classes
2025-05-27 17:36:47,569 [Worker-174: Building] INFO  o.a.m.s.f.DefaultMavenResourcesFiltering - Copying 11 resources from src\main\resources to target\classes
2025-05-27 17:36:47,574 [Worker-174: Building] INFO  o.a.m.s.f.DefaultMavenResourcesFiltering - skip non existing resourceDirectory C:\src\proyectobomber\JavaWorskpace\bombero\src\test\resources
2025-05-27 17:42:06,281 [Worker-178: Building] INFO  o.a.m.s.f.DefaultMavenResourcesFiltering - Copying 1 resource from src\main\resources to target\classes
2025-05-27 17:42:06,287 [Worker-178: Building] INFO  o.a.m.s.f.DefaultMavenResourcesFiltering - Copying 11 resources from src\main\resources to target\classes
2025-05-27 17:42:06,292 [Worker-178: Building] INFO  o.a.m.s.f.DefaultMavenResourcesFiltering - skip non existing resourceDirectory C:\src\proyectobomber\JavaWorskpace\bombero\src\test\resources
2025-05-27 17:42:44,085 [Worker-182: Building] INFO  o.a.m.s.f.DefaultMavenResourcesFiltering - Copying 1 resource from src\main\resources to target\classes
2025-05-27 17:42:44,090 [Worker-182: Building] INFO  o.a.m.s.f.DefaultMavenResourcesFiltering - Copying 11 resources from src\main\resources to target\classes
2025-05-27 17:42:44,095 [Worker-182: Building] INFO  o.a.m.s.f.DefaultMavenResourcesFiltering - skip non existing resourceDirectory C:\src\proyectobomber\JavaWorskpace\bombero\src\test\resources
2025-05-27 17:43:38,828 [Worker-181: Building] INFO  o.a.m.s.f.DefaultMavenResourcesFiltering - Copying 1 resource from src\main\resources to target\classes
2025-05-27 17:43:38,834 [Worker-181: Building] INFO  o.a.m.s.f.DefaultMavenResourcesFiltering - Copying 11 resources from src\main\resources to target\classes
2025-05-27 17:43:38,840 [Worker-181: Building] INFO  o.a.m.s.f.DefaultMavenResourcesFiltering - skip non existing resourceDirectory C:\src\proyectobomber\JavaWorskpace\bombero\src\test\resources
2025-05-27 17:44:52,464 [Worker-181: Building] INFO  o.a.m.s.f.DefaultMavenResourcesFiltering - Copying 1 resource from src\main\resources to target\classes
2025-05-27 17:44:52,470 [Worker-181: Building] INFO  o.a.m.s.f.DefaultMavenResourcesFiltering - Copying 11 resources from src\main\resources to target\classes
2025-05-27 17:44:52,474 [Worker-181: Building] INFO  o.a.m.s.f.DefaultMavenResourcesFiltering - skip non existing resourceDirectory C:\src\proyectobomber\JavaWorskpace\bombero\src\test\resources
2025-05-27 17:45:21,499 [Worker-182: Building] INFO  o.a.m.s.f.DefaultMavenResourcesFiltering - Copying 1 resource from src\main\resources to target\classes
2025-05-27 17:45:21,504 [Worker-182: Building] INFO  o.a.m.s.f.DefaultMavenResourcesFiltering - Copying 11 resources from src\main\resources to target\classes
2025-05-27 17:45:21,509 [Worker-182: Building] INFO  o.a.m.s.f.DefaultMavenResourcesFiltering - skip non existing resourceDirectory C:\src\proyectobomber\JavaWorskpace\bombero\src\test\resources
2025-05-27 17:45:24,538 [Worker-178: Building] INFO  o.a.m.s.f.DefaultMavenResourcesFiltering - Copying 1 resource from src\main\resources to target\classes
2025-05-27 17:45:24,542 [Worker-178: Building] INFO  o.a.m.s.f.DefaultMavenResourcesFiltering - Copying 11 resources from src\main\resources to target\classes
2025-05-27 17:45:24,564 [Worker-178: Building] INFO  o.a.m.s.f.DefaultMavenResourcesFiltering - skip non existing resourceDirectory C:\src\proyectobomber\JavaWorskpace\bombero\src\test\resources
2025-05-27 17:46:22,077 [Worker-178: Building] INFO  o.a.m.s.f.DefaultMavenResourcesFiltering - Copying 1 resource from src\main\resources to target\classes
2025-05-27 17:46:22,081 [Worker-178: Building] INFO  o.a.m.s.f.DefaultMavenResourcesFiltering - Copying 11 resources from src\main\resources to target\classes
2025-05-27 17:46:22,086 [Worker-178: Building] INFO  o.a.m.s.f.DefaultMavenResourcesFiltering - skip non existing resourceDirectory C:\src\proyectobomber\JavaWorskpace\bombero\src\test\resources
2025-05-27 17:47:04,590 [Worker-180: Building] INFO  o.a.m.s.f.DefaultMavenResourcesFiltering - Copying 1 resource from src\main\resources to target\classes
2025-05-27 17:47:04,594 [Worker-180: Building] INFO  o.a.m.s.f.DefaultMavenResourcesFiltering - Copying 11 resources from src\main\resources to target\classes
2025-05-27 17:47:04,600 [Worker-180: Building] INFO  o.a.m.s.f.DefaultMavenResourcesFiltering - skip non existing resourceDirectory C:\src\proyectobomber\JavaWorskpace\bombero\src\test\resources
2025-05-27 17:47:28,475 [Worker-182: Cleaning all projects] INFO  o.e.m.w.i.f.ResourceFilteringBuildParticipant - Cleaning filtered folder for bombero
2025-05-27 17:47:28,866 [Worker-182: Building] INFO  o.a.m.s.f.DefaultMavenResourcesFiltering - Copying 1 resource from src\main\resources to target\classes
2025-05-27 17:47:28,868 [Worker-182: Building] INFO  o.a.m.s.f.DefaultMavenResourcesFiltering - Copying 11 resources from src\main\resources to target\classes
2025-05-27 17:47:28,881 [Worker-182: Building] INFO  o.a.m.s.f.DefaultMavenResourcesFiltering - skip non existing resourceDirectory C:\src\proyectobomber\JavaWorskpace\bombero\src\test\resources
2025-05-27 17:47:28,881 [Worker-182: Building] INFO  o.e.m.w.i.f.ResourceFilteringBuildParticipant - Changed resources require a complete clean of filtered resources of bombero
2025-05-27 17:47:28,881 [Worker-182: Building] INFO  o.e.m.w.i.f.ResourceFilteringBuildParticipant - Executing resource filtering for bombero
2025-05-27 18:21:17,719 [Worker-186: Building] INFO  o.a.m.s.f.DefaultMavenResourcesFiltering - Copying 1 resource from src\main\resources to target\classes
2025-05-27 18:21:17,725 [Worker-186: Building] INFO  o.a.m.s.f.DefaultMavenResourcesFiltering - Copying 11 resources from src\main\resources to target\classes
2025-05-27 18:21:17,730 [Worker-186: Building] INFO  o.a.m.s.f.DefaultMavenResourcesFiltering - skip non existing resourceDirectory C:\src\proyectobomber\JavaWorskpace\bombero\src\test\resources
2025-05-27 19:21:09,080 [Worker-6: Loading available Gradle versions] INFO  o.e.b.c.i.u.g.PublishedGradleVersions - Gradle version information cache is out-of-date. Trying to update.
2025-05-27 19:21:10,594 [Worker-6: Loading available Gradle versions] INFO  o.e.b.c.i.u.g.PublishedGradleVersions - Updating Gradle version information cache failed. Using outdated cache.
2025-05-27 19:21:32,011 [Worker-7: Download sources and javadoc] INFO  o.e.m.c.i.e.AbstractTransferListenerAdapter - Downloaded https://repo.maven.apache.org/maven2/com/lowagie/itext/2.1.7.js10/itext-2.1.7.js10-javadoc.jar
2025-05-27 19:21:32,024 [Worker-7: Download sources and javadoc] ERROR o.e.m.j.internal.DownloadSourcesJob - Could not download javadoc for com.lowagie:itext:2.1.7.js10
org.eclipse.core.runtime.CoreException: Could not resolve artifact com.lowagie:itext:jar:javadoc:2.1.7.js10
	at org.eclipse.m2e.core.internal.embedder.MavenImpl.lambda$7(MavenImpl.java:540)
	at org.eclipse.m2e.core.internal.embedder.MavenExecutionContext.executeBare(MavenExecutionContext.java:458)
	at org.eclipse.m2e.core.internal.embedder.MavenExecutionContext.execute(MavenExecutionContext.java:292)
	at org.eclipse.m2e.core.internal.embedder.MavenExecutionContext.execute(MavenExecutionContext.java:278)
	at org.eclipse.m2e.core.internal.embedder.MavenImpl.resolve(MavenImpl.java:509)
	at org.eclipse.m2e.core.internal.embedder.MavenImpl.resolve(MavenImpl.java:494)
	at org.eclipse.m2e.jdt.internal.DownloadSourcesJob.download(DownloadSourcesJob.java:308)
	at org.eclipse.m2e.jdt.internal.DownloadSourcesJob.downloadAttachments(DownloadSourcesJob.java:294)
	at org.eclipse.m2e.jdt.internal.DownloadSourcesJob.downloadMaven(DownloadSourcesJob.java:252)
	at org.eclipse.m2e.jdt.internal.DownloadSourcesJob.downloadFilesAndPopulateToUpdate(DownloadSourcesJob.java:220)
	at org.eclipse.m2e.jdt.internal.DownloadSourcesJob.lambda$0(DownloadSourcesJob.java:149)
	at org.eclipse.m2e.core.internal.embedder.MavenExecutionContext.executeBare(MavenExecutionContext.java:458)
	at org.eclipse.m2e.core.internal.embedder.MavenExecutionContext.execute(MavenExecutionContext.java:339)
	at org.eclipse.m2e.core.internal.embedder.MavenExecutionContext.execute(MavenExecutionContext.java:278)
	at org.eclipse.m2e.core.embedder.IMaven.execute(IMaven.java:300)
	at org.eclipse.m2e.jdt.internal.DownloadSourcesJob.run(DownloadSourcesJob.java:149)
	at org.eclipse.core.internal.jobs.Worker.run(Worker.java:63)
2025-05-27 19:23:08,938 [Worker-8: Building] INFO  o.a.m.s.f.DefaultMavenResourcesFiltering - Copying 1 resource from src\main\resources to target\classes
2025-05-27 19:23:08,962 [Worker-8: Building] INFO  o.a.m.s.f.DefaultMavenResourcesFiltering - Copying 11 resources from src\main\resources to target\classes
2025-05-27 19:23:08,978 [Worker-8: Building] INFO  o.a.m.s.f.DefaultMavenResourcesFiltering - skip non existing resourceDirectory C:\src\proyectobomber\JavaWorskpace\bombero\src\test\resources
2025-05-27 19:26:05,176 [Worker-5: Building] INFO  o.a.m.s.f.DefaultMavenResourcesFiltering - Copying 1 resource from src\main\resources to target\classes
2025-05-27 19:26:05,183 [Worker-5: Building] INFO  o.a.m.s.f.DefaultMavenResourcesFiltering - Copying 11 resources from src\main\resources to target\classes
2025-05-27 19:26:05,194 [Worker-5: Building] INFO  o.a.m.s.f.DefaultMavenResourcesFiltering - skip non existing resourceDirectory C:\src\proyectobomber\JavaWorskpace\bombero\src\test\resources
2025-05-27 19:26:28,052 [Worker-12: Building] INFO  o.a.m.s.f.DefaultMavenResourcesFiltering - Copying 1 resource from src\main\resources to target\classes
2025-05-27 19:26:28,060 [Worker-12: Building] INFO  o.a.m.s.f.DefaultMavenResourcesFiltering - Copying 11 resources from src\main\resources to target\classes
2025-05-27 19:26:28,073 [Worker-12: Building] INFO  o.a.m.s.f.DefaultMavenResourcesFiltering - skip non existing resourceDirectory C:\src\proyectobomber\JavaWorskpace\bombero\src\test\resources
2025-05-27 19:26:40,350 [Worker-14: Building] INFO  o.a.m.s.f.DefaultMavenResourcesFiltering - Copying 1 resource from src\main\resources to target\classes
2025-05-27 19:26:40,358 [Worker-14: Building] INFO  o.a.m.s.f.DefaultMavenResourcesFiltering - Copying 11 resources from src\main\resources to target\classes
2025-05-27 19:26:40,367 [Worker-14: Building] INFO  o.a.m.s.f.DefaultMavenResourcesFiltering - skip non existing resourceDirectory C:\src\proyectobomber\JavaWorskpace\bombero\src\test\resources
2025-05-27 19:26:45,848 [Worker-13: Building] INFO  o.a.m.s.f.DefaultMavenResourcesFiltering - Copying 1 resource from src\main\resources to target\classes
2025-05-27 19:26:45,856 [Worker-13: Building] INFO  o.a.m.s.f.DefaultMavenResourcesFiltering - Copying 11 resources from src\main\resources to target\classes
2025-05-27 19:26:45,867 [Worker-13: Building] INFO  o.a.m.s.f.DefaultMavenResourcesFiltering - skip non existing resourceDirectory C:\src\proyectobomber\JavaWorskpace\bombero\src\test\resources
2025-05-30 11:22:11,544 [Worker-2: Loading available Gradle versions] INFO  o.e.b.c.i.u.g.PublishedGradleVersions - Gradle version information cache is out-of-date. Trying to update.
2025-05-30 11:22:13,684 [Worker-2: Loading available Gradle versions] ERROR o.e.b.c.i.u.g.PublishedGradleVersions - Cannot write Gradle version information cache file.
java.io.FileNotFoundException: C:\Users\user\.cache\tooling\gradle\versions.json (Acceso denegado)
	at java.base/java.io.FileOutputStream.open0(Native Method)
	at java.base/java.io.FileOutputStream.open(FileOutputStream.java:289)
	at java.base/java.io.FileOutputStream.<init>(FileOutputStream.java:230)
	at com.google.common.io.Files$FileByteSink.openStream(Files.java:197)
	at com.google.common.io.Files$FileByteSink.openStream(Files.java:185)
	at com.google.common.io.ByteSink$AsCharSink.openStream(ByteSink.java:152)
	at com.google.common.io.CharSource$StringCharSource.copyTo(CharSource.java:662)
	at org.eclipse.buildship.core.internal.util.gradle.PublishedGradleVersions.storeCacheVersionsFile(PublishedGradleVersions.java:184)
	at org.eclipse.buildship.core.internal.util.gradle.PublishedGradleVersions.tryToDownloadAndCacheVersions(PublishedGradleVersions.java:150)
	at org.eclipse.buildship.core.internal.util.gradle.PublishedGradleVersions.tryToUpdateOutdatedVersionsFile(PublishedGradleVersions.java:133)
	at org.eclipse.buildship.core.internal.util.gradle.PublishedGradleVersions.create(PublishedGradleVersions.java:117)
	at org.eclipse.buildship.core.internal.util.gradle.PublishedGradleVersionsWrapper$LoadVersionsJob.run(PublishedGradleVersionsWrapper.java:73)
	at org.eclipse.core.internal.jobs.Worker.run(Worker.java:63)
2025-05-30 11:25:54,060 [Worker-2: Building] INFO  o.a.m.s.f.DefaultMavenResourcesFiltering - Copying 1 resource from src\main\resources to target\classes
2025-05-30 11:25:54,090 [Worker-2: Building] INFO  o.a.m.s.f.DefaultMavenResourcesFiltering - Copying 11 resources from src\main\resources to target\classes
2025-05-30 11:25:54,104 [Worker-2: Building] INFO  o.a.m.s.f.DefaultMavenResourcesFiltering - skip non existing resourceDirectory C:\src\proyectobomber\JavaWorskpace\bombero\src\test\resources
2025-05-30 11:31:30,130 [Worker-6: Building] INFO  o.a.m.s.f.DefaultMavenResourcesFiltering - Copying 1 resource from src\main\resources to target\classes
2025-05-30 11:31:30,136 [Worker-6: Building] INFO  o.a.m.s.f.DefaultMavenResourcesFiltering - Copying 11 resources from src\main\resources to target\classes
2025-05-30 11:31:30,142 [Worker-6: Building] INFO  o.a.m.s.f.DefaultMavenResourcesFiltering - skip non existing resourceDirectory C:\src\proyectobomber\JavaWorskpace\bombero\src\test\resources
2025-05-30 11:32:40,166 [Worker-12: Building] INFO  o.a.m.s.f.DefaultMavenResourcesFiltering - Copying 1 resource from src\main\resources to target\classes
2025-05-30 11:32:40,172 [Worker-12: Building] INFO  o.a.m.s.f.DefaultMavenResourcesFiltering - Copying 11 resources from src\main\resources to target\classes
2025-05-30 11:32:40,179 [Worker-12: Building] INFO  o.a.m.s.f.DefaultMavenResourcesFiltering - skip non existing resourceDirectory C:\src\proyectobomber\JavaWorskpace\bombero\src\test\resources
2025-05-30 11:46:28,940 [Worker-12: Building] INFO  o.a.m.s.f.DefaultMavenResourcesFiltering - Copying 1 resource from src\main\resources to target\classes
2025-05-30 11:46:28,946 [Worker-12: Building] INFO  o.a.m.s.f.DefaultMavenResourcesFiltering - Copying 11 resources from src\main\resources to target\classes
2025-05-30 11:46:28,954 [Worker-12: Building] INFO  o.a.m.s.f.DefaultMavenResourcesFiltering - skip non existing resourceDirectory C:\src\proyectobomber\JavaWorskpace\bombero\src\test\resources
2025-05-30 11:46:32,144 [Worker-15: Building] INFO  o.a.m.s.f.DefaultMavenResourcesFiltering - Copying 1 resource from src\main\resources to target\classes
2025-05-30 11:46:32,149 [Worker-15: Building] INFO  o.a.m.s.f.DefaultMavenResourcesFiltering - Copying 11 resources from src\main\resources to target\classes
2025-05-30 11:46:32,155 [Worker-15: Building] INFO  o.a.m.s.f.DefaultMavenResourcesFiltering - skip non existing resourceDirectory C:\src\proyectobomber\JavaWorskpace\bombero\src\test\resources
2025-05-30 11:46:46,974 [Worker-16: Building] INFO  o.a.m.s.f.DefaultMavenResourcesFiltering - Copying 1 resource from src\main\resources to target\classes
2025-05-30 11:46:46,979 [Worker-16: Building] INFO  o.a.m.s.f.DefaultMavenResourcesFiltering - Copying 11 resources from src\main\resources to target\classes
2025-05-30 11:46:46,985 [Worker-16: Building] INFO  o.a.m.s.f.DefaultMavenResourcesFiltering - skip non existing resourceDirectory C:\src\proyectobomber\JavaWorskpace\bombero\src\test\resources
2025-06-02 07:39:02,874 [Worker-7: Loading available Gradle versions] INFO  o.e.b.c.i.u.g.PublishedGradleVersions - Gradle version information cache is out-of-date. Trying to update.
2025-06-02 07:39:04,224 [Worker-7: Loading available Gradle versions] ERROR o.e.b.c.i.u.g.PublishedGradleVersions - Cannot write Gradle version information cache file.
java.io.FileNotFoundException: C:\Users\user\.cache\tooling\gradle\versions.json (Acceso denegado)
	at java.base/java.io.FileOutputStream.open0(Native Method)
	at java.base/java.io.FileOutputStream.open(FileOutputStream.java:289)
	at java.base/java.io.FileOutputStream.<init>(FileOutputStream.java:230)
	at com.google.common.io.Files$FileByteSink.openStream(Files.java:197)
	at com.google.common.io.Files$FileByteSink.openStream(Files.java:185)
	at com.google.common.io.ByteSink$AsCharSink.openStream(ByteSink.java:152)
	at com.google.common.io.CharSource$StringCharSource.copyTo(CharSource.java:662)
	at org.eclipse.buildship.core.internal.util.gradle.PublishedGradleVersions.storeCacheVersionsFile(PublishedGradleVersions.java:184)
	at org.eclipse.buildship.core.internal.util.gradle.PublishedGradleVersions.tryToDownloadAndCacheVersions(PublishedGradleVersions.java:150)
	at org.eclipse.buildship.core.internal.util.gradle.PublishedGradleVersions.tryToUpdateOutdatedVersionsFile(PublishedGradleVersions.java:133)
	at org.eclipse.buildship.core.internal.util.gradle.PublishedGradleVersions.create(PublishedGradleVersions.java:117)
	at org.eclipse.buildship.core.internal.util.gradle.PublishedGradleVersionsWrapper$LoadVersionsJob.run(PublishedGradleVersionsWrapper.java:73)
	at org.eclipse.core.internal.jobs.Worker.run(Worker.java:63)
2025-06-02 20:05:00,404 [Worker-6: Loading available Gradle versions] INFO  o.e.b.c.i.u.g.PublishedGradleVersions - Gradle version information cache is out-of-date. Trying to update.
2025-06-02 20:05:02,131 [Worker-6: Loading available Gradle versions] ERROR o.e.b.c.i.u.g.PublishedGradleVersions - Cannot write Gradle version information cache file.
java.io.FileNotFoundException: C:\Users\user\.cache\tooling\gradle\versions.json (Acceso denegado)
	at java.base/java.io.FileOutputStream.open0(Native Method)
	at java.base/java.io.FileOutputStream.open(FileOutputStream.java:289)
	at java.base/java.io.FileOutputStream.<init>(FileOutputStream.java:230)
	at com.google.common.io.Files$FileByteSink.openStream(Files.java:197)
	at com.google.common.io.Files$FileByteSink.openStream(Files.java:185)
	at com.google.common.io.ByteSink$AsCharSink.openStream(ByteSink.java:152)
	at com.google.common.io.CharSource$StringCharSource.copyTo(CharSource.java:662)
	at org.eclipse.buildship.core.internal.util.gradle.PublishedGradleVersions.storeCacheVersionsFile(PublishedGradleVersions.java:184)
	at org.eclipse.buildship.core.internal.util.gradle.PublishedGradleVersions.tryToDownloadAndCacheVersions(PublishedGradleVersions.java:150)
	at org.eclipse.buildship.core.internal.util.gradle.PublishedGradleVersions.tryToUpdateOutdatedVersionsFile(PublishedGradleVersions.java:133)
	at org.eclipse.buildship.core.internal.util.gradle.PublishedGradleVersions.create(PublishedGradleVersions.java:117)
	at org.eclipse.buildship.core.internal.util.gradle.PublishedGradleVersionsWrapper$LoadVersionsJob.run(PublishedGradleVersionsWrapper.java:73)
	at org.eclipse.core.internal.jobs.Worker.run(Worker.java:63)
2025-06-02 20:57:43,413 [Worker-23: Building] INFO  o.a.m.s.f.DefaultMavenResourcesFiltering - Copying 1 resource from src\main\resources to target\classes
2025-06-02 20:57:43,430 [Worker-23: Building] INFO  o.a.m.s.f.DefaultMavenResourcesFiltering - Copying 11 resources from src\main\resources to target\classes
2025-06-02 20:57:43,442 [Worker-23: Building] INFO  o.a.m.s.f.DefaultMavenResourcesFiltering - skip non existing resourceDirectory C:\src\proyectobomber\JavaWorskpace\bombero\src\test\resources
2025-06-02 20:58:39,919 [Worker-20: Building] INFO  o.a.m.s.f.DefaultMavenResourcesFiltering - Copying 1 resource from src\main\resources to target\classes
2025-06-02 20:58:39,926 [Worker-20: Building] INFO  o.a.m.s.f.DefaultMavenResourcesFiltering - Copying 11 resources from src\main\resources to target\classes
2025-06-02 20:58:39,932 [Worker-20: Building] INFO  o.a.m.s.f.DefaultMavenResourcesFiltering - skip non existing resourceDirectory C:\src\proyectobomber\JavaWorskpace\bombero\src\test\resources
2025-06-02 21:00:53,849 [Worker-27: Building] INFO  o.a.m.s.f.DefaultMavenResourcesFiltering - Copying 1 resource from src\main\resources to target\classes
2025-06-02 21:00:53,871 [Worker-27: Building] INFO  o.a.m.s.f.DefaultMavenResourcesFiltering - Copying 11 resources from src\main\resources to target\classes
2025-06-02 21:00:53,882 [Worker-27: Building] INFO  o.a.m.s.f.DefaultMavenResourcesFiltering - skip non existing resourceDirectory C:\src\proyectobomber\JavaWorskpace\bombero\src\test\resources
2025-06-02 21:01:31,190 [Worker-21: Building] INFO  o.a.m.s.f.DefaultMavenResourcesFiltering - Copying 1 resource from src\main\resources to target\classes
2025-06-02 21:01:31,196 [Worker-21: Building] INFO  o.a.m.s.f.DefaultMavenResourcesFiltering - Copying 11 resources from src\main\resources to target\classes
2025-06-02 21:01:31,204 [Worker-21: Building] INFO  o.a.m.s.f.DefaultMavenResourcesFiltering - skip non existing resourceDirectory C:\src\proyectobomber\JavaWorskpace\bombero\src\test\resources
2025-06-02 21:02:58,620 [Worker-27: Building] INFO  o.a.m.s.f.DefaultMavenResourcesFiltering - Copying 1 resource from src\main\resources to target\classes
2025-06-02 21:02:58,625 [Worker-27: Building] INFO  o.a.m.s.f.DefaultMavenResourcesFiltering - Copying 11 resources from src\main\resources to target\classes
2025-06-02 21:02:58,632 [Worker-27: Building] INFO  o.a.m.s.f.DefaultMavenResourcesFiltering - skip non existing resourceDirectory C:\src\proyectobomber\JavaWorskpace\bombero\src\test\resources
2025-06-02 21:04:48,942 [Worker-25: Building] INFO  o.a.m.s.f.DefaultMavenResourcesFiltering - Copying 1 resource from src\main\resources to target\classes
2025-06-02 21:04:48,948 [Worker-25: Building] INFO  o.a.m.s.f.DefaultMavenResourcesFiltering - Copying 11 resources from src\main\resources to target\classes
2025-06-02 21:04:48,953 [Worker-25: Building] INFO  o.a.m.s.f.DefaultMavenResourcesFiltering - skip non existing resourceDirectory C:\src\proyectobomber\JavaWorskpace\bombero\src\test\resources
2025-06-02 21:35:14,538 [Worker-36: Building] INFO  o.a.m.s.f.DefaultMavenResourcesFiltering - Copying 1 resource from src\main\resources to target\classes
2025-06-02 21:35:14,546 [Worker-36: Building] INFO  o.a.m.s.f.DefaultMavenResourcesFiltering - Copying 11 resources from src\main\resources to target\classes
2025-06-02 21:35:14,553 [Worker-36: Building] INFO  o.a.m.s.f.DefaultMavenResourcesFiltering - skip non existing resourceDirectory C:\src\proyectobomber\JavaWorskpace\bombero\src\test\resources
2025-06-02 21:35:46,722 [Worker-35: Building] INFO  o.a.m.s.f.DefaultMavenResourcesFiltering - Copying 1 resource from src\main\resources to target\classes
2025-06-02 21:35:46,727 [Worker-35: Building] INFO  o.a.m.s.f.DefaultMavenResourcesFiltering - Copying 11 resources from src\main\resources to target\classes
2025-06-02 21:35:46,733 [Worker-35: Building] INFO  o.a.m.s.f.DefaultMavenResourcesFiltering - skip non existing resourceDirectory C:\src\proyectobomber\JavaWorskpace\bombero\src\test\resources
2025-06-02 21:35:56,532 [Worker-32: Building] INFO  o.a.m.s.f.DefaultMavenResourcesFiltering - Copying 1 resource from src\main\resources to target\classes
2025-06-02 21:35:56,538 [Worker-32: Building] INFO  o.a.m.s.f.DefaultMavenResourcesFiltering - Copying 11 resources from src\main\resources to target\classes
2025-06-02 21:35:56,546 [Worker-32: Building] INFO  o.a.m.s.f.DefaultMavenResourcesFiltering - skip non existing resourceDirectory C:\src\proyectobomber\JavaWorskpace\bombero\src\test\resources
2025-06-02 21:36:23,102 [Worker-38: Building] INFO  o.a.m.s.f.DefaultMavenResourcesFiltering - Copying 1 resource from src\main\resources to target\classes
2025-06-02 21:36:23,107 [Worker-38: Building] INFO  o.a.m.s.f.DefaultMavenResourcesFiltering - Copying 11 resources from src\main\resources to target\classes
2025-06-02 21:36:23,114 [Worker-38: Building] INFO  o.a.m.s.f.DefaultMavenResourcesFiltering - skip non existing resourceDirectory C:\src\proyectobomber\JavaWorskpace\bombero\src\test\resources
2025-06-02 21:39:30,920 [Worker-32: Building] INFO  o.a.m.s.f.DefaultMavenResourcesFiltering - Copying 1 resource from src\main\resources to target\classes
2025-06-02 21:39:30,927 [Worker-32: Building] INFO  o.a.m.s.f.DefaultMavenResourcesFiltering - Copying 11 resources from src\main\resources to target\classes
2025-06-02 21:39:30,936 [Worker-32: Building] INFO  o.a.m.s.f.DefaultMavenResourcesFiltering - skip non existing resourceDirectory C:\src\proyectobomber\JavaWorskpace\bombero\src\test\resources
2025-06-02 21:40:01,949 [Worker-32: Building] INFO  o.a.m.s.f.DefaultMavenResourcesFiltering - Copying 1 resource from src\main\resources to target\classes
2025-06-02 21:40:01,955 [Worker-32: Building] INFO  o.a.m.s.f.DefaultMavenResourcesFiltering - Copying 11 resources from src\main\resources to target\classes
2025-06-02 21:40:01,964 [Worker-32: Building] INFO  o.a.m.s.f.DefaultMavenResourcesFiltering - skip non existing resourceDirectory C:\src\proyectobomber\JavaWorskpace\bombero\src\test\resources
2025-06-02 21:40:14,681 [Worker-36: Building] INFO  o.a.m.s.f.DefaultMavenResourcesFiltering - Copying 1 resource from src\main\resources to target\classes
2025-06-02 21:40:14,686 [Worker-36: Building] INFO  o.a.m.s.f.DefaultMavenResourcesFiltering - Copying 11 resources from src\main\resources to target\classes
2025-06-02 21:40:14,693 [Worker-36: Building] INFO  o.a.m.s.f.DefaultMavenResourcesFiltering - skip non existing resourceDirectory C:\src\proyectobomber\JavaWorskpace\bombero\src\test\resources
2025-06-02 21:41:06,826 [Worker-38: Building] INFO  o.a.m.s.f.DefaultMavenResourcesFiltering - Copying 1 resource from src\main\resources to target\classes
2025-06-02 21:41:06,832 [Worker-38: Building] INFO  o.a.m.s.f.DefaultMavenResourcesFiltering - Copying 11 resources from src\main\resources to target\classes
2025-06-02 21:41:06,842 [Worker-38: Building] INFO  o.a.m.s.f.DefaultMavenResourcesFiltering - skip non existing resourceDirectory C:\src\proyectobomber\JavaWorskpace\bombero\src\test\resources
2025-06-02 21:53:14,248 [Worker-45: Cleaning all projects] INFO  o.e.m.w.i.f.ResourceFilteringBuildParticipant - Cleaning filtered folder for bombero
2025-06-02 21:53:14,755 [Worker-4: Building] INFO  o.a.m.s.f.DefaultMavenResourcesFiltering - Copying 1 resource from src\main\resources to target\classes
2025-06-02 21:53:14,765 [Worker-4: Building] INFO  o.a.m.s.f.DefaultMavenResourcesFiltering - Copying 11 resources from src\main\resources to target\classes
2025-06-02 21:53:14,790 [Worker-4: Building] INFO  o.a.m.s.f.DefaultMavenResourcesFiltering - skip non existing resourceDirectory C:\src\proyectobomber\JavaWorskpace\bombero\src\test\resources
2025-06-02 21:53:14,791 [Worker-4: Building] INFO  o.e.m.w.i.f.ResourceFilteringBuildParticipant - Changed resources require a complete clean of filtered resources of bombero
2025-06-02 21:53:14,792 [Worker-4: Building] INFO  o.e.m.w.i.f.ResourceFilteringBuildParticipant - Executing resource filtering for bombero
2025-06-02 21:54:27,489 [Worker-45: Building] INFO  o.a.m.s.f.DefaultMavenResourcesFiltering - Copying 1 resource from src\main\resources to target\classes
2025-06-02 21:54:27,496 [Worker-45: Building] INFO  o.a.m.s.f.DefaultMavenResourcesFiltering - Copying 11 resources from src\main\resources to target\classes
2025-06-02 21:54:27,504 [Worker-45: Building] INFO  o.a.m.s.f.DefaultMavenResourcesFiltering - skip non existing resourceDirectory C:\src\proyectobomber\JavaWorskpace\bombero\src\test\resources
2025-06-02 21:54:39,928 [Worker-46: Building] INFO  o.a.m.s.f.DefaultMavenResourcesFiltering - Copying 1 resource from src\main\resources to target\classes
2025-06-02 21:54:39,932 [Worker-46: Building] INFO  o.a.m.s.f.DefaultMavenResourcesFiltering - Copying 11 resources from src\main\resources to target\classes
2025-06-02 21:54:39,938 [Worker-46: Building] INFO  o.a.m.s.f.DefaultMavenResourcesFiltering - skip non existing resourceDirectory C:\src\proyectobomber\JavaWorskpace\bombero\src\test\resources
2025-06-02 21:54:46,764 [Worker-46: Launching bombero - BomberoApplication] INFO  o.a.m.s.f.DefaultMavenResourcesFiltering - Copying 1 resource from src\main\resources to target\classes
2025-06-02 21:54:46,769 [Worker-46: Launching bombero - BomberoApplication] INFO  o.a.m.s.f.DefaultMavenResourcesFiltering - Copying 11 resources from src\main\resources to target\classes
2025-06-02 21:54:46,777 [Worker-46: Launching bombero - BomberoApplication] INFO  o.a.m.s.f.DefaultMavenResourcesFiltering - skip non existing resourceDirectory C:\src\proyectobomber\JavaWorskpace\bombero\src\test\resources
2025-06-02 21:58:31,221 [Worker-49: Building] INFO  o.a.m.s.f.DefaultMavenResourcesFiltering - Copying 1 resource from src\main\resources to target\classes
2025-06-02 21:58:31,227 [Worker-49: Building] INFO  o.a.m.s.f.DefaultMavenResourcesFiltering - Copying 11 resources from src\main\resources to target\classes
2025-06-02 21:58:31,233 [Worker-49: Building] INFO  o.a.m.s.f.DefaultMavenResourcesFiltering - skip non existing resourceDirectory C:\src\proyectobomber\JavaWorskpace\bombero\src\test\resources
2025-06-02 22:04:55,161 [Worker-53: Building] INFO  o.a.m.s.f.DefaultMavenResourcesFiltering - Copying 0 resource from src\main\resources to target\classes
2025-06-02 22:04:55,165 [Worker-53: Building] INFO  o.a.m.s.f.DefaultMavenResourcesFiltering - Copying 0 resource from src\main\resources to target\classes
2025-06-02 22:04:55,170 [Worker-53: Building] INFO  o.a.m.s.f.DefaultMavenResourcesFiltering - skip non existing resourceDirectory C:\src\proyectobomber\JavaWorskpace\bombero\src\test\resources
2025-06-02 22:07:08,683 [Worker-49: Building] INFO  o.a.m.s.f.DefaultMavenResourcesFiltering - Copying 0 resource from src\main\resources to target\classes
2025-06-02 22:07:08,685 [Worker-49: Building] INFO  o.a.m.s.f.DefaultMavenResourcesFiltering - Copying 3 resources from src\main\resources to target\classes
2025-06-02 22:07:08,685 [Worker-49: Building] INFO  o.a.m.s.f.DefaultMavenResourcesFiltering - skip non existing resourceDirectory C:\src\proyectobomber\JavaWorskpace\bombero\src\test\resources
2025-06-02 22:09:58,232 [Worker-45: Building] INFO  o.a.m.s.f.DefaultMavenResourcesFiltering - Copying 0 resource from src\main\resources to target\classes
2025-06-02 22:09:58,234 [Worker-45: Building] INFO  o.a.m.s.f.DefaultMavenResourcesFiltering - Copying 2 resources from src\main\resources to target\classes
2025-06-02 22:09:58,240 [Worker-45: Building] INFO  o.a.m.s.f.DefaultMavenResourcesFiltering - skip non existing resourceDirectory C:\src\proyectobomber\JavaWorskpace\bombero\src\test\resources
2025-06-02 22:10:13,089 [Worker-46: Cleaning all projects] INFO  o.e.m.w.i.f.ResourceFilteringBuildParticipant - Cleaning filtered folder for bombero
2025-06-02 22:10:13,526 [Worker-57: Building] INFO  o.a.m.s.f.DefaultMavenResourcesFiltering - Copying 1 resource from src\main\resources to target\classes
2025-06-02 22:10:13,528 [Worker-57: Building] INFO  o.a.m.s.f.DefaultMavenResourcesFiltering - Copying 11 resources from src\main\resources to target\classes
2025-06-02 22:10:13,541 [Worker-57: Building] INFO  o.a.m.s.f.DefaultMavenResourcesFiltering - skip non existing resourceDirectory C:\src\proyectobomber\JavaWorskpace\bombero\src\test\resources
2025-06-02 22:10:13,542 [Worker-57: Building] INFO  o.e.m.w.i.f.ResourceFilteringBuildParticipant - Changed resources require a complete clean of filtered resources of bombero
2025-06-02 22:10:13,542 [Worker-57: Building] INFO  o.e.m.w.i.f.ResourceFilteringBuildParticipant - Executing resource filtering for bombero
2025-06-02 22:11:41,219 [Worker-46: Cleaning all projects] INFO  o.e.m.w.i.f.ResourceFilteringBuildParticipant - Cleaning filtered folder for bombero
2025-06-02 22:11:41,542 [Worker-59: Building] INFO  o.a.m.s.f.DefaultMavenResourcesFiltering - Copying 1 resource from src\main\resources to target\classes
2025-06-02 22:11:41,544 [Worker-59: Building] INFO  o.a.m.s.f.DefaultMavenResourcesFiltering - Copying 11 resources from src\main\resources to target\classes
2025-06-02 22:11:41,557 [Worker-59: Building] INFO  o.a.m.s.f.DefaultMavenResourcesFiltering - skip non existing resourceDirectory C:\src\proyectobomber\JavaWorskpace\bombero\src\test\resources
2025-06-02 22:11:41,557 [Worker-59: Building] INFO  o.e.m.w.i.f.ResourceFilteringBuildParticipant - Changed resources require a complete clean of filtered resources of bombero
2025-06-02 22:11:41,557 [Worker-59: Building] INFO  o.e.m.w.i.f.ResourceFilteringBuildParticipant - Executing resource filtering for bombero
2025-06-02 22:14:18,196 [Worker-46: Building] INFO  o.a.m.s.f.DefaultMavenResourcesFiltering - Copying 0 resource from src\main\resources to target\classes
2025-06-02 22:14:18,198 [Worker-46: Building] INFO  o.a.m.s.f.DefaultMavenResourcesFiltering - Copying 2 resources from src\main\resources to target\classes
2025-06-02 22:14:18,207 [Worker-46: Building] INFO  o.a.m.s.f.DefaultMavenResourcesFiltering - skip non existing resourceDirectory C:\src\proyectobomber\JavaWorskpace\bombero\src\test\resources
2025-06-02 22:20:24,687 [Worker-60: Building] INFO  o.a.m.s.f.DefaultMavenResourcesFiltering - Copying 0 resource from src\main\resources to target\classes
2025-06-02 22:20:24,689 [Worker-60: Building] INFO  o.a.m.s.f.DefaultMavenResourcesFiltering - Copying 2 resources from src\main\resources to target\classes
2025-06-02 22:20:24,689 [Worker-60: Building] INFO  o.a.m.s.f.DefaultMavenResourcesFiltering - skip non existing resourceDirectory C:\src\proyectobomber\JavaWorskpace\bombero\src\test\resources
2025-06-02 22:22:35,431 [Worker-46: Building] INFO  o.a.m.s.f.DefaultMavenResourcesFiltering - Copying 0 resource from src\main\resources to target\classes
2025-06-02 22:22:35,433 [Worker-46: Building] INFO  o.a.m.s.f.DefaultMavenResourcesFiltering - Copying 2 resources from src\main\resources to target\classes
2025-06-02 22:22:35,438 [Worker-46: Building] INFO  o.a.m.s.f.DefaultMavenResourcesFiltering - skip non existing resourceDirectory C:\src\proyectobomber\JavaWorskpace\bombero\src\test\resources
2025-06-03 07:19:10,708 [Worker-7: Loading available Gradle versions] INFO  o.e.b.c.i.u.g.PublishedGradleVersions - Gradle version information cache is out-of-date. Trying to update.
2025-06-03 07:19:11,883 [Worker-7: Loading available Gradle versions] ERROR o.e.b.c.i.u.g.PublishedGradleVersions - Cannot write Gradle version information cache file.
java.io.FileNotFoundException: C:\Users\user\.cache\tooling\gradle\versions.json (Acceso denegado)
	at java.base/java.io.FileOutputStream.open0(Native Method)
	at java.base/java.io.FileOutputStream.open(FileOutputStream.java:289)
	at java.base/java.io.FileOutputStream.<init>(FileOutputStream.java:230)
	at com.google.common.io.Files$FileByteSink.openStream(Files.java:197)
	at com.google.common.io.Files$FileByteSink.openStream(Files.java:185)
	at com.google.common.io.ByteSink$AsCharSink.openStream(ByteSink.java:152)
	at com.google.common.io.CharSource$StringCharSource.copyTo(CharSource.java:662)
	at org.eclipse.buildship.core.internal.util.gradle.PublishedGradleVersions.storeCacheVersionsFile(PublishedGradleVersions.java:184)
	at org.eclipse.buildship.core.internal.util.gradle.PublishedGradleVersions.tryToDownloadAndCacheVersions(PublishedGradleVersions.java:150)
	at org.eclipse.buildship.core.internal.util.gradle.PublishedGradleVersions.tryToUpdateOutdatedVersionsFile(PublishedGradleVersions.java:133)
	at org.eclipse.buildship.core.internal.util.gradle.PublishedGradleVersions.create(PublishedGradleVersions.java:117)
	at org.eclipse.buildship.core.internal.util.gradle.PublishedGradleVersionsWrapper$LoadVersionsJob.run(PublishedGradleVersionsWrapper.java:73)
	at org.eclipse.core.internal.jobs.Worker.run(Worker.java:63)
2025-06-03 07:25:31,633 [Worker-9: Building] INFO  o.a.m.s.f.DefaultMavenResourcesFiltering - Copying 1 resource from src\main\resources to target\classes
2025-06-03 07:25:31,659 [Worker-9: Building] INFO  o.a.m.s.f.DefaultMavenResourcesFiltering - Copying 11 resources from src\main\resources to target\classes
2025-06-03 07:25:31,673 [Worker-9: Building] INFO  o.a.m.s.f.DefaultMavenResourcesFiltering - skip non existing resourceDirectory C:\src\proyectobomber\JavaWorskpace\bombero\src\test\resources
2025-06-03 07:25:34,301 [Worker-2: Building] INFO  o.a.m.s.f.DefaultMavenResourcesFiltering - Copying 1 resource from src\main\resources to target\classes
2025-06-03 07:25:34,305 [Worker-2: Building] INFO  o.a.m.s.f.DefaultMavenResourcesFiltering - Copying 11 resources from src\main\resources to target\classes
2025-06-03 07:25:34,311 [Worker-2: Building] INFO  o.a.m.s.f.DefaultMavenResourcesFiltering - skip non existing resourceDirectory C:\src\proyectobomber\JavaWorskpace\bombero\src\test\resources
2025-06-03 07:25:54,378 [Worker-5: Building] INFO  o.a.m.s.f.DefaultMavenResourcesFiltering - Copying 1 resource from src\main\resources to target\classes
2025-06-03 07:25:54,385 [Worker-5: Building] INFO  o.a.m.s.f.DefaultMavenResourcesFiltering - Copying 11 resources from src\main\resources to target\classes
2025-06-03 07:25:54,393 [Worker-5: Building] INFO  o.a.m.s.f.DefaultMavenResourcesFiltering - skip non existing resourceDirectory C:\src\proyectobomber\JavaWorskpace\bombero\src\test\resources
2025-06-03 07:26:02,686 [Worker-6: Building] INFO  o.a.m.s.f.DefaultMavenResourcesFiltering - Copying 1 resource from src\main\resources to target\classes
2025-06-03 07:26:02,690 [Worker-6: Building] INFO  o.a.m.s.f.DefaultMavenResourcesFiltering - Copying 11 resources from src\main\resources to target\classes
2025-06-03 07:26:02,696 [Worker-6: Building] INFO  o.a.m.s.f.DefaultMavenResourcesFiltering - skip non existing resourceDirectory C:\src\proyectobomber\JavaWorskpace\bombero\src\test\resources
2025-06-03 07:26:23,817 [Worker-11: Building] INFO  o.a.m.s.f.DefaultMavenResourcesFiltering - Copying 1 resource from src\main\resources to target\classes
2025-06-03 07:26:23,822 [Worker-11: Building] INFO  o.a.m.s.f.DefaultMavenResourcesFiltering - Copying 11 resources from src\main\resources to target\classes
2025-06-03 07:26:23,830 [Worker-11: Building] INFO  o.a.m.s.f.DefaultMavenResourcesFiltering - skip non existing resourceDirectory C:\src\proyectobomber\JavaWorskpace\bombero\src\test\resources
2025-06-03 07:26:42,585 [Worker-14: Building] INFO  o.a.m.s.f.DefaultMavenResourcesFiltering - Copying 1 resource from src\main\resources to target\classes
2025-06-03 07:26:42,589 [Worker-14: Building] INFO  o.a.m.s.f.DefaultMavenResourcesFiltering - Copying 11 resources from src\main\resources to target\classes
2025-06-03 07:26:42,595 [Worker-14: Building] INFO  o.a.m.s.f.DefaultMavenResourcesFiltering - skip non existing resourceDirectory C:\src\proyectobomber\JavaWorskpace\bombero\src\test\resources
2025-06-03 08:11:34,062 [Worker-24: Building] INFO  o.a.m.s.f.DefaultMavenResourcesFiltering - Copying 1 resource from src\main\resources to target\classes
2025-06-03 08:11:34,080 [Worker-24: Building] INFO  o.a.m.s.f.DefaultMavenResourcesFiltering - Copying 11 resources from src\main\resources to target\classes
2025-06-03 08:11:34,088 [Worker-24: Building] INFO  o.a.m.s.f.DefaultMavenResourcesFiltering - skip non existing resourceDirectory C:\src\proyectobomber\JavaWorskpace\bombero\src\test\resources
2025-06-03 08:13:36,160 [Worker-26: Building] INFO  o.a.m.s.f.DefaultMavenResourcesFiltering - Copying 1 resource from src\main\resources to target\classes
2025-06-03 08:13:36,165 [Worker-26: Building] INFO  o.a.m.s.f.DefaultMavenResourcesFiltering - Copying 11 resources from src\main\resources to target\classes
2025-06-03 08:13:36,170 [Worker-26: Building] INFO  o.a.m.s.f.DefaultMavenResourcesFiltering - skip non existing resourceDirectory C:\src\proyectobomber\JavaWorskpace\bombero\src\test\resources
2025-06-03 08:41:42,287 [Worker-40: Building] INFO  o.a.m.s.f.DefaultMavenResourcesFiltering - Copying 1 resource from src\main\resources to target\classes
2025-06-03 08:41:42,292 [Worker-40: Building] INFO  o.a.m.s.f.DefaultMavenResourcesFiltering - Copying 11 resources from src\main\resources to target\classes
2025-06-03 08:41:42,300 [Worker-40: Building] INFO  o.a.m.s.f.DefaultMavenResourcesFiltering - skip non existing resourceDirectory C:\src\proyectobomber\JavaWorskpace\bombero\src\test\resources
2025-06-03 08:45:44,469 [Worker-41: Cleaning all projects] INFO  o.e.m.w.i.f.ResourceFilteringBuildParticipant - Cleaning filtered folder for bombero
2025-06-03 08:45:45,311 [Worker-46: Building] INFO  o.a.m.s.f.DefaultMavenResourcesFiltering - Copying 1 resource from src\main\resources to target\classes
2025-06-03 08:45:45,321 [Worker-46: Building] INFO  o.a.m.s.f.DefaultMavenResourcesFiltering - Copying 11 resources from src\main\resources to target\classes
2025-06-03 08:45:45,342 [Worker-46: Building] INFO  o.a.m.s.f.DefaultMavenResourcesFiltering - skip non existing resourceDirectory C:\src\proyectobomber\JavaWorskpace\bombero\src\test\resources
2025-06-03 08:45:45,342 [Worker-46: Building] INFO  o.e.m.w.i.f.ResourceFilteringBuildParticipant - Changed resources require a complete clean of filtered resources of bombero
2025-06-03 08:45:45,344 [Worker-46: Building] INFO  o.e.m.w.i.f.ResourceFilteringBuildParticipant - Executing resource filtering for bombero
2025-06-03 08:48:57,860 [Worker-47: Cleaning all projects] INFO  o.e.m.w.i.f.ResourceFilteringBuildParticipant - Cleaning filtered folder for bombero
2025-06-03 08:48:58,290 [Worker-36: Building] INFO  o.a.m.s.f.DefaultMavenResourcesFiltering - Copying 1 resource from src\main\resources to target\classes
2025-06-03 08:48:58,292 [Worker-36: Building] INFO  o.a.m.s.f.DefaultMavenResourcesFiltering - Copying 11 resources from src\main\resources to target\classes
2025-06-03 08:48:58,308 [Worker-36: Building] INFO  o.a.m.s.f.DefaultMavenResourcesFiltering - skip non existing resourceDirectory C:\src\proyectobomber\JavaWorskpace\bombero\src\test\resources
2025-06-03 08:48:58,308 [Worker-36: Building] INFO  o.e.m.w.i.f.ResourceFilteringBuildParticipant - Changed resources require a complete clean of filtered resources of bombero
2025-06-03 08:48:58,308 [Worker-36: Building] INFO  o.e.m.w.i.f.ResourceFilteringBuildParticipant - Executing resource filtering for bombero
2025-06-03 08:49:23,799 [Worker-47: Cleaning all projects] INFO  o.e.m.w.i.f.ResourceFilteringBuildParticipant - Cleaning filtered folder for bombero
2025-06-03 08:49:24,317 [Worker-41: Building] INFO  o.a.m.s.f.DefaultMavenResourcesFiltering - Copying 1 resource from src\main\resources to target\classes
2025-06-03 08:49:24,320 [Worker-41: Building] INFO  o.a.m.s.f.DefaultMavenResourcesFiltering - Copying 11 resources from src\main\resources to target\classes
2025-06-03 08:49:24,339 [Worker-41: Building] INFO  o.a.m.s.f.DefaultMavenResourcesFiltering - skip non existing resourceDirectory C:\src\proyectobomber\JavaWorskpace\bombero\src\test\resources
2025-06-03 08:49:24,339 [Worker-41: Building] INFO  o.e.m.w.i.f.ResourceFilteringBuildParticipant - Changed resources require a complete clean of filtered resources of bombero
2025-06-03 08:49:24,339 [Worker-41: Building] INFO  o.e.m.w.i.f.ResourceFilteringBuildParticipant - Executing resource filtering for bombero
2025-06-03 08:54:04,081 [Worker-51: Cleaning all projects] INFO  o.e.m.w.i.f.ResourceFilteringBuildParticipant - Cleaning filtered folder for bombero
2025-06-03 08:54:04,481 [Worker-51: Building] INFO  o.a.m.s.f.DefaultMavenResourcesFiltering - Copying 1 resource from src\main\resources to target\classes
2025-06-03 08:54:04,483 [Worker-51: Building] INFO  o.a.m.s.f.DefaultMavenResourcesFiltering - Copying 11 resources from src\main\resources to target\classes
2025-06-03 08:54:04,507 [Worker-51: Building] INFO  o.a.m.s.f.DefaultMavenResourcesFiltering - skip non existing resourceDirectory C:\src\proyectobomber\JavaWorskpace\bombero\src\test\resources
2025-06-03 08:54:04,508 [Worker-51: Building] INFO  o.e.m.w.i.f.ResourceFilteringBuildParticipant - Changed resources require a complete clean of filtered resources of bombero
2025-06-03 08:54:04,508 [Worker-51: Building] INFO  o.e.m.w.i.f.ResourceFilteringBuildParticipant - Executing resource filtering for bombero
2025-06-03 09:23:17,604 [Worker-57: Building] INFO  o.a.m.s.f.DefaultMavenResourcesFiltering - Copying 1 resource from src\main\resources to target\classes
2025-06-03 09:23:17,610 [Worker-57: Building] INFO  o.a.m.s.f.DefaultMavenResourcesFiltering - Copying 11 resources from src\main\resources to target\classes
2025-06-03 09:23:17,619 [Worker-57: Building] INFO  o.a.m.s.f.DefaultMavenResourcesFiltering - skip non existing resourceDirectory C:\src\proyectobomber\JavaWorskpace\bombero\src\test\resources
2025-06-03 09:35:40,572 [Worker-68: Building] INFO  o.a.m.s.f.DefaultMavenResourcesFiltering - Copying 1 resource from src\main\resources to target\classes
2025-06-03 09:35:40,580 [Worker-68: Building] INFO  o.a.m.s.f.DefaultMavenResourcesFiltering - Copying 11 resources from src\main\resources to target\classes
2025-06-03 09:35:40,586 [Worker-68: Building] INFO  o.a.m.s.f.DefaultMavenResourcesFiltering - skip non existing resourceDirectory C:\src\proyectobomber\JavaWorskpace\bombero\src\test\resources
2025-06-03 09:35:46,264 [Worker-71: Building] INFO  o.a.m.s.f.DefaultMavenResourcesFiltering - Copying 1 resource from src\main\resources to target\classes
2025-06-03 09:35:46,269 [Worker-71: Building] INFO  o.a.m.s.f.DefaultMavenResourcesFiltering - Copying 11 resources from src\main\resources to target\classes
2025-06-03 09:35:46,276 [Worker-71: Building] INFO  o.a.m.s.f.DefaultMavenResourcesFiltering - skip non existing resourceDirectory C:\src\proyectobomber\JavaWorskpace\bombero\src\test\resources
2025-06-03 09:36:06,872 [Worker-67: Building] INFO  o.a.m.s.f.DefaultMavenResourcesFiltering - Copying 1 resource from src\main\resources to target\classes
2025-06-03 09:36:06,877 [Worker-67: Building] INFO  o.a.m.s.f.DefaultMavenResourcesFiltering - Copying 11 resources from src\main\resources to target\classes
2025-06-03 09:36:06,882 [Worker-67: Building] INFO  o.a.m.s.f.DefaultMavenResourcesFiltering - skip non existing resourceDirectory C:\src\proyectobomber\JavaWorskpace\bombero\src\test\resources
2025-06-03 09:36:10,992 [Worker-72: Building] INFO  o.a.m.s.f.DefaultMavenResourcesFiltering - Copying 1 resource from src\main\resources to target\classes
2025-06-03 09:36:10,996 [Worker-72: Building] INFO  o.a.m.s.f.DefaultMavenResourcesFiltering - Copying 11 resources from src\main\resources to target\classes
2025-06-03 09:36:11,001 [Worker-72: Building] INFO  o.a.m.s.f.DefaultMavenResourcesFiltering - skip non existing resourceDirectory C:\src\proyectobomber\JavaWorskpace\bombero\src\test\resources
2025-06-03 09:36:23,180 [Worker-68: Building] INFO  o.a.m.s.f.DefaultMavenResourcesFiltering - Copying 1 resource from src\main\resources to target\classes
2025-06-03 09:36:23,184 [Worker-68: Building] INFO  o.a.m.s.f.DefaultMavenResourcesFiltering - Copying 11 resources from src\main\resources to target\classes
2025-06-03 09:36:23,190 [Worker-68: Building] INFO  o.a.m.s.f.DefaultMavenResourcesFiltering - skip non existing resourceDirectory C:\src\proyectobomber\JavaWorskpace\bombero\src\test\resources
2025-06-03 09:36:24,260 [Worker-69: Building] INFO  o.a.m.s.f.DefaultMavenResourcesFiltering - Copying 1 resource from src\main\resources to target\classes
2025-06-03 09:36:24,264 [Worker-69: Building] INFO  o.a.m.s.f.DefaultMavenResourcesFiltering - Copying 11 resources from src\main\resources to target\classes
2025-06-03 09:36:24,270 [Worker-69: Building] INFO  o.a.m.s.f.DefaultMavenResourcesFiltering - skip non existing resourceDirectory C:\src\proyectobomber\JavaWorskpace\bombero\src\test\resources
2025-06-03 09:37:04,511 [Worker-67: Building] INFO  o.a.m.s.f.DefaultMavenResourcesFiltering - Copying 1 resource from src\main\resources to target\classes
2025-06-03 09:37:04,514 [Worker-67: Building] INFO  o.a.m.s.f.DefaultMavenResourcesFiltering - Copying 11 resources from src\main\resources to target\classes
2025-06-03 09:37:04,519 [Worker-67: Building] INFO  o.a.m.s.f.DefaultMavenResourcesFiltering - skip non existing resourceDirectory C:\src\proyectobomber\JavaWorskpace\bombero\src\test\resources
2025-06-03 09:37:19,482 [Worker-68: Building] INFO  o.a.m.s.f.DefaultMavenResourcesFiltering - Copying 1 resource from src\main\resources to target\classes
2025-06-03 09:37:19,486 [Worker-68: Building] INFO  o.a.m.s.f.DefaultMavenResourcesFiltering - Copying 11 resources from src\main\resources to target\classes
2025-06-03 09:37:19,492 [Worker-68: Building] INFO  o.a.m.s.f.DefaultMavenResourcesFiltering - skip non existing resourceDirectory C:\src\proyectobomber\JavaWorskpace\bombero\src\test\resources
2025-06-03 09:37:36,511 [Worker-71: Building] INFO  o.a.m.s.f.DefaultMavenResourcesFiltering - Copying 1 resource from src\main\resources to target\classes
2025-06-03 09:37:36,515 [Worker-71: Building] INFO  o.a.m.s.f.DefaultMavenResourcesFiltering - Copying 11 resources from src\main\resources to target\classes
2025-06-03 09:37:36,522 [Worker-71: Building] INFO  o.a.m.s.f.DefaultMavenResourcesFiltering - skip non existing resourceDirectory C:\src\proyectobomber\JavaWorskpace\bombero\src\test\resources
2025-06-03 09:39:50,154 [Worker-71: Building] INFO  o.a.m.s.f.DefaultMavenResourcesFiltering - Copying 1 resource from src\main\resources to target\classes
2025-06-03 09:39:50,161 [Worker-71: Building] INFO  o.a.m.s.f.DefaultMavenResourcesFiltering - Copying 11 resources from src\main\resources to target\classes
2025-06-03 09:39:50,166 [Worker-71: Building] INFO  o.a.m.s.f.DefaultMavenResourcesFiltering - skip non existing resourceDirectory C:\src\proyectobomber\JavaWorskpace\bombero\src\test\resources
2025-06-03 09:42:30,614 [Worker-70: Cleaning all projects] INFO  o.e.m.w.i.f.ResourceFilteringBuildParticipant - Cleaning filtered folder for bombero
2025-06-03 09:42:31,072 [Worker-71: Building] INFO  o.a.m.s.f.DefaultMavenResourcesFiltering - Copying 1 resource from src\main\resources to target\classes
2025-06-03 09:42:31,074 [Worker-71: Building] INFO  o.a.m.s.f.DefaultMavenResourcesFiltering - Copying 11 resources from src\main\resources to target\classes
2025-06-03 09:42:31,095 [Worker-71: Building] INFO  o.a.m.s.f.DefaultMavenResourcesFiltering - skip non existing resourceDirectory C:\src\proyectobomber\JavaWorskpace\bombero\src\test\resources
2025-06-03 09:42:31,096 [Worker-71: Building] INFO  o.e.m.w.i.f.ResourceFilteringBuildParticipant - Changed resources require a complete clean of filtered resources of bombero
2025-06-03 09:42:31,096 [Worker-71: Building] INFO  o.e.m.w.i.f.ResourceFilteringBuildParticipant - Executing resource filtering for bombero
2025-06-03 09:46:19,542 [Worker-75: Building] INFO  o.a.m.s.f.DefaultMavenResourcesFiltering - Copying 1 resource from src\main\resources to target\classes
2025-06-03 09:46:19,552 [Worker-75: Building] INFO  o.a.m.s.f.DefaultMavenResourcesFiltering - Copying 11 resources from src\main\resources to target\classes
2025-06-03 09:46:19,558 [Worker-75: Building] INFO  o.a.m.s.f.DefaultMavenResourcesFiltering - skip non existing resourceDirectory C:\src\proyectobomber\JavaWorskpace\bombero\src\test\resources
2025-06-03 09:46:31,397 [Worker-73: Building] INFO  o.a.m.s.f.DefaultMavenResourcesFiltering - Copying 1 resource from src\main\resources to target\classes
2025-06-03 09:46:31,403 [Worker-73: Building] INFO  o.a.m.s.f.DefaultMavenResourcesFiltering - Copying 11 resources from src\main\resources to target\classes
2025-06-03 09:46:31,408 [Worker-73: Building] INFO  o.a.m.s.f.DefaultMavenResourcesFiltering - skip non existing resourceDirectory C:\src\proyectobomber\JavaWorskpace\bombero\src\test\resources
2025-06-03 09:46:47,773 [Worker-73: Cleaning all projects] INFO  o.e.m.w.i.f.ResourceFilteringBuildParticipant - Cleaning filtered folder for bombero
2025-06-03 09:46:48,195 [Worker-73: Building] INFO  o.a.m.s.f.DefaultMavenResourcesFiltering - Copying 1 resource from src\main\resources to target\classes
2025-06-03 09:46:48,197 [Worker-73: Building] INFO  o.a.m.s.f.DefaultMavenResourcesFiltering - Copying 11 resources from src\main\resources to target\classes
2025-06-03 09:46:48,217 [Worker-73: Building] INFO  o.a.m.s.f.DefaultMavenResourcesFiltering - skip non existing resourceDirectory C:\src\proyectobomber\JavaWorskpace\bombero\src\test\resources
2025-06-03 09:46:48,218 [Worker-73: Building] INFO  o.e.m.w.i.f.ResourceFilteringBuildParticipant - Changed resources require a complete clean of filtered resources of bombero
2025-06-03 09:46:48,218 [Worker-73: Building] INFO  o.e.m.w.i.f.ResourceFilteringBuildParticipant - Executing resource filtering for bombero
2025-06-03 09:58:52,278 [Worker-83: Building] INFO  o.a.m.s.f.DefaultMavenResourcesFiltering - Copying 1 resource from src\main\resources to target\classes
2025-06-03 09:58:52,285 [Worker-83: Building] INFO  o.a.m.s.f.DefaultMavenResourcesFiltering - Copying 11 resources from src\main\resources to target\classes
2025-06-03 09:58:52,292 [Worker-83: Building] INFO  o.a.m.s.f.DefaultMavenResourcesFiltering - skip non existing resourceDirectory C:\src\proyectobomber\JavaWorskpace\bombero\src\test\resources
2025-06-03 10:34:44,556 [Worker-100: Building] INFO  o.a.m.s.f.DefaultMavenResourcesFiltering - Copying 1 resource from src\main\resources to target\classes
2025-06-03 10:34:44,579 [Worker-100: Building] INFO  o.a.m.s.f.DefaultMavenResourcesFiltering - Copying 11 resources from src\main\resources to target\classes
2025-06-03 10:34:44,587 [Worker-100: Building] INFO  o.a.m.s.f.DefaultMavenResourcesFiltering - skip non existing resourceDirectory C:\src\proyectobomber\JavaWorskpace\bombero\src\test\resources
2025-06-03 10:36:37,485 [Worker-102: Building] INFO  o.a.m.s.f.DefaultMavenResourcesFiltering - Copying 1 resource from src\main\resources to target\classes
2025-06-03 10:36:37,491 [Worker-102: Building] INFO  o.a.m.s.f.DefaultMavenResourcesFiltering - Copying 11 resources from src\main\resources to target\classes
2025-06-03 10:36:37,498 [Worker-102: Building] INFO  o.a.m.s.f.DefaultMavenResourcesFiltering - skip non existing resourceDirectory C:\src\proyectobomber\JavaWorskpace\bombero\src\test\resources
2025-06-03 10:36:55,548 [Worker-102: Building] INFO  o.a.m.s.f.DefaultMavenResourcesFiltering - Copying 1 resource from src\main\resources to target\classes
2025-06-03 10:36:55,552 [Worker-102: Building] INFO  o.a.m.s.f.DefaultMavenResourcesFiltering - Copying 11 resources from src\main\resources to target\classes
2025-06-03 10:36:55,559 [Worker-102: Building] INFO  o.a.m.s.f.DefaultMavenResourcesFiltering - skip non existing resourceDirectory C:\src\proyectobomber\JavaWorskpace\bombero\src\test\resources
2025-06-03 10:37:15,332 [Worker-105: Building] INFO  o.a.m.s.f.DefaultMavenResourcesFiltering - Copying 1 resource from src\main\resources to target\classes
2025-06-03 10:37:15,336 [Worker-105: Building] INFO  o.a.m.s.f.DefaultMavenResourcesFiltering - Copying 11 resources from src\main\resources to target\classes
2025-06-03 10:37:15,341 [Worker-105: Building] INFO  o.a.m.s.f.DefaultMavenResourcesFiltering - skip non existing resourceDirectory C:\src\proyectobomber\JavaWorskpace\bombero\src\test\resources
2025-06-03 10:40:58,867 [Worker-106: Building] INFO  o.a.m.s.f.DefaultMavenResourcesFiltering - Copying 1 resource from src\main\resources to target\classes
2025-06-03 10:40:58,872 [Worker-106: Building] INFO  o.a.m.s.f.DefaultMavenResourcesFiltering - Copying 11 resources from src\main\resources to target\classes
2025-06-03 10:40:58,879 [Worker-106: Building] INFO  o.a.m.s.f.DefaultMavenResourcesFiltering - skip non existing resourceDirectory C:\src\proyectobomber\JavaWorskpace\bombero\src\test\resources
2025-06-03 10:42:34,376 [Worker-103: Building] INFO  o.a.m.s.f.DefaultMavenResourcesFiltering - Copying 1 resource from src\main\resources to target\classes
2025-06-03 10:42:34,380 [Worker-103: Building] INFO  o.a.m.s.f.DefaultMavenResourcesFiltering - Copying 11 resources from src\main\resources to target\classes
2025-06-03 10:42:34,384 [Worker-103: Building] INFO  o.a.m.s.f.DefaultMavenResourcesFiltering - skip non existing resourceDirectory C:\src\proyectobomber\JavaWorskpace\bombero\src\test\resources
2025-06-03 11:21:13,115 [Worker-117: Cleaning all projects] INFO  o.e.m.w.i.f.ResourceFilteringBuildParticipant - Cleaning filtered folder for bombero
2025-06-03 11:21:13,774 [Worker-119: Building] INFO  o.a.m.s.f.DefaultMavenResourcesFiltering - Copying 1 resource from src\main\resources to target\classes
2025-06-03 11:21:13,779 [Worker-119: Building] INFO  o.a.m.s.f.DefaultMavenResourcesFiltering - Copying 11 resources from src\main\resources to target\classes
2025-06-03 11:21:13,800 [Worker-119: Building] INFO  o.a.m.s.f.DefaultMavenResourcesFiltering - skip non existing resourceDirectory C:\src\proyectobomber\JavaWorskpace\bombero\src\test\resources
2025-06-03 11:21:13,800 [Worker-119: Building] INFO  o.e.m.w.i.f.ResourceFilteringBuildParticipant - Changed resources require a complete clean of filtered resources of bombero
2025-06-03 11:21:13,800 [Worker-119: Building] INFO  o.e.m.w.i.f.ResourceFilteringBuildParticipant - Executing resource filtering for bombero
2025-06-03 14:05:24,363 [Worker-138: Building] INFO  o.a.m.s.f.DefaultMavenResourcesFiltering - Copying 1 resource from src\main\resources to target\classes
2025-06-03 14:05:24,395 [Worker-138: Building] INFO  o.a.m.s.f.DefaultMavenResourcesFiltering - Copying 11 resources from src\main\resources to target\classes
2025-06-03 14:05:24,403 [Worker-138: Building] INFO  o.a.m.s.f.DefaultMavenResourcesFiltering - skip non existing resourceDirectory C:\src\proyectobomber\JavaWorskpace\bombero\src\test\resources
2025-06-03 14:05:42,581 [Worker-136: Building] INFO  o.a.m.s.f.DefaultMavenResourcesFiltering - Copying 1 resource from src\main\resources to target\classes
2025-06-03 14:05:42,587 [Worker-136: Building] INFO  o.a.m.s.f.DefaultMavenResourcesFiltering - Copying 11 resources from src\main\resources to target\classes
2025-06-03 14:05:42,595 [Worker-136: Building] INFO  o.a.m.s.f.DefaultMavenResourcesFiltering - skip non existing resourceDirectory C:\src\proyectobomber\JavaWorskpace\bombero\src\test\resources
2025-06-03 14:06:29,628 [Worker-139: Building] INFO  o.a.m.s.f.DefaultMavenResourcesFiltering - Copying 1 resource from src\main\resources to target\classes
2025-06-03 14:06:29,635 [Worker-139: Building] INFO  o.a.m.s.f.DefaultMavenResourcesFiltering - Copying 11 resources from src\main\resources to target\classes
2025-06-03 14:06:29,640 [Worker-139: Building] INFO  o.a.m.s.f.DefaultMavenResourcesFiltering - skip non existing resourceDirectory C:\src\proyectobomber\JavaWorskpace\bombero\src\test\resources
2025-06-03 14:06:49,372 [Worker-137: Building] INFO  o.a.m.s.f.DefaultMavenResourcesFiltering - Copying 1 resource from src\main\resources to target\classes
2025-06-03 14:06:49,376 [Worker-137: Building] INFO  o.a.m.s.f.DefaultMavenResourcesFiltering - Copying 11 resources from src\main\resources to target\classes
2025-06-03 14:06:49,381 [Worker-137: Building] INFO  o.a.m.s.f.DefaultMavenResourcesFiltering - skip non existing resourceDirectory C:\src\proyectobomber\JavaWorskpace\bombero\src\test\resources
2025-06-03 14:07:31,415 [Worker-132: Building] INFO  o.a.m.s.f.DefaultMavenResourcesFiltering - Copying 1 resource from src\main\resources to target\classes
2025-06-03 14:07:31,419 [Worker-132: Building] INFO  o.a.m.s.f.DefaultMavenResourcesFiltering - Copying 11 resources from src\main\resources to target\classes
2025-06-03 14:07:31,424 [Worker-132: Building] INFO  o.a.m.s.f.DefaultMavenResourcesFiltering - skip non existing resourceDirectory C:\src\proyectobomber\JavaWorskpace\bombero\src\test\resources
2025-06-03 14:07:54,860 [Worker-140: Building] INFO  o.a.m.s.f.DefaultMavenResourcesFiltering - Copying 1 resource from src\main\resources to target\classes
2025-06-03 14:07:54,868 [Worker-140: Building] INFO  o.a.m.s.f.DefaultMavenResourcesFiltering - Copying 11 resources from src\main\resources to target\classes
2025-06-03 14:07:54,872 [Worker-140: Building] INFO  o.a.m.s.f.DefaultMavenResourcesFiltering - skip non existing resourceDirectory C:\src\proyectobomber\JavaWorskpace\bombero\src\test\resources
2025-06-03 14:08:21,652 [Worker-137: Cleaning all projects] INFO  o.e.m.w.i.f.ResourceFilteringBuildParticipant - Cleaning filtered folder for bombero
2025-06-03 14:08:22,167 [Worker-139: Building] INFO  o.a.m.s.f.DefaultMavenResourcesFiltering - Copying 1 resource from src\main\resources to target\classes
2025-06-03 14:08:22,169 [Worker-139: Building] INFO  o.a.m.s.f.DefaultMavenResourcesFiltering - Copying 11 resources from src\main\resources to target\classes
2025-06-03 14:08:22,192 [Worker-139: Building] INFO  o.a.m.s.f.DefaultMavenResourcesFiltering - skip non existing resourceDirectory C:\src\proyectobomber\JavaWorskpace\bombero\src\test\resources
2025-06-03 14:08:22,192 [Worker-139: Building] INFO  o.e.m.w.i.f.ResourceFilteringBuildParticipant - Changed resources require a complete clean of filtered resources of bombero
2025-06-03 14:08:22,192 [Worker-139: Building] INFO  o.e.m.w.i.f.ResourceFilteringBuildParticipant - Executing resource filtering for bombero
2025-06-03 14:18:58,634 [Worker-138: Cleaning all projects] INFO  o.e.m.w.i.f.ResourceFilteringBuildParticipant - Cleaning filtered folder for bombero
2025-06-03 14:18:59,046 [Worker-137: Building] INFO  o.a.m.s.f.DefaultMavenResourcesFiltering - Copying 1 resource from src\main\resources to target\classes
2025-06-03 14:18:59,048 [Worker-137: Building] INFO  o.a.m.s.f.DefaultMavenResourcesFiltering - Copying 11 resources from src\main\resources to target\classes
2025-06-03 14:18:59,067 [Worker-137: Building] INFO  o.a.m.s.f.DefaultMavenResourcesFiltering - skip non existing resourceDirectory C:\src\proyectobomber\JavaWorskpace\bombero\src\test\resources
2025-06-03 14:18:59,067 [Worker-137: Building] INFO  o.e.m.w.i.f.ResourceFilteringBuildParticipant - Changed resources require a complete clean of filtered resources of bombero
2025-06-03 14:18:59,067 [Worker-137: Building] INFO  o.e.m.w.i.f.ResourceFilteringBuildParticipant - Executing resource filtering for bombero
2025-06-03 15:06:14,834 [Worker-156: Building] INFO  o.a.m.s.f.DefaultMavenResourcesFiltering - Copying 1 resource from src\main\resources to target\classes
2025-06-03 15:06:14,972 [Worker-156: Building] INFO  o.a.m.s.f.DefaultMavenResourcesFiltering - Copying 11 resources from src\main\resources to target\classes
2025-06-03 15:06:14,987 [Worker-156: Building] INFO  o.a.m.s.f.DefaultMavenResourcesFiltering - skip non existing resourceDirectory C:\src\proyectobomber\JavaWorskpace\bombero\src\test\resources
2025-06-03 15:06:43,933 [Worker-150: Building] INFO  o.a.m.s.f.DefaultMavenResourcesFiltering - Copying 1 resource from src\main\resources to target\classes
2025-06-03 15:06:43,957 [Worker-150: Building] INFO  o.a.m.s.f.DefaultMavenResourcesFiltering - Copying 11 resources from src\main\resources to target\classes
2025-06-03 15:06:43,962 [Worker-150: Building] INFO  o.a.m.s.f.DefaultMavenResourcesFiltering - skip non existing resourceDirectory C:\src\proyectobomber\JavaWorskpace\bombero\src\test\resources
2025-06-03 15:11:42,140 [Worker-157: Building] INFO  o.a.m.s.f.DefaultMavenResourcesFiltering - Copying 1 resource from src\main\resources to target\classes
2025-06-03 15:11:42,149 [Worker-157: Building] INFO  o.a.m.s.f.DefaultMavenResourcesFiltering - Copying 11 resources from src\main\resources to target\classes
2025-06-03 15:11:42,154 [Worker-157: Building] INFO  o.a.m.s.f.DefaultMavenResourcesFiltering - skip non existing resourceDirectory C:\src\proyectobomber\JavaWorskpace\bombero\src\test\resources
2025-06-03 15:11:48,450 [Worker-155: Building] INFO  o.a.m.s.f.DefaultMavenResourcesFiltering - Copying 1 resource from src\main\resources to target\classes
2025-06-03 15:11:48,455 [Worker-155: Building] INFO  o.a.m.s.f.DefaultMavenResourcesFiltering - Copying 11 resources from src\main\resources to target\classes
2025-06-03 15:11:48,461 [Worker-155: Building] INFO  o.a.m.s.f.DefaultMavenResourcesFiltering - skip non existing resourceDirectory C:\src\proyectobomber\JavaWorskpace\bombero\src\test\resources
2025-06-03 15:12:33,755 [Worker-159: Building] INFO  o.a.m.s.f.DefaultMavenResourcesFiltering - Copying 1 resource from src\main\resources to target\classes
2025-06-03 15:12:33,762 [Worker-159: Building] INFO  o.a.m.s.f.DefaultMavenResourcesFiltering - Copying 11 resources from src\main\resources to target\classes
2025-06-03 15:12:33,768 [Worker-159: Building] INFO  o.a.m.s.f.DefaultMavenResourcesFiltering - skip non existing resourceDirectory C:\src\proyectobomber\JavaWorskpace\bombero\src\test\resources
2025-06-03 16:03:12,677 [Worker-171: Cleaning all projects] INFO  o.e.m.w.i.f.ResourceFilteringBuildParticipant - Cleaning filtered folder for bombero
2025-06-03 16:03:13,244 [Worker-172: Building] INFO  o.a.m.s.f.DefaultMavenResourcesFiltering - Copying 1 resource from src\main\resources to target\classes
2025-06-03 16:03:13,247 [Worker-172: Building] INFO  o.a.m.s.f.DefaultMavenResourcesFiltering - Copying 11 resources from src\main\resources to target\classes
2025-06-03 16:03:13,274 [Worker-172: Building] INFO  o.a.m.s.f.DefaultMavenResourcesFiltering - skip non existing resourceDirectory C:\src\proyectobomber\JavaWorskpace\bombero\src\test\resources
2025-06-03 16:03:13,275 [Worker-172: Building] INFO  o.e.m.w.i.f.ResourceFilteringBuildParticipant - Changed resources require a complete clean of filtered resources of bombero
2025-06-03 16:03:13,275 [Worker-172: Building] INFO  o.e.m.w.i.f.ResourceFilteringBuildParticipant - Executing resource filtering for bombero
2025-06-03 16:04:37,258 [Worker-175: Building] INFO  o.a.m.s.f.DefaultMavenResourcesFiltering - Copying 1 resource from src\main\resources to target\classes
2025-06-03 16:04:37,295 [Worker-175: Building] INFO  o.a.m.s.f.DefaultMavenResourcesFiltering - Copying 11 resources from src\main\resources to target\classes
2025-06-03 16:04:37,301 [Worker-175: Building] INFO  o.a.m.s.f.DefaultMavenResourcesFiltering - skip non existing resourceDirectory C:\src\proyectobomber\JavaWorskpace\bombero\src\test\resources
2025-06-03 16:04:49,341 [Worker-176: Cleaning all projects] INFO  o.e.m.w.i.f.ResourceFilteringBuildParticipant - Cleaning filtered folder for bombero
2025-06-03 16:04:49,730 [Worker-176: Building] INFO  o.a.m.s.f.DefaultMavenResourcesFiltering - Copying 1 resource from src\main\resources to target\classes
2025-06-03 16:04:49,731 [Worker-176: Building] INFO  o.a.m.s.f.DefaultMavenResourcesFiltering - Copying 11 resources from src\main\resources to target\classes
2025-06-03 16:04:49,749 [Worker-176: Building] INFO  o.a.m.s.f.DefaultMavenResourcesFiltering - skip non existing resourceDirectory C:\src\proyectobomber\JavaWorskpace\bombero\src\test\resources
2025-06-03 16:04:49,749 [Worker-176: Building] INFO  o.e.m.w.i.f.ResourceFilteringBuildParticipant - Changed resources require a complete clean of filtered resources of bombero
2025-06-03 16:04:49,749 [Worker-176: Building] INFO  o.e.m.w.i.f.ResourceFilteringBuildParticipant - Executing resource filtering for bombero
2025-06-03 16:18:48,132 [Worker-180: Building] INFO  o.a.m.s.f.DefaultMavenResourcesFiltering - Copying 1 resource from src\main\resources to target\classes
2025-06-03 16:18:48,147 [Worker-180: Building] INFO  o.a.m.s.f.DefaultMavenResourcesFiltering - Copying 11 resources from src\main\resources to target\classes
2025-06-03 16:18:48,152 [Worker-180: Building] INFO  o.a.m.s.f.DefaultMavenResourcesFiltering - skip non existing resourceDirectory C:\src\proyectobomber\JavaWorskpace\bombero\src\test\resources
2025-06-03 16:28:37,389 [Worker-181: Cleaning all projects] INFO  o.e.m.w.i.f.ResourceFilteringBuildParticipant - Cleaning filtered folder for bombero
2025-06-03 16:28:37,915 [Worker-181: Building] INFO  o.a.m.s.f.DefaultMavenResourcesFiltering - Copying 1 resource from src\main\resources to target\classes
2025-06-03 16:28:37,917 [Worker-181: Building] INFO  o.a.m.s.f.DefaultMavenResourcesFiltering - Copying 13 resources from src\main\resources to target\classes
2025-06-03 16:28:37,936 [Worker-181: Building] INFO  o.a.m.s.f.DefaultMavenResourcesFiltering - skip non existing resourceDirectory C:\src\proyectobomber\JavaWorskpace\bombero\src\test\resources
2025-06-03 16:28:37,937 [Worker-181: Building] INFO  o.e.m.w.i.f.ResourceFilteringBuildParticipant - Changed resources require a complete clean of filtered resources of bombero
2025-06-03 16:28:37,937 [Worker-181: Building] INFO  o.e.m.w.i.f.ResourceFilteringBuildParticipant - Executing resource filtering for bombero
2025-06-03 16:28:39,555 [Worker-186: Building] INFO  o.a.m.s.f.DefaultMavenResourcesFiltering - Copying 1 resource from src\main\resources to target\classes
2025-06-03 16:28:39,557 [Worker-186: Building] INFO  o.a.m.s.f.DefaultMavenResourcesFiltering - Copying 13 resources from src\main\resources to target\classes
2025-06-03 16:28:39,579 [Worker-186: Building] INFO  o.a.m.s.f.DefaultMavenResourcesFiltering - skip non existing resourceDirectory C:\src\proyectobomber\JavaWorskpace\bombero\src\test\resources
2025-06-03 16:28:39,579 [Worker-186: Building] INFO  o.e.m.w.i.f.ResourceFilteringBuildParticipant - Changed resources require a complete clean of filtered resources of bombero
2025-06-03 16:28:39,579 [Worker-186: Building] INFO  o.e.m.w.i.f.ResourceFilteringBuildParticipant - Executing resource filtering for bombero
2025-06-03 16:31:03,830 [Worker-185: Building] INFO  o.a.m.s.f.DefaultMavenResourcesFiltering - Copying 1 resource from src\main\resources to target\classes
2025-06-03 16:31:03,837 [Worker-185: Building] INFO  o.a.m.s.f.DefaultMavenResourcesFiltering - Copying 13 resources from src\main\resources to target\classes
2025-06-03 16:31:03,844 [Worker-185: Building] INFO  o.a.m.s.f.DefaultMavenResourcesFiltering - skip non existing resourceDirectory C:\src\proyectobomber\JavaWorskpace\bombero\src\test\resources
2025-06-03 16:31:10,747 [Worker-187: Cleaning all projects] INFO  o.e.m.w.i.f.ResourceFilteringBuildParticipant - Cleaning filtered folder for bombero
2025-06-03 16:31:11,055 [Worker-187: Building] INFO  o.a.m.s.f.DefaultMavenResourcesFiltering - Copying 1 resource from src\main\resources to target\classes
2025-06-03 16:31:11,056 [Worker-187: Building] INFO  o.a.m.s.f.DefaultMavenResourcesFiltering - Copying 13 resources from src\main\resources to target\classes
2025-06-03 16:31:11,074 [Worker-187: Building] INFO  o.a.m.s.f.DefaultMavenResourcesFiltering - skip non existing resourceDirectory C:\src\proyectobomber\JavaWorskpace\bombero\src\test\resources
2025-06-03 16:31:11,074 [Worker-187: Building] INFO  o.e.m.w.i.f.ResourceFilteringBuildParticipant - Changed resources require a complete clean of filtered resources of bombero
2025-06-03 16:31:11,074 [Worker-187: Building] INFO  o.e.m.w.i.f.ResourceFilteringBuildParticipant - Executing resource filtering for bombero
2025-06-03 16:41:47,546 [Worker-190: Cleaning all projects] INFO  o.e.m.w.i.f.ResourceFilteringBuildParticipant - Cleaning filtered folder for bombero
2025-06-03 16:41:47,913 [Worker-192: Building] INFO  o.a.m.s.f.DefaultMavenResourcesFiltering - Copying 1 resource from src\main\resources to target\classes
2025-06-03 16:41:47,915 [Worker-192: Building] INFO  o.a.m.s.f.DefaultMavenResourcesFiltering - Copying 13 resources from src\main\resources to target\classes
2025-06-03 16:41:47,931 [Worker-192: Building] INFO  o.a.m.s.f.DefaultMavenResourcesFiltering - skip non existing resourceDirectory C:\src\proyectobomber\JavaWorskpace\bombero\src\test\resources
2025-06-03 16:41:47,931 [Worker-192: Building] INFO  o.e.m.w.i.f.ResourceFilteringBuildParticipant - Changed resources require a complete clean of filtered resources of bombero
2025-06-03 16:41:47,932 [Worker-192: Building] INFO  o.e.m.w.i.f.ResourceFilteringBuildParticipant - Executing resource filtering for bombero
2025-06-03 18:31:06,671 [Worker-217: Cleaning all projects] INFO  o.e.m.w.i.f.ResourceFilteringBuildParticipant - Cleaning filtered folder for bombero
2025-06-03 18:31:07,128 [Worker-211: Building] INFO  o.a.m.s.f.DefaultMavenResourcesFiltering - Copying 1 resource from src\main\resources to target\classes
2025-06-03 18:31:07,131 [Worker-211: Building] INFO  o.a.m.s.f.DefaultMavenResourcesFiltering - Copying 13 resources from src\main\resources to target\classes
2025-06-03 18:31:07,150 [Worker-211: Building] INFO  o.a.m.s.f.DefaultMavenResourcesFiltering - skip non existing resourceDirectory C:\src\proyectobomber\JavaWorskpace\bombero\src\test\resources
2025-06-03 18:31:07,150 [Worker-211: Building] INFO  o.e.m.w.i.f.ResourceFilteringBuildParticipant - Changed resources require a complete clean of filtered resources of bombero
2025-06-03 18:31:07,150 [Worker-211: Building] INFO  o.e.m.w.i.f.ResourceFilteringBuildParticipant - Executing resource filtering for bombero
2025-06-03 18:35:32,955 [Worker-215: Cleaning all projects] INFO  o.e.m.w.i.f.ResourceFilteringBuildParticipant - Cleaning filtered folder for bombero
2025-06-03 18:35:33,255 [Worker-220: Building] INFO  o.a.m.s.f.DefaultMavenResourcesFiltering - Copying 1 resource from src\main\resources to target\classes
2025-06-03 18:35:33,256 [Worker-220: Building] INFO  o.a.m.s.f.DefaultMavenResourcesFiltering - Copying 13 resources from src\main\resources to target\classes
2025-06-03 18:35:33,271 [Worker-220: Building] INFO  o.a.m.s.f.DefaultMavenResourcesFiltering - skip non existing resourceDirectory C:\src\proyectobomber\JavaWorskpace\bombero\src\test\resources
2025-06-03 18:35:33,271 [Worker-220: Building] INFO  o.e.m.w.i.f.ResourceFilteringBuildParticipant - Changed resources require a complete clean of filtered resources of bombero
2025-06-03 18:35:33,271 [Worker-220: Building] INFO  o.e.m.w.i.f.ResourceFilteringBuildParticipant - Executing resource filtering for bombero
2025-06-03 18:42:01,986 [Worker-217: Cleaning all projects] INFO  o.e.m.w.i.f.ResourceFilteringBuildParticipant - Cleaning filtered folder for bombero
2025-06-03 18:42:02,386 [Worker-215: Building] INFO  o.a.m.s.f.DefaultMavenResourcesFiltering - Copying 1 resource from src\main\resources to target\classes
2025-06-03 18:42:02,388 [Worker-215: Building] INFO  o.a.m.s.f.DefaultMavenResourcesFiltering - Copying 13 resources from src\main\resources to target\classes
2025-06-03 18:42:02,402 [Worker-215: Building] INFO  o.a.m.s.f.DefaultMavenResourcesFiltering - skip non existing resourceDirectory C:\src\proyectobomber\JavaWorskpace\bombero\src\test\resources
2025-06-03 18:42:02,402 [Worker-215: Building] INFO  o.e.m.w.i.f.ResourceFilteringBuildParticipant - Changed resources require a complete clean of filtered resources of bombero
2025-06-03 18:42:02,402 [Worker-215: Building] INFO  o.e.m.w.i.f.ResourceFilteringBuildParticipant - Executing resource filtering for bombero
2025-06-03 18:55:19,029 [Worker-230: Building] INFO  o.a.m.s.f.DefaultMavenResourcesFiltering - Copying 1 resource from src\main\resources to target\classes
2025-06-03 18:55:19,074 [Worker-230: Building] INFO  o.a.m.s.f.DefaultMavenResourcesFiltering - Copying 13 resources from src\main\resources to target\classes
2025-06-03 18:55:19,081 [Worker-230: Building] INFO  o.a.m.s.f.DefaultMavenResourcesFiltering - skip non existing resourceDirectory C:\src\proyectobomber\JavaWorskpace\bombero\src\test\resources
2025-06-03 18:56:03,332 [Worker-227: Building] INFO  o.a.m.s.f.DefaultMavenResourcesFiltering - Copying 1 resource from src\main\resources to target\classes
2025-06-03 18:56:03,337 [Worker-227: Building] INFO  o.a.m.s.f.DefaultMavenResourcesFiltering - Copying 13 resources from src\main\resources to target\classes
2025-06-03 18:56:03,344 [Worker-227: Building] INFO  o.a.m.s.f.DefaultMavenResourcesFiltering - skip non existing resourceDirectory C:\src\proyectobomber\JavaWorskpace\bombero\src\test\resources
2025-06-03 18:56:48,553 [Worker-232: Building] INFO  o.a.m.s.f.DefaultMavenResourcesFiltering - Copying 1 resource from src\main\resources to target\classes
2025-06-03 18:56:48,569 [Worker-232: Building] INFO  o.a.m.s.f.DefaultMavenResourcesFiltering - Copying 13 resources from src\main\resources to target\classes
2025-06-03 18:56:48,582 [Worker-232: Building] INFO  o.a.m.s.f.DefaultMavenResourcesFiltering - skip non existing resourceDirectory C:\src\proyectobomber\JavaWorskpace\bombero\src\test\resources
2025-06-03 19:11:48,111 [Worker-233: Building] INFO  o.a.m.s.f.DefaultMavenResourcesFiltering - Copying 1 resource from src\main\resources to target\classes
2025-06-03 19:11:48,118 [Worker-233: Building] INFO  o.a.m.s.f.DefaultMavenResourcesFiltering - Copying 13 resources from src\main\resources to target\classes
2025-06-03 19:11:48,122 [Worker-233: Building] INFO  o.a.m.s.f.DefaultMavenResourcesFiltering - skip non existing resourceDirectory C:\src\proyectobomber\JavaWorskpace\bombero\src\test\resources
2025-06-03 19:14:26,168 [Worker-236: Cleaning all projects] INFO  o.e.m.w.i.f.ResourceFilteringBuildParticipant - Cleaning filtered folder for bombero
2025-06-03 19:14:26,482 [Worker-241: Building] INFO  o.a.m.s.f.DefaultMavenResourcesFiltering - Copying 1 resource from src\main\resources to target\classes
2025-06-03 19:14:26,482 [Worker-241: Building] INFO  o.a.m.s.f.DefaultMavenResourcesFiltering - Copying 13 resources from src\main\resources to target\classes
2025-06-03 19:14:26,498 [Worker-241: Building] INFO  o.a.m.s.f.DefaultMavenResourcesFiltering - skip non existing resourceDirectory C:\src\proyectobomber\JavaWorskpace\bombero\src\test\resources
2025-06-03 19:14:26,498 [Worker-241: Building] INFO  o.e.m.w.i.f.ResourceFilteringBuildParticipant - Changed resources require a complete clean of filtered resources of bombero
2025-06-03 19:14:26,498 [Worker-241: Building] INFO  o.e.m.w.i.f.ResourceFilteringBuildParticipant - Executing resource filtering for bombero
2025-06-03 19:20:32,620 [Worker-236: Cleaning all projects] INFO  o.e.m.w.i.f.ResourceFilteringBuildParticipant - Cleaning filtered folder for bombero
2025-06-03 19:20:32,963 [Worker-236: Building] INFO  o.a.m.s.f.DefaultMavenResourcesFiltering - Copying 1 resource from src\main\resources to target\classes
2025-06-03 19:20:32,964 [Worker-236: Building] INFO  o.a.m.s.f.DefaultMavenResourcesFiltering - Copying 13 resources from src\main\resources to target\classes
2025-06-03 19:20:32,980 [Worker-236: Building] INFO  o.a.m.s.f.DefaultMavenResourcesFiltering - skip non existing resourceDirectory C:\src\proyectobomber\JavaWorskpace\bombero\src\test\resources
2025-06-03 19:20:32,981 [Worker-236: Building] INFO  o.e.m.w.i.f.ResourceFilteringBuildParticipant - Changed resources require a complete clean of filtered resources of bombero
2025-06-03 19:20:32,981 [Worker-236: Building] INFO  o.e.m.w.i.f.ResourceFilteringBuildParticipant - Executing resource filtering for bombero
2025-06-09 07:41:39,770 [Worker-5: Loading available Gradle versions] INFO  o.e.b.c.i.u.g.PublishedGradleVersions - Gradle version information cache is out-of-date. Trying to update.
2025-06-09 07:41:41,298 [Worker-5: Loading available Gradle versions] ERROR o.e.b.c.i.u.g.PublishedGradleVersions - Cannot write Gradle version information cache file.
java.io.FileNotFoundException: C:\Users\user\.cache\tooling\gradle\versions.json (Acceso denegado)
	at java.base/java.io.FileOutputStream.open0(Native Method)
	at java.base/java.io.FileOutputStream.open(FileOutputStream.java:289)
	at java.base/java.io.FileOutputStream.<init>(FileOutputStream.java:230)
	at com.google.common.io.Files$FileByteSink.openStream(Files.java:197)
	at com.google.common.io.Files$FileByteSink.openStream(Files.java:185)
	at com.google.common.io.ByteSink$AsCharSink.openStream(ByteSink.java:152)
	at com.google.common.io.CharSource$StringCharSource.copyTo(CharSource.java:662)
	at org.eclipse.buildship.core.internal.util.gradle.PublishedGradleVersions.storeCacheVersionsFile(PublishedGradleVersions.java:184)
	at org.eclipse.buildship.core.internal.util.gradle.PublishedGradleVersions.tryToDownloadAndCacheVersions(PublishedGradleVersions.java:150)
	at org.eclipse.buildship.core.internal.util.gradle.PublishedGradleVersions.tryToUpdateOutdatedVersionsFile(PublishedGradleVersions.java:133)
	at org.eclipse.buildship.core.internal.util.gradle.PublishedGradleVersions.create(PublishedGradleVersions.java:117)
	at org.eclipse.buildship.core.internal.util.gradle.PublishedGradleVersionsWrapper$LoadVersionsJob.run(PublishedGradleVersionsWrapper.java:73)
	at org.eclipse.core.internal.jobs.Worker.run(Worker.java:63)
2025-06-09 12:50:23,104 [Worker-7: Loading available Gradle versions] INFO  o.e.b.c.i.u.g.PublishedGradleVersions - Gradle version information cache is out-of-date. Trying to update.
2025-06-09 12:50:24,916 [Worker-7: Loading available Gradle versions] ERROR o.e.b.c.i.u.g.PublishedGradleVersions - Cannot write Gradle version information cache file.
java.io.FileNotFoundException: C:\Users\user\.cache\tooling\gradle\versions.json (Acceso denegado)
	at java.base/java.io.FileOutputStream.open0(Native Method)
	at java.base/java.io.FileOutputStream.open(FileOutputStream.java:289)
	at java.base/java.io.FileOutputStream.<init>(FileOutputStream.java:230)
	at com.google.common.io.Files$FileByteSink.openStream(Files.java:197)
	at com.google.common.io.Files$FileByteSink.openStream(Files.java:185)
	at com.google.common.io.ByteSink$AsCharSink.openStream(ByteSink.java:152)
	at com.google.common.io.CharSource$StringCharSource.copyTo(CharSource.java:662)
	at org.eclipse.buildship.core.internal.util.gradle.PublishedGradleVersions.storeCacheVersionsFile(PublishedGradleVersions.java:184)
	at org.eclipse.buildship.core.internal.util.gradle.PublishedGradleVersions.tryToDownloadAndCacheVersions(PublishedGradleVersions.java:150)
	at org.eclipse.buildship.core.internal.util.gradle.PublishedGradleVersions.tryToUpdateOutdatedVersionsFile(PublishedGradleVersions.java:133)
	at org.eclipse.buildship.core.internal.util.gradle.PublishedGradleVersions.create(PublishedGradleVersions.java:117)
	at org.eclipse.buildship.core.internal.util.gradle.PublishedGradleVersionsWrapper$LoadVersionsJob.run(PublishedGradleVersionsWrapper.java:73)
	at org.eclipse.core.internal.jobs.Worker.run(Worker.java:63)
2025-06-09 12:57:08,147 [Worker-16: Cleaning all projects] INFO  o.e.m.w.i.f.ResourceFilteringBuildParticipant - Cleaning filtered folder for bombero
2025-06-09 12:57:10,700 [Worker-18: Building] INFO  o.a.m.s.f.DefaultMavenResourcesFiltering - Copying 1 resource from src\main\resources to target\classes
2025-06-09 12:57:10,718 [Worker-18: Building] INFO  o.a.m.s.f.DefaultMavenResourcesFiltering - Copying 13 resources from src\main\resources to target\classes
2025-06-09 12:57:10,744 [Worker-18: Building] INFO  o.a.m.s.f.DefaultMavenResourcesFiltering - skip non existing resourceDirectory C:\src\proyectobomber\JavaWorskpace\bombero\src\test\resources
2025-06-09 12:57:10,745 [Worker-18: Building] INFO  o.e.m.w.i.f.ResourceFilteringBuildParticipant - Changed resources require a complete clean of filtered resources of bombero
2025-06-09 12:57:10,745 [Worker-18: Building] INFO  o.e.m.w.i.f.ResourceFilteringBuildParticipant - Executing resource filtering for bombero
2025-06-09 13:04:18,473 [Worker-19: Cleaning all projects] INFO  o.e.m.w.i.f.ResourceFilteringBuildParticipant - Cleaning filtered folder for bombero
2025-06-09 13:04:18,994 [Worker-20: Building] INFO  o.a.m.s.f.DefaultMavenResourcesFiltering - Copying 1 resource from src\main\resources to target\classes
2025-06-09 13:04:18,996 [Worker-20: Building] INFO  o.a.m.s.f.DefaultMavenResourcesFiltering - Copying 13 resources from src\main\resources to target\classes
2025-06-09 13:04:19,025 [Worker-20: Building] INFO  o.a.m.s.f.DefaultMavenResourcesFiltering - skip non existing resourceDirectory C:\src\proyectobomber\JavaWorskpace\bombero\src\test\resources
2025-06-09 13:04:19,025 [Worker-20: Building] INFO  o.e.m.w.i.f.ResourceFilteringBuildParticipant - Changed resources require a complete clean of filtered resources of bombero
2025-06-09 13:04:19,025 [Worker-20: Building] INFO  o.e.m.w.i.f.ResourceFilteringBuildParticipant - Executing resource filtering for bombero
2025-06-09 13:06:07,402 [Worker-20: Cleaning all projects] INFO  o.e.m.w.i.f.ResourceFilteringBuildParticipant - Cleaning filtered folder for bombero
2025-06-09 13:06:07,946 [Worker-22: Building] INFO  o.a.m.s.f.DefaultMavenResourcesFiltering - Copying 1 resource from src\main\resources to target\classes
2025-06-09 13:06:07,950 [Worker-22: Building] INFO  o.a.m.s.f.DefaultMavenResourcesFiltering - Copying 13 resources from src\main\resources to target\classes
2025-06-09 13:06:07,979 [Worker-22: Building] INFO  o.a.m.s.f.DefaultMavenResourcesFiltering - skip non existing resourceDirectory C:\src\proyectobomber\JavaWorskpace\bombero\src\test\resources
2025-06-09 13:06:07,980 [Worker-22: Building] INFO  o.e.m.w.i.f.ResourceFilteringBuildParticipant - Changed resources require a complete clean of filtered resources of bombero
2025-06-09 13:06:07,980 [Worker-22: Building] INFO  o.e.m.w.i.f.ResourceFilteringBuildParticipant - Executing resource filtering for bombero
2025-06-09 13:08:18,185 [Worker-23: Cleaning all projects] INFO  o.e.m.w.i.f.ResourceFilteringBuildParticipant - Cleaning filtered folder for bombero
2025-06-09 13:08:18,624 [Worker-23: Building] INFO  o.a.m.s.f.DefaultMavenResourcesFiltering - Copying 1 resource from src\main\resources to target\classes
2025-06-09 13:08:18,626 [Worker-23: Building] INFO  o.a.m.s.f.DefaultMavenResourcesFiltering - Copying 13 resources from src\main\resources to target\classes
2025-06-09 13:08:18,648 [Worker-23: Building] INFO  o.a.m.s.f.DefaultMavenResourcesFiltering - skip non existing resourceDirectory C:\src\proyectobomber\JavaWorskpace\bombero\src\test\resources
2025-06-09 13:08:18,648 [Worker-23: Building] INFO  o.e.m.w.i.f.ResourceFilteringBuildParticipant - Changed resources require a complete clean of filtered resources of bombero
2025-06-09 13:08:18,648 [Worker-23: Building] INFO  o.e.m.w.i.f.ResourceFilteringBuildParticipant - Executing resource filtering for bombero
2025-06-09 14:39:07,355 [Worker-37: Building] INFO  o.a.m.s.f.DefaultMavenResourcesFiltering - Copying 1 resource from src\main\resources to target\classes
2025-06-09 14:39:07,370 [Worker-37: Building] INFO  o.a.m.s.f.DefaultMavenResourcesFiltering - Copying 16 resources from src\main\resources to target\classes
2025-06-09 14:39:07,392 [Worker-37: Building] INFO  o.a.m.s.f.DefaultMavenResourcesFiltering - skip non existing resourceDirectory C:\src\proyectobomber\JavaWorskpace\bombero\src\test\resources
2025-06-09 14:39:09,563 [Worker-42: Building] INFO  o.a.m.s.f.DefaultMavenResourcesFiltering - Copying 1 resource from src\main\resources to target\classes
2025-06-09 14:39:09,565 [Worker-42: Building] INFO  o.a.m.s.f.DefaultMavenResourcesFiltering - Copying 16 resources from src\main\resources to target\classes
2025-06-09 14:39:09,591 [Worker-42: Building] INFO  o.a.m.s.f.DefaultMavenResourcesFiltering - skip non existing resourceDirectory C:\src\proyectobomber\JavaWorskpace\bombero\src\test\resources
2025-06-09 14:39:09,591 [Worker-42: Building] INFO  o.e.m.w.i.f.ResourceFilteringBuildParticipant - Changed resources require a complete clean of filtered resources of bombero
2025-06-09 14:39:09,591 [Worker-42: Building] INFO  o.e.m.w.i.f.ResourceFilteringBuildParticipant - Executing resource filtering for bombero
2025-06-09 14:39:12,106 [Worker-41: Cleaning all projects] INFO  o.e.m.w.i.f.ResourceFilteringBuildParticipant - Cleaning filtered folder for bombero
2025-06-09 14:39:12,642 [Worker-41: Building] INFO  o.a.m.s.f.DefaultMavenResourcesFiltering - Copying 1 resource from src\main\resources to target\classes
2025-06-09 14:39:12,645 [Worker-41: Building] INFO  o.a.m.s.f.DefaultMavenResourcesFiltering - Copying 16 resources from src\main\resources to target\classes
2025-06-09 14:39:12,684 [Worker-41: Building] INFO  o.a.m.s.f.DefaultMavenResourcesFiltering - skip non existing resourceDirectory C:\src\proyectobomber\JavaWorskpace\bombero\src\test\resources
2025-06-09 14:39:12,684 [Worker-41: Building] INFO  o.e.m.w.i.f.ResourceFilteringBuildParticipant - Changed resources require a complete clean of filtered resources of bombero
2025-06-09 14:39:12,685 [Worker-41: Building] INFO  o.e.m.w.i.f.ResourceFilteringBuildParticipant - Executing resource filtering for bombero
2025-06-09 14:40:47,961 [Worker-40: Building] INFO  o.a.m.s.f.DefaultMavenResourcesFiltering - Copying 1 resource from src\main\resources to target\classes
2025-06-09 14:40:47,966 [Worker-40: Building] INFO  o.a.m.s.f.DefaultMavenResourcesFiltering - Copying 16 resources from src\main\resources to target\classes
2025-06-09 14:40:47,973 [Worker-40: Building] INFO  o.a.m.s.f.DefaultMavenResourcesFiltering - skip non existing resourceDirectory C:\src\proyectobomber\JavaWorskpace\bombero\src\test\resources
2025-06-09 14:47:09,493 [Worker-43: Cleaning all projects] INFO  o.e.m.w.i.f.ResourceFilteringBuildParticipant - Cleaning filtered folder for bombero
2025-06-09 14:47:09,907 [Worker-46: Building] INFO  o.a.m.s.f.DefaultMavenResourcesFiltering - Copying 1 resource from src\main\resources to target\classes
2025-06-09 14:47:09,909 [Worker-46: Building] INFO  o.a.m.s.f.DefaultMavenResourcesFiltering - Copying 17 resources from src\main\resources to target\classes
2025-06-09 14:47:09,936 [Worker-46: Building] INFO  o.a.m.s.f.DefaultMavenResourcesFiltering - skip non existing resourceDirectory C:\src\proyectobomber\JavaWorskpace\bombero\src\test\resources
2025-06-09 14:47:09,936 [Worker-46: Building] INFO  o.e.m.w.i.f.ResourceFilteringBuildParticipant - Changed resources require a complete clean of filtered resources of bombero
2025-06-09 14:47:09,936 [Worker-46: Building] INFO  o.e.m.w.i.f.ResourceFilteringBuildParticipant - Executing resource filtering for bombero
2025-06-09 14:48:11,529 [Worker-47: Cleaning all projects] INFO  o.e.m.w.i.f.ResourceFilteringBuildParticipant - Cleaning filtered folder for bombero
2025-06-09 14:48:11,996 [Worker-46: Building] INFO  o.a.m.s.f.DefaultMavenResourcesFiltering - Copying 1 resource from src\main\resources to target\classes
2025-06-09 14:48:11,997 [Worker-46: Building] INFO  o.a.m.s.f.DefaultMavenResourcesFiltering - Copying 17 resources from src\main\resources to target\classes
2025-06-09 14:48:12,019 [Worker-46: Building] INFO  o.a.m.s.f.DefaultMavenResourcesFiltering - skip non existing resourceDirectory C:\src\proyectobomber\JavaWorskpace\bombero\src\test\resources
2025-06-09 14:48:12,020 [Worker-46: Building] INFO  o.e.m.w.i.f.ResourceFilteringBuildParticipant - Changed resources require a complete clean of filtered resources of bombero
2025-06-09 14:48:12,020 [Worker-46: Building] INFO  o.e.m.w.i.f.ResourceFilteringBuildParticipant - Executing resource filtering for bombero
2025-06-09 14:48:53,493 [Worker-46: Building] INFO  o.a.m.s.f.DefaultMavenResourcesFiltering - Copying 1 resource from src\main\resources to target\classes
2025-06-09 14:48:53,500 [Worker-46: Building] INFO  o.a.m.s.f.DefaultMavenResourcesFiltering - Copying 17 resources from src\main\resources to target\classes
2025-06-09 14:48:53,507 [Worker-46: Building] INFO  o.a.m.s.f.DefaultMavenResourcesFiltering - skip non existing resourceDirectory C:\src\proyectobomber\JavaWorskpace\bombero\src\test\resources
2025-06-09 14:50:33,240 [Worker-40: Cleaning all projects] INFO  o.e.m.w.i.f.ResourceFilteringBuildParticipant - Cleaning filtered folder for bombero
2025-06-09 14:50:33,682 [Worker-40: Building] INFO  o.a.m.s.f.DefaultMavenResourcesFiltering - Copying 1 resource from src\main\resources to target\classes
2025-06-09 14:50:33,683 [Worker-40: Building] INFO  o.a.m.s.f.DefaultMavenResourcesFiltering - Copying 17 resources from src\main\resources to target\classes
2025-06-09 14:50:33,703 [Worker-40: Building] INFO  o.a.m.s.f.DefaultMavenResourcesFiltering - skip non existing resourceDirectory C:\src\proyectobomber\JavaWorskpace\bombero\src\test\resources
2025-06-09 14:50:33,703 [Worker-40: Building] INFO  o.e.m.w.i.f.ResourceFilteringBuildParticipant - Changed resources require a complete clean of filtered resources of bombero
2025-06-09 14:50:33,703 [Worker-40: Building] INFO  o.e.m.w.i.f.ResourceFilteringBuildParticipant - Executing resource filtering for bombero
2025-06-09 14:53:22,442 [Worker-45: Cleaning all projects] INFO  o.e.m.w.i.f.ResourceFilteringBuildParticipant - Cleaning filtered folder for bombero
2025-06-09 14:53:22,807 [Worker-49: Building] INFO  o.a.m.s.f.DefaultMavenResourcesFiltering - Copying 1 resource from src\main\resources to target\classes
2025-06-09 14:53:22,809 [Worker-49: Building] INFO  o.a.m.s.f.DefaultMavenResourcesFiltering - Copying 17 resources from src\main\resources to target\classes
2025-06-09 14:53:22,829 [Worker-49: Building] INFO  o.a.m.s.f.DefaultMavenResourcesFiltering - skip non existing resourceDirectory C:\src\proyectobomber\JavaWorskpace\bombero\src\test\resources
2025-06-09 14:53:22,830 [Worker-49: Building] INFO  o.e.m.w.i.f.ResourceFilteringBuildParticipant - Changed resources require a complete clean of filtered resources of bombero
2025-06-09 14:53:22,830 [Worker-49: Building] INFO  o.e.m.w.i.f.ResourceFilteringBuildParticipant - Executing resource filtering for bombero
2025-06-09 14:55:06,418 [Worker-49: Cleaning all projects] INFO  o.e.m.w.i.f.ResourceFilteringBuildParticipant - Cleaning filtered folder for bombero
2025-06-09 14:55:06,846 [Worker-6: Building] INFO  o.a.m.s.f.DefaultMavenResourcesFiltering - Copying 1 resource from src\main\resources to target\classes
2025-06-09 14:55:06,848 [Worker-6: Building] INFO  o.a.m.s.f.DefaultMavenResourcesFiltering - Copying 17 resources from src\main\resources to target\classes
2025-06-09 14:55:06,871 [Worker-6: Building] INFO  o.a.m.s.f.DefaultMavenResourcesFiltering - skip non existing resourceDirectory C:\src\proyectobomber\JavaWorskpace\bombero\src\test\resources
2025-06-09 14:55:06,872 [Worker-6: Building] INFO  o.e.m.w.i.f.ResourceFilteringBuildParticipant - Changed resources require a complete clean of filtered resources of bombero
2025-06-09 14:55:06,872 [Worker-6: Building] INFO  o.e.m.w.i.f.ResourceFilteringBuildParticipant - Executing resource filtering for bombero
2025-06-10 13:26:48,908 [Worker-7: Loading available Gradle versions] INFO  o.e.b.c.i.u.g.PublishedGradleVersions - Gradle version information cache is out-of-date. Trying to update.
2025-06-10 13:26:50,189 [Worker-7: Loading available Gradle versions] ERROR o.e.b.c.i.u.g.PublishedGradleVersions - Cannot write Gradle version information cache file.
java.io.FileNotFoundException: C:\Users\user\.cache\tooling\gradle\versions.json (Acceso denegado)
	at java.base/java.io.FileOutputStream.open0(Native Method)
	at java.base/java.io.FileOutputStream.open(FileOutputStream.java:289)
	at java.base/java.io.FileOutputStream.<init>(FileOutputStream.java:230)
	at com.google.common.io.Files$FileByteSink.openStream(Files.java:197)
	at com.google.common.io.Files$FileByteSink.openStream(Files.java:185)
	at com.google.common.io.ByteSink$AsCharSink.openStream(ByteSink.java:152)
	at com.google.common.io.CharSource$StringCharSource.copyTo(CharSource.java:662)
	at org.eclipse.buildship.core.internal.util.gradle.PublishedGradleVersions.storeCacheVersionsFile(PublishedGradleVersions.java:184)
	at org.eclipse.buildship.core.internal.util.gradle.PublishedGradleVersions.tryToDownloadAndCacheVersions(PublishedGradleVersions.java:150)
	at org.eclipse.buildship.core.internal.util.gradle.PublishedGradleVersions.tryToUpdateOutdatedVersionsFile(PublishedGradleVersions.java:133)
	at org.eclipse.buildship.core.internal.util.gradle.PublishedGradleVersions.create(PublishedGradleVersions.java:117)
	at org.eclipse.buildship.core.internal.util.gradle.PublishedGradleVersionsWrapper$LoadVersionsJob.run(PublishedGradleVersionsWrapper.java:73)
	at org.eclipse.core.internal.jobs.Worker.run(Worker.java:63)
2025-06-10 16:12:07,656 [Worker-53: Cleaning all projects] INFO  o.e.m.w.i.f.ResourceFilteringBuildParticipant - Cleaning filtered folder for bombero
2025-06-10 16:12:11,268 [Worker-62: Building] INFO  o.a.m.s.f.DefaultMavenResourcesFiltering - Copying 1 resource from src\main\resources to target\classes
2025-06-10 16:12:11,302 [Worker-62: Building] INFO  o.a.m.s.f.DefaultMavenResourcesFiltering - Copying 17 resources from src\main\resources to target\classes
2025-06-10 16:12:11,359 [Worker-62: Building] INFO  o.a.m.s.f.DefaultMavenResourcesFiltering - skip non existing resourceDirectory C:\src\proyectobomber\JavaWorskpace\bombero\src\test\resources
2025-06-10 16:12:11,360 [Worker-62: Building] INFO  o.e.m.w.i.f.ResourceFilteringBuildParticipant - Changed resources require a complete clean of filtered resources of bombero
2025-06-10 16:12:11,361 [Worker-62: Building] INFO  o.e.m.w.i.f.ResourceFilteringBuildParticipant - Executing resource filtering for bombero
2025-06-10 16:16:15,176 [Worker-62: Cleaning all projects] INFO  o.e.m.w.i.f.ResourceFilteringBuildParticipant - Cleaning filtered folder for bombero
2025-06-10 16:16:15,745 [Worker-64: Building] INFO  o.a.m.s.f.DefaultMavenResourcesFiltering - Copying 1 resource from src\main\resources to target\classes
2025-06-10 16:16:15,748 [Worker-64: Building] INFO  o.a.m.s.f.DefaultMavenResourcesFiltering - Copying 17 resources from src\main\resources to target\classes
2025-06-10 16:16:15,779 [Worker-64: Building] INFO  o.a.m.s.f.DefaultMavenResourcesFiltering - skip non existing resourceDirectory C:\src\proyectobomber\JavaWorskpace\bombero\src\test\resources
2025-06-10 16:16:15,779 [Worker-64: Building] INFO  o.e.m.w.i.f.ResourceFilteringBuildParticipant - Changed resources require a complete clean of filtered resources of bombero
2025-06-10 16:16:15,779 [Worker-64: Building] INFO  o.e.m.w.i.f.ResourceFilteringBuildParticipant - Executing resource filtering for bombero
2025-06-10 16:18:48,530 [Worker-64: Cleaning all projects] INFO  o.e.m.w.i.f.ResourceFilteringBuildParticipant - Cleaning filtered folder for bombero
2025-06-10 16:18:49,101 [Worker-62: Building] INFO  o.a.m.s.f.DefaultMavenResourcesFiltering - Copying 1 resource from src\main\resources to target\classes
2025-06-10 16:18:49,104 [Worker-62: Building] INFO  o.a.m.s.f.DefaultMavenResourcesFiltering - Copying 17 resources from src\main\resources to target\classes
2025-06-10 16:18:49,137 [Worker-62: Building] INFO  o.a.m.s.f.DefaultMavenResourcesFiltering - skip non existing resourceDirectory C:\src\proyectobomber\JavaWorskpace\bombero\src\test\resources
2025-06-10 16:18:49,137 [Worker-62: Building] INFO  o.e.m.w.i.f.ResourceFilteringBuildParticipant - Changed resources require a complete clean of filtered resources of bombero
2025-06-10 16:18:49,137 [Worker-62: Building] INFO  o.e.m.w.i.f.ResourceFilteringBuildParticipant - Executing resource filtering for bombero
2025-06-10 16:21:07,735 [Worker-67: Building] INFO  o.a.m.s.f.DefaultMavenResourcesFiltering - Copying 1 resource from src\main\resources to target\classes
2025-06-10 16:21:07,744 [Worker-67: Building] INFO  o.a.m.s.f.DefaultMavenResourcesFiltering - Copying 17 resources from src\main\resources to target\classes
2025-06-10 16:21:07,754 [Worker-67: Building] INFO  o.a.m.s.f.DefaultMavenResourcesFiltering - skip non existing resourceDirectory C:\src\proyectobomber\JavaWorskpace\bombero\src\test\resources
2025-06-10 16:21:30,187 [Worker-65: Cleaning all projects] INFO  o.e.m.w.i.f.ResourceFilteringBuildParticipant - Cleaning filtered folder for bombero
2025-06-10 16:21:30,664 [Worker-66: Building] INFO  o.a.m.s.f.DefaultMavenResourcesFiltering - Copying 1 resource from src\main\resources to target\classes
2025-06-10 16:21:30,666 [Worker-66: Building] INFO  o.a.m.s.f.DefaultMavenResourcesFiltering - Copying 17 resources from src\main\resources to target\classes
2025-06-10 16:21:30,698 [Worker-66: Building] INFO  o.a.m.s.f.DefaultMavenResourcesFiltering - skip non existing resourceDirectory C:\src\proyectobomber\JavaWorskpace\bombero\src\test\resources
2025-06-10 16:21:30,699 [Worker-66: Building] INFO  o.e.m.w.i.f.ResourceFilteringBuildParticipant - Changed resources require a complete clean of filtered resources of bombero
2025-06-10 16:21:30,699 [Worker-66: Building] INFO  o.e.m.w.i.f.ResourceFilteringBuildParticipant - Executing resource filtering for bombero
2025-06-10 16:24:02,543 [Worker-65: Cleaning all projects] INFO  o.e.m.w.i.f.ResourceFilteringBuildParticipant - Cleaning filtered folder for bombero
2025-06-10 16:24:02,986 [Worker-65: Building] INFO  o.a.m.s.f.DefaultMavenResourcesFiltering - Copying 1 resource from src\main\resources to target\classes
2025-06-10 16:24:02,988 [Worker-65: Building] INFO  o.a.m.s.f.DefaultMavenResourcesFiltering - Copying 17 resources from src\main\resources to target\classes
2025-06-10 16:24:03,013 [Worker-65: Building] INFO  o.a.m.s.f.DefaultMavenResourcesFiltering - skip non existing resourceDirectory C:\src\proyectobomber\JavaWorskpace\bombero\src\test\resources
2025-06-10 16:24:03,013 [Worker-65: Building] INFO  o.e.m.w.i.f.ResourceFilteringBuildParticipant - Changed resources require a complete clean of filtered resources of bombero
2025-06-10 16:24:03,014 [Worker-65: Building] INFO  o.e.m.w.i.f.ResourceFilteringBuildParticipant - Executing resource filtering for bombero
2025-06-10 16:33:31,342 [Worker-72: Building] INFO  o.a.m.s.f.DefaultMavenResourcesFiltering - Copying 1 resource from src\main\resources to target\classes
2025-06-10 16:33:31,350 [Worker-72: Building] INFO  o.a.m.s.f.DefaultMavenResourcesFiltering - Copying 17 resources from src\main\resources to target\classes
2025-06-10 16:33:31,365 [Worker-72: Building] INFO  o.a.m.s.f.DefaultMavenResourcesFiltering - skip non existing resourceDirectory C:\src\proyectobomber\JavaWorskpace\bombero\src\test\resources
2025-06-10 16:35:57,268 [Worker-71: Cleaning all projects] INFO  o.e.m.w.i.f.ResourceFilteringBuildParticipant - Cleaning filtered folder for bombero
2025-06-10 16:35:57,831 [Worker-65: Building] INFO  o.a.m.s.f.DefaultMavenResourcesFiltering - Copying 1 resource from src\main\resources to target\classes
2025-06-10 16:35:57,834 [Worker-65: Building] INFO  o.a.m.s.f.DefaultMavenResourcesFiltering - Copying 17 resources from src\main\resources to target\classes
2025-06-10 16:35:57,873 [Worker-65: Building] INFO  o.a.m.s.f.DefaultMavenResourcesFiltering - skip non existing resourceDirectory C:\src\proyectobomber\JavaWorskpace\bombero\src\test\resources
2025-06-10 16:35:57,874 [Worker-65: Building] INFO  o.e.m.w.i.f.ResourceFilteringBuildParticipant - Changed resources require a complete clean of filtered resources of bombero
2025-06-10 16:35:57,874 [Worker-65: Building] INFO  o.e.m.w.i.f.ResourceFilteringBuildParticipant - Executing resource filtering for bombero
2025-06-10 16:40:03,514 [Worker-75: Building] INFO  o.a.m.s.f.DefaultMavenResourcesFiltering - Copying 1 resource from src\main\resources to target\classes
2025-06-10 16:40:03,521 [Worker-75: Building] INFO  o.a.m.s.f.DefaultMavenResourcesFiltering - Copying 17 resources from src\main\resources to target\classes
2025-06-10 16:40:03,533 [Worker-75: Building] INFO  o.a.m.s.f.DefaultMavenResourcesFiltering - skip non existing resourceDirectory C:\src\proyectobomber\JavaWorskpace\bombero\src\test\resources
2025-06-10 16:40:07,305 [Worker-74: Cleaning all projects] INFO  o.e.m.w.i.f.ResourceFilteringBuildParticipant - Cleaning filtered folder for bombero
2025-06-10 16:40:07,826 [Worker-67: Building] INFO  o.a.m.s.f.DefaultMavenResourcesFiltering - Copying 1 resource from src\main\resources to target\classes
2025-06-10 16:40:07,829 [Worker-67: Building] INFO  o.a.m.s.f.DefaultMavenResourcesFiltering - Copying 17 resources from src\main\resources to target\classes
2025-06-10 16:40:07,884 [Worker-67: Building] INFO  o.a.m.s.f.DefaultMavenResourcesFiltering - skip non existing resourceDirectory C:\src\proyectobomber\JavaWorskpace\bombero\src\test\resources
2025-06-10 16:40:07,885 [Worker-67: Building] INFO  o.e.m.w.i.f.ResourceFilteringBuildParticipant - Changed resources require a complete clean of filtered resources of bombero
2025-06-10 16:40:07,886 [Worker-67: Building] INFO  o.e.m.w.i.f.ResourceFilteringBuildParticipant - Executing resource filtering for bombero
2025-06-10 16:40:21,588 [Worker-78: Building] INFO  o.a.m.s.f.DefaultMavenResourcesFiltering - Copying 1 resource from src\main\resources to target\classes
2025-06-10 16:40:21,594 [Worker-78: Building] INFO  o.a.m.s.f.DefaultMavenResourcesFiltering - Copying 17 resources from src\main\resources to target\classes
2025-06-10 16:40:21,604 [Worker-78: Building] INFO  o.a.m.s.f.DefaultMavenResourcesFiltering - skip non existing resourceDirectory C:\src\proyectobomber\JavaWorskpace\bombero\src\test\resources
2025-06-10 17:03:54,196 [Worker-80: Cleaning all projects] INFO  o.e.m.w.i.f.ResourceFilteringBuildParticipant - Cleaning filtered folder for bombero
2025-06-10 17:03:54,706 [Worker-76: Building] INFO  o.a.m.s.f.DefaultMavenResourcesFiltering - Copying 1 resource from src\main\resources to target\classes
2025-06-10 17:03:54,708 [Worker-76: Building] INFO  o.a.m.s.f.DefaultMavenResourcesFiltering - Copying 17 resources from src\main\resources to target\classes
2025-06-10 17:03:54,733 [Worker-76: Building] INFO  o.a.m.s.f.DefaultMavenResourcesFiltering - skip non existing resourceDirectory C:\src\proyectobomber\JavaWorskpace\bombero\src\test\resources
2025-06-10 17:03:54,734 [Worker-76: Building] INFO  o.e.m.w.i.f.ResourceFilteringBuildParticipant - Changed resources require a complete clean of filtered resources of bombero
2025-06-10 17:03:54,734 [Worker-76: Building] INFO  o.e.m.w.i.f.ResourceFilteringBuildParticipant - Executing resource filtering for bombero
2025-06-10 17:11:19,231 [Worker-84: Building] INFO  o.a.m.s.f.DefaultMavenResourcesFiltering - Copying 1 resource from src\main\resources to target\classes
2025-06-10 17:11:19,237 [Worker-84: Building] INFO  o.a.m.s.f.DefaultMavenResourcesFiltering - Copying 17 resources from src\main\resources to target\classes
2025-06-10 17:11:19,247 [Worker-84: Building] INFO  o.a.m.s.f.DefaultMavenResourcesFiltering - skip non existing resourceDirectory C:\src\proyectobomber\JavaWorskpace\bombero\src\test\resources
2025-06-10 17:11:46,735 [Worker-9: Cleaning all projects] INFO  o.e.m.w.i.f.ResourceFilteringBuildParticipant - Cleaning filtered folder for bombero
2025-06-10 17:11:47,178 [Worker-9: Building] INFO  o.a.m.s.f.DefaultMavenResourcesFiltering - Copying 1 resource from src\main\resources to target\classes
2025-06-10 17:11:47,181 [Worker-9: Building] INFO  o.a.m.s.f.DefaultMavenResourcesFiltering - Copying 17 resources from src\main\resources to target\classes
2025-06-10 17:11:47,208 [Worker-9: Building] INFO  o.a.m.s.f.DefaultMavenResourcesFiltering - skip non existing resourceDirectory C:\src\proyectobomber\JavaWorskpace\bombero\src\test\resources
2025-06-10 17:11:47,208 [Worker-9: Building] INFO  o.e.m.w.i.f.ResourceFilteringBuildParticipant - Changed resources require a complete clean of filtered resources of bombero
2025-06-10 17:11:47,208 [Worker-9: Building] INFO  o.e.m.w.i.f.ResourceFilteringBuildParticipant - Executing resource filtering for bombero
2025-06-10 17:20:14,909 [Worker-91: Cleaning all projects] INFO  o.e.m.w.i.f.ResourceFilteringBuildParticipant - Cleaning filtered folder for bombero
2025-06-10 17:20:15,317 [Worker-99: Building] INFO  o.a.m.s.f.DefaultMavenResourcesFiltering - Copying 1 resource from src\main\resources to target\classes
2025-06-10 17:20:15,319 [Worker-99: Building] INFO  o.a.m.s.f.DefaultMavenResourcesFiltering - Copying 17 resources from src\main\resources to target\classes
2025-06-10 17:20:15,354 [Worker-99: Building] INFO  o.a.m.s.f.DefaultMavenResourcesFiltering - skip non existing resourceDirectory C:\src\proyectobomber\JavaWorskpace\bombero\src\test\resources
2025-06-10 17:20:15,354 [Worker-99: Building] INFO  o.e.m.w.i.f.ResourceFilteringBuildParticipant - Changed resources require a complete clean of filtered resources of bombero
2025-06-10 17:20:15,354 [Worker-99: Building] INFO  o.e.m.w.i.f.ResourceFilteringBuildParticipant - Executing resource filtering for bombero
2025-06-10 17:27:06,074 [Worker-92: Cleaning all projects] INFO  o.e.m.w.i.f.ResourceFilteringBuildParticipant - Cleaning filtered folder for bombero
2025-06-10 17:27:06,525 [Worker-92: Building] INFO  o.a.m.s.f.DefaultMavenResourcesFiltering - Copying 1 resource from src\main\resources to target\classes
2025-06-10 17:27:06,528 [Worker-92: Building] INFO  o.a.m.s.f.DefaultMavenResourcesFiltering - Copying 17 resources from src\main\resources to target\classes
2025-06-10 17:27:06,563 [Worker-92: Building] INFO  o.a.m.s.f.DefaultMavenResourcesFiltering - skip non existing resourceDirectory C:\src\proyectobomber\JavaWorskpace\bombero\src\test\resources
2025-06-10 17:27:06,563 [Worker-92: Building] INFO  o.e.m.w.i.f.ResourceFilteringBuildParticipant - Changed resources require a complete clean of filtered resources of bombero
2025-06-10 17:27:06,563 [Worker-92: Building] INFO  o.e.m.w.i.f.ResourceFilteringBuildParticipant - Executing resource filtering for bombero
2025-06-10 17:28:52,435 [Worker-101: Cleaning all projects] INFO  o.e.m.w.i.f.ResourceFilteringBuildParticipant - Cleaning filtered folder for bombero
2025-06-10 17:28:52,826 [Worker-107: Building] INFO  o.a.m.s.f.DefaultMavenResourcesFiltering - Copying 1 resource from src\main\resources to target\classes
2025-06-10 17:28:52,828 [Worker-107: Building] INFO  o.a.m.s.f.DefaultMavenResourcesFiltering - Copying 17 resources from src\main\resources to target\classes
2025-06-10 17:28:52,854 [Worker-107: Building] INFO  o.a.m.s.f.DefaultMavenResourcesFiltering - skip non existing resourceDirectory C:\src\proyectobomber\JavaWorskpace\bombero\src\test\resources
2025-06-10 17:28:52,855 [Worker-107: Building] INFO  o.e.m.w.i.f.ResourceFilteringBuildParticipant - Changed resources require a complete clean of filtered resources of bombero
2025-06-10 17:28:52,855 [Worker-107: Building] INFO  o.e.m.w.i.f.ResourceFilteringBuildParticipant - Executing resource filtering for bombero
2025-06-10 17:34:17,660 [Worker-101: Cleaning all projects] INFO  o.e.m.w.i.f.ResourceFilteringBuildParticipant - Cleaning filtered folder for bombero
2025-06-10 17:34:18,071 [Worker-109: Building] INFO  o.a.m.s.f.DefaultMavenResourcesFiltering - Copying 1 resource from src\main\resources to target\classes
2025-06-10 17:34:18,073 [Worker-109: Building] INFO  o.a.m.s.f.DefaultMavenResourcesFiltering - Copying 17 resources from src\main\resources to target\classes
2025-06-10 17:34:18,107 [Worker-109: Building] INFO  o.a.m.s.f.DefaultMavenResourcesFiltering - skip non existing resourceDirectory C:\src\proyectobomber\JavaWorskpace\bombero\src\test\resources
2025-06-10 17:34:18,108 [Worker-109: Building] INFO  o.e.m.w.i.f.ResourceFilteringBuildParticipant - Changed resources require a complete clean of filtered resources of bombero
2025-06-10 17:34:18,108 [Worker-109: Building] INFO  o.e.m.w.i.f.ResourceFilteringBuildParticipant - Executing resource filtering for bombero
2025-06-13 13:49:51,253 [Worker-2: Loading available Gradle versions] INFO  o.e.b.c.i.u.g.PublishedGradleVersions - Gradle version information cache is out-of-date. Trying to update.
2025-06-13 13:49:53,569 [Worker-2: Loading available Gradle versions] ERROR o.e.b.c.i.u.g.PublishedGradleVersions - Cannot write Gradle version information cache file.
java.io.FileNotFoundException: C:\Users\user\.cache\tooling\gradle\versions.json (Acceso denegado)
	at java.base/java.io.FileOutputStream.open0(Native Method)
	at java.base/java.io.FileOutputStream.open(FileOutputStream.java:289)
	at java.base/java.io.FileOutputStream.<init>(FileOutputStream.java:230)
	at com.google.common.io.Files$FileByteSink.openStream(Files.java:197)
	at com.google.common.io.Files$FileByteSink.openStream(Files.java:185)
	at com.google.common.io.ByteSink$AsCharSink.openStream(ByteSink.java:152)
	at com.google.common.io.CharSource$StringCharSource.copyTo(CharSource.java:662)
	at org.eclipse.buildship.core.internal.util.gradle.PublishedGradleVersions.storeCacheVersionsFile(PublishedGradleVersions.java:184)
	at org.eclipse.buildship.core.internal.util.gradle.PublishedGradleVersions.tryToDownloadAndCacheVersions(PublishedGradleVersions.java:150)
	at org.eclipse.buildship.core.internal.util.gradle.PublishedGradleVersions.tryToUpdateOutdatedVersionsFile(PublishedGradleVersions.java:133)
	at org.eclipse.buildship.core.internal.util.gradle.PublishedGradleVersions.create(PublishedGradleVersions.java:117)
	at org.eclipse.buildship.core.internal.util.gradle.PublishedGradleVersionsWrapper$LoadVersionsJob.run(PublishedGradleVersionsWrapper.java:73)
	at org.eclipse.core.internal.jobs.Worker.run(Worker.java:63)
2025-06-15 18:04:39,025 [Worker-2: Loading available Gradle versions] INFO  o.e.b.c.i.u.g.PublishedGradleVersions - Gradle version information cache is out-of-date. Trying to update.
2025-06-15 18:04:40,898 [Worker-2: Loading available Gradle versions] ERROR o.e.b.c.i.u.g.PublishedGradleVersions - Cannot write Gradle version information cache file.
java.io.FileNotFoundException: C:\Users\user\.cache\tooling\gradle\versions.json (Acceso denegado)
	at java.base/java.io.FileOutputStream.open0(Native Method)
	at java.base/java.io.FileOutputStream.open(FileOutputStream.java:289)
	at java.base/java.io.FileOutputStream.<init>(FileOutputStream.java:230)
	at com.google.common.io.Files$FileByteSink.openStream(Files.java:197)
	at com.google.common.io.Files$FileByteSink.openStream(Files.java:185)
	at com.google.common.io.ByteSink$AsCharSink.openStream(ByteSink.java:152)
	at com.google.common.io.CharSource$StringCharSource.copyTo(CharSource.java:662)
	at org.eclipse.buildship.core.internal.util.gradle.PublishedGradleVersions.storeCacheVersionsFile(PublishedGradleVersions.java:184)
	at org.eclipse.buildship.core.internal.util.gradle.PublishedGradleVersions.tryToDownloadAndCacheVersions(PublishedGradleVersions.java:150)
	at org.eclipse.buildship.core.internal.util.gradle.PublishedGradleVersions.tryToUpdateOutdatedVersionsFile(PublishedGradleVersions.java:133)
	at org.eclipse.buildship.core.internal.util.gradle.PublishedGradleVersions.create(PublishedGradleVersions.java:117)
	at org.eclipse.buildship.core.internal.util.gradle.PublishedGradleVersionsWrapper$LoadVersionsJob.run(PublishedGradleVersionsWrapper.java:73)
	at org.eclipse.core.internal.jobs.Worker.run(Worker.java:63)
